#
# A fatal error has been detected by the Java Runtime Environment:
#
#  EXCEPTION_ACCESS_VIOLATION (0xc0000005) at pc=0x00007ffeac5ce776, pid=10584, tid=19308
#
# JRE version: OpenJDK Runtime Environment (26.0.1+8) (build 26.0.1+8-34)
# Java VM: OpenJDK 64-Bit Server VM (26.0.1+8-34, mixed mode, sharing, tiered, compressed oops, compressed class ptrs, g1 gc, windows-amd64)
# Problematic frame:
# C  [awt.dll+0xde776]
#
# No core dump will be written. Minidumps are not enabled by default on client versions of Windows
#
# If you would like to submit a bug report, please visit:
#   https://bugreport.java.com/bugreport/crash.jsp
# The crash happened outside the Java Virtual Machine in native code.
# See problematic frame for where to report the bug.
#

---------------  S U M M A R Y ------------

Command Line: -javaagent:C:\Program Files\JetBrains\IntelliJ IDEA 2026.1\lib\idea_rt.jar=56416 -Dfile.encoding=UTF-8 -Dsun.stdout.encoding=UTF-8 -Dsun.stderr.encoding=UTF-8 db.Principal

Host: AMD Ryzen 5 5600G with Radeon Graphics         , 12 cores, 31G,  Windows 11 , 64 bit Build 26100 (10.0.26100.8328)
Time: Tue Jun  2 20:53:34 2026 Hora est. Pacífico, Sudamérica elapsed time: 836.602880 seconds (0d 0h 13m 56s)

---------------  T H R E A D  ---------------

Current thread (0x000001ea0c766180):  JavaThread "AWT-EventQueue-0"        [_thread_in_native, id=19308, stack(0x0000002615f00000,0x0000002616000000) (1024K)]

Stack: [0x0000002615f00000,0x0000002616000000],  sp=0x0000002615ffebf0,  free space=1018k
Native frames: (J=compiled Java code, j=interpreted, Vv=VM code, C=native code)
C  [awt.dll+0xde776]  (no source info available)
C  [awt.dll+0xe0062]  (no source info available)
C  0x000001ea712dd4f3  (no source info available)

The last pc belongs to native method entry point (kind = native) (printed below).
Java frames: (J=compiled Java code, j=interpreted, Vv=VM code)
j  sun.awt.Win32GraphicsDevice.initNativeScale(I)V+0 java.desktop@26.0.1
j  sun.awt.Win32GraphicsDevice.initScaleFactors()V+60 java.desktop@26.0.1
j  sun.awt.Win32GraphicsDevice.displayChanged()V+16 java.desktop@26.0.1
j  sun.java2d.d3d.D3DGraphicsDevice.displayChanged()V+1 java.desktop@26.0.1
j  sun.awt.Win32GraphicsEnvironment.displayChanged()V+271 java.desktop@26.0.1
j  sun.awt.windows.WToolkit.lambda$displayChanged$0()V+15 java.desktop@26.0.1
j  sun.awt.windows.WToolkit$$Lambda+0x000000009525ecc0.run()V+0 java.desktop@26.0.1
J 3881 c2 java.awt.EventQueue.dispatchEvent(Ljava/awt/AWTEvent;)V java.desktop@26.0.1 (48 bytes) @ 0x000001ea719c8aa8 [0x000001ea719c8700+0x00000000000003a8]
J 3600 c2 java.awt.EventDispatchThread.pumpOneEventForFilters(I)V java.desktop@26.0.1 (106 bytes) @ 0x000001ea7199ab04 [0x000001ea7199a480+0x0000000000000684]
j  java.awt.EventDispatchThread.pumpEventsForFilter(ILjava/awt/Conditional;Ljava/awt/EventFilter;)V+35 java.desktop@26.0.1
j  java.awt.EventDispatchThread.pumpEventsForHierarchy(ILjava/awt/Conditional;Ljava/awt/Component;)V+11 java.desktop@26.0.1
j  java.awt.EventDispatchThread.pumpEvents(ILjava/awt/Conditional;)V+4 java.desktop@26.0.1
j  java.awt.EventDispatchThread.pumpEvents(Ljava/awt/Conditional;)V+3 java.desktop@26.0.1
j  java.awt.EventDispatchThread.run()V+9 java.desktop@26.0.1
v  ~StubRoutines::Stub Generator call_stub_stub 0x000001ea712d18e2

siginfo: EXCEPTION_ACCESS_VIOLATION (0xc0000005), reading address 0x00000000400007d0


Registers:
RAX=0x0000000040000780, RBX=0x000001ea15f53770, RCX=0x0000000040000780, RDX=0x0000000000000000
RSP=0x0000002615ffebf0, RBP=0x0000002615ffecd0, RSI=0x0000000000000000, RDI=0x0000000000000000
R8 =0x0000000000000001, R9 =0x0000002614244000, R10=0x000001ea712dd593, R11=0x0000000000000100
R12=0x0000000000000000, R13=0x000001ea082c8ae8, R14=0x0000002615ffecf8, R15=0x000001ea0c766180
RIP=0x00007ffeac5ce776, EFLAGS=0x0000000000010206

XMM[0]=0x0000000000000000 0x0000000000000000
XMM[1]=0x0000000000000000 0x00000000bf800000
XMM[2]=0x0000000000000000 0x0000000000000000
XMM[3]=0x0000000000000000 0x0000000000000000
XMM[4]=0x0000000000000000 0x0000000000000000
XMM[5]=0x0000000000000000 0x0000000000000000
XMM[6]=0x0000000000000000 0x8fc30fe66c9d5dfb
XMM[7]=0x0000000000000000 0xb76c25743618890c
XMM[8]=0x0000000000000000 0x97058b370aa274b1
XMM[9]=0x0000000000000000 0x9e932d087ee8b7e0
XMM[10]=0x0000000000000000 0x00000000e0558ad8
XMM[11]=0x0000000000000000 0x69f3b40de8dc6bed
XMM[12]=0x0000000000000000 0x000000007ee8b7e0
XMM[13]=0x0000000000000000 0x0000a91ba4150dce
XMM[14]=0x0000000000000000 0x0001cc0a2c01acf9
XMM[15]=0x0000000000000000 0x000049bc1c2321f0
  MXCSR=0x00001fa2


Register to memory mapping:

RAX=0x0000000040000780 is an unknown value
RBX=0x000001ea15f53770 points into unknown readable memory: 0x000001ea15e71f10 | 10 1f e7 15 ea 01 00 00
RCX=0x0000000040000780 is an unknown value
RDX=0x0 is null
RSP=0x0000002615ffebf0 is pointing into the stack for thread: 0x000001ea0c766180
RBP=0x0000002615ffecd0 is pointing into the stack for thread: 0x000001ea0c766180
RSI=0x0 is null
RDI=0x0 is null
R8 =0x0000000000000001 is an unknown value
R9 =0x0000002614244000 points into unknown readable memory: 0x0000000000000000 | 00 00 00 00 00 00 00 00
R10=0x000001ea712dd593 is at code_begin+1139 in an Interpreter codelet
native method entry point (kind = native)  [0x000001ea712dd120, 0x000001ea712ddc10]  2800 bytes
R11=0x0000000000000100 is an unknown value
R12=0x0 is null
R13={method} {0x000001ea082c8af0} 'initNativeScale' '(I)V' in 'sun/awt/Win32GraphicsDevice'
R14=0x0000002615ffecf8 is pointing into the stack for thread: 0x000001ea0c766180
R15=0x000001ea0c766180 is a thread

Top of Stack: (sp=0x0000002615ffebf0)
0x0000002615ffebf0:   000001ea15f53770 0000002615ffece8   p7..........&...
0x0000002615ffec00:   000001ea00000002 000001ea15f53770   ........p7......
0x0000002615ffec10:   000001ea15f53770 00007ffeac5d0062   p7......b.].....
0x0000002615ffec20:   00007ffeac62d838 000001ea082c8ae8   8.b.......,.....
0x0000002615ffec30:   0000002615ffed50 000001ea712e88c6   P...&......q....
0x0000002615ffec40:   000001ea712d8f60 000001ea712dd4f3   `.-q......-q....
0x0000002615ffec50:   000001ea082c8ae8 0000002615ffeda8   ..,.........&...
0x0000002615ffec60:   0000002615ffed50 000001ea712d8f60   P...&...`.-q....
0x0000002615ffec70:   0000000000000000 00007ffde549280d   .........(I.....
0x0000002615ffec80:   0000002615ffedc0 fffffffffffffff7   ....&...........
0x0000002615ffec90:   0000000000000000 0000000000000005   ................
0x0000002615ffeca0:   000001ea082cc050 0000000000000000   P.,.............
0x0000002615ffecb0:   00000007ff9d6690 000001ea082c8ae8   .f........,.....
0x0000002615ffecc0:   0000000000000000 0000002615ffecf0   ............&...
0x0000002615ffecd0:   0000002615ffed48 000001ea712d8e18   H...&.....-q....
0x0000002615ffece0:   0000000000000000 000001ea712daa57   ........W.-q....
0x0000002615ffecf0:   0000000000000000 00000007ff91a9e0   ................
0x0000002615ffed00:   fffffffffffffff7 000001ea082c914c   ........L.,.....
0x0000002615ffed10:   0000000000000002 000001ea082cc050   ........P.,.....
0x0000002615ffed20:   0000000000000000 00000007ff9d6690   .........f......
0x0000002615ffed30:   000001ea082c9198 fffffffffffffff5   ..,.............
0x0000002615ffed40:   0000002615ffed58 0000002615ffeda8   X...&.......&...
0x0000002615ffed50:   000001ea712d8e18 00000007ff91a9e0   ..-q............
0x0000002615ffed60:   fffffffffffffff7 000001ea082ca908   ..........,.....
0x0000002615ffed70:   0000000000000003 000001ea082cc050   ........P.,.....
0x0000002615ffed80:   0000000000000000 00000007ff9d6690   .........f......
0x0000002615ffed90:   000001ea082ca950 fffffffffffffff6   P.,.............
0x0000002615ffeda0:   0000002615ffedc0 0000002615ffee10   ....&.......&...
0x0000002615ffedb0:   000001ea712d8e18 0000000000000000   ..-q............
0x0000002615ffedc0:   00000007ff91a9e0 fffffffffffffff7   ................
0x0000002615ffedd0:   000001ea082c71f1 0000000000000002   .q,.............
0x0000002615ffede0:   000001ea082cc8c0 0000000000000000   ..,.............

Instructions: (pc=0x00007ffeac5ce776)
  0x00007ffeac5ce676:   11 45 d4 0f 11 45 e4 0f 11 45 f4 89 45 04 c7 45
  0x00007ffeac5ce686:   a0 68 00 00 00 0f 11 44 24 34 0f 11 44 24 44 0f
  0x00007ffeac5ce696:   11 44 24 54 0f 11 44 24 64 0f 11 44 24 74 0f 11
  0x00007ffeac5ce6a6:   45 84 89 45 94 c7 44 24 30 68 00 00 00 48 8d 55
  0x00007ffeac5ce6b6:   a0 49 8b ce ff 15 d0 82 06 00 85 c0 74 41 48 8d
  0x00007ffeac5ce6c6:   54 24 30 48 8b ce ff 15 be 82 06 00 85 c0 74 2f
  0x00007ffeac5ce6d6:   48 8d 54 24 34 48 8d 4d a4 ff 15 f3 81 06 00 85
  0x00007ffeac5ce6e6:   c0 74 1c 48 8d 54 24 44 48 8d 4d b4 ff 15 e0 81
  0x00007ffeac5ce6f6:   06 00 85 c0 74 09 8b 44 24 54 39 45 c4 74 11 ff
  0x00007ffeac5ce706:   c7 3b 7b 0c 0f 8c 40 ff ff ff 8b 3d 1a bd 06 00
  0x00007ffeac5ce716:   48 8b cb e8 82 9e f4 ff 90 8b c7 48 8b 4d 10 48
  0x00007ffeac5ce726:   33 cc e8 f3 f9 00 00 4c 8d 9c 24 20 01 00 00 49
  0x00007ffeac5ce736:   8b 5b 28 49 8b 73 30 49 8b e3 41 5e 5f 5d c3 cc
  0x00007ffeac5ce746:   cc cc cc cc cc cc cc cc cc cc 48 8b 41 08 48 8b
  0x00007ffeac5ce756:   80 18 0c 00 00 c3 cc cc cc cc 48 8b 41 08 48 05
  0x00007ffeac5ce766:   00 04 00 00 c3 cc cc cc cc cc 40 53 48 83 ec 20
=>0x00007ffeac5ce776:   83 79 50 00 48 8b d9 75 56 48 8b 49 28 4c 8d 44
  0x00007ffeac5ce786:   24 38 48 8d 54 24 30 c7 44 24 30 00 00 80 bf c7
  0x00007ffeac5ce796:   44 24 38 00 00 80 bf e8 de d7 00 00 f3 0f 10 54
  0x00007ffeac5ce7a6:   24 30 0f 57 c0 0f 2f d0 76 25 f3 0f 10 4c 24 38
  0x00007ffeac5ce7b6:   0f 2f c8 76 1a f3 0f 5e 15 79 a5 02 00 f3 0f 5e
  0x00007ffeac5ce7c6:   0d 71 a5 02 00 f3 0f 11 53 48 f3 0f 11 4b 4c 48
  0x00007ffeac5ce7d6:   83 c4 20 5b c3 cc cc cc cc cc 48 89 5c 24 10 48
  0x00007ffeac5ce7e6:   89 74 24 18 48 89 7c 24 20 41 56 48 83 ec 40 48
  0x00007ffeac5ce7f6:   8b d9 48 83 79 18 00 75 14 b9 28 04 00 00 e8 a7
  0x00007ffeac5ce806:   8d 00 00 48 89 43 18 c7 00 28 00 00 00 48 8b 43
  0x00007ffeac5ce816:   18 45 33 f6 66 44 89 70 0e 48 8b 4b 28 e8 68 03
  0x00007ffeac5ce826:   00 00 48 8b f8 ba 01 00 00 00 44 8b c2 48 8b c8
  0x00007ffeac5ce836:   ff 15 f4 7d 06 00 48 8b f0 44 89 74 24 30 48 8b
  0x00007ffeac5ce846:   4b 18 48 89 4c 24 28 4c 89 74 24 20 41 b9 01 00
  0x00007ffeac5ce856:   00 00 45 33 c0 48 8b d0 48 8b cf ff 15 e9 7c 06
  0x00007ffeac5ce866:   00 48 8b 53 30 48 8b 0b 83 79 04 08 0f 8e 0f 02


Stack slot to memory mapping:

stack at sp + 0 slots: 0x000001ea15f53770 points into unknown readable memory: 0x000001ea15e71f10 | 10 1f e7 15 ea 01 00 00
stack at sp + 1 slots: 0x0000002615ffece8 is pointing into the stack for thread: 0x000001ea0c766180
stack at sp + 2 slots: 0x000001ea00000002 points into unknown readable memory: 00 00 00 00 00 00
stack at sp + 3 slots: 0x000001ea15f53770 points into unknown readable memory: 0x000001ea15e71f10 | 10 1f e7 15 ea 01 00 00
stack at sp + 4 slots: 0x000001ea15f53770 points into unknown readable memory: 0x000001ea15e71f10 | 10 1f e7 15 ea 01 00 00
stack at sp + 5 slots: 0x00007ffeac5d0062 awt.dll
stack at sp + 6 slots: 0x00007ffeac62d838 awt.dll
stack at sp + 7 slots: {method} {0x000001ea082c8af0} 'initNativeScale' '(I)V' in 'sun/awt/Win32GraphicsDevice'

Lock stack of current Java thread (top to bottom):

native method entry point (kind = native)  [0x000001ea712dd120, 0x000001ea712ddc10]  2800 bytes

Loading hsdis library failed, undisassembled code is shown in MachCode section
[MachCode]
  0x000001ea712dd120: 488b 4b08 | 0fb7 492e | 584c 8d74 | ccf8 6800 | 0000 0068 | 0000 0000 | 5055 488b | ec41 5548 
  0x000001ea712dd140: 8b43 084c | 8d68 3848 | 8b40 0868 | 0000 0000 | 5348 8b50 | 1848 8b52 | 7048 8b12 | 5248 8b53 
  0x000001ea712dd160: 1048 85d2 | 7407 4881 | c2d0 0000 | 0052 488b | 5010 5249 | 8bc6 482b | c548 c1e8 | 0350 6800 
  0x000001ea712dd180: 0000 0068 | f7ff ffff | 41c6 87ca | 0400 0001 | 488b 4310 | 4885 c074 | 208b 8890 | 0000 0083 
  0x000001ea712dd1a0: c102 8988 | 9000 0000 | 2388 a400 | 0000 0f84 | ad09 0000 | e9cf 0000 | 0048 8b43 | 1848 85c0 
  0x000001ea712dd1c0: 0f85 b000 | 0000 e805 | 0000 00e9 | 9900 0000 | 488b d348 | 8d44 2408 | 4c89 6dc0 | 498b cfc5 
  0x000001ea712dd1e0: f877 4989 | af20 0400 | 0049 8987 | 1004 0000 | 4883 ec20 | 40f6 c40f | 0f84 1900 | 0000 4883 
  0x000001ea712dd200: ec08 48b8 | 4074 19e5 | fd7f 0000 | ffd0 4883 | c408 e90c | 0000 0048 | b840 7419 | e5fd 7f00 
  0x000001ea712dd220: 00ff d048 | 83c4 2049 | c787 1004 | 0000 0000 | 0000 49c7 | 8720 0400 | 0000 0000 | 0049 c787 
  0x000001ea712dd240: 1804 0000 | 0000 0000 | c5f8 7749 | 837f 0800 | 0f84 0500 | 0000 e985 | 45ff ff4c | 8b6d c04c 
  0x000001ea712dd260: 8b75 c84e | 8d74 f500 | c348 8b43 | 1848 85c0 | 0f84 1200 | 0000 8b48 | 0883 c102 | 8948 0823 
  0x000001ea712dd280: 482c 0f84 | d908 0000 | 493b a750 | 0500 000f | 8748 0000 | 0089 8424 | 00f0 ffff | 8984 2400 
  0x000001ea712dd2a0: e0ff ff89 | 8424 00d0 | ffff 8984 | 2400 c0ff | ff89 8424 | 00b0 ffff | 8984 2400 | a0ff ff89 
  0x000001ea712dd2c0: 8424 0090 | ffff 8984 | 2400 80ff | ff49 3ba7 | 4805 0000 | 7607 4989 | a750 0500 | 0041 c687 
  0x000001ea712dd2e0: ca04 0000 | 0048 8b5d | e84c 8b5b | 0845 0fb7 | 5b2e 41c1 | e303 492b | e348 83ec | 2048 83e4 
  0x000001ea712dd300: f04c 8b5b | 604d 85db | 0f85 ab00 | 0000 e805 | 0000 00e9 | 9900 0000 | 488b d348 | 8d44 2408 
  0x000001ea712dd320: 4c89 6dc0 | 498b cfc5 | f877 4989 | af20 0400 | 0049 8987 | 1004 0000 | 4883 ec20 | 40f6 c40f 
  0x000001ea712dd340: 0f84 1900 | 0000 4883 | ec08 48b8 | 009e 19e5 | fd7f 0000 | ffd0 4883 | c408 e90c | 0000 0048 
  0x000001ea712dd360: b800 9e19 | e5fd 7f00 | 00ff d048 | 83c4 2049 | c787 1004 | 0000 0000 | 0000 49c7 | 8720 0400 
  0x000001ea712dd380: 0000 0000 | 0049 c787 | 1804 0000 | 0000 0000 | c5f8 7749 | 837f 0800 | 0f84 0500 | 0000 e93d 
  0x000001ea712dd3a0: 44ff ff4c | 8b6d c04c | 8b75 c84e | 8d74 f500 | c348 8b5d | e84c 8b5b | 6041 ffd3 | 488b 5de8 
  0x000001ea712dd3c0: 4889 4518 | 440f b75b | 2c41 f6c3 | 080f 841b | 0000 004c | 8b5b 084d | 8b5b 084d | 8b5b 184d 
  0x000001ea712dd3e0: 8b5b 704d | 8b1b 4c89 | 5d10 488d | 5510 488b | 4358 49ba | 1050 56e5 | fd7f 0000 | 493b c20f 
  0x000001ea712dd400: 85ab 0000 | 00e8 0500 | 0000 e999 | 0000 0048 | 8bd3 488d | 4424 084c | 896d c049 | 8bcf c5f8 
  0x000001ea712dd420: 7749 89af | 2004 0000 | 4989 8710 | 0400 0048 | 83ec 2040 | f6c4 0f0f | 8419 0000 | 0048 83ec 
  0x000001ea712dd440: 0848 b800 | 9e19 e5fd | 7f00 00ff | d048 83c4 | 08e9 0c00 | 0000 48b8 | 009e 19e5 | fd7f 0000 
  0x000001ea712dd460: ffd0 4883 | c420 49c7 | 8710 0400 | 0000 0000 | 0049 c787 | 2004 0000 | 0000 0000 | 49c7 8718 
  0x000001ea712dd480: 0400 0000 | 0000 00c5 | f877 4983 | 7f08 000f | 8405 0000 | 00e9 4643 | ffff 4c8b | 6dc0 4c8b 
  0x000001ea712dd4a0: 75c8 4e8d | 74f5 00c3 | 488b 5de8 | 488b 4358 | 498d 8f30 | 0400 004c | 8d15 d500 | 0000 4d89 
  0x000001ea712dd4c0: 9718 0400 | 00c5 f877 | 4989 af20 | 0400 0049 | 89a7 1004 | 0000 41c7 | 87ac 0400 | 0004 0000 
  0x000001ea712dd4e0: 0049 3ba7 | a805 0000 | 7607 4989 | a7a8 0500 | 00ff d049 | 3ba7 a805 | 0000 720b | 49c7 87a8 
  0x000001ea712dd500: 0500 0000 | 0000 00c5 | f877 4883 | ec10 c5fb | 1104 2448 | 83ec 1048 | 8904 2448 | c744 2408 
  0x000001ea712dd520: 0000 0000 | 41c7 87ac | 0400 0005 | 0000 00f0 | 8344 24c0 | 0049 3b6f | 280f 870e | 0000 0041 
  0x000001ea712dd540: 83bf a804 | 0000 000f | 8420 0000 | 0049 8bcf | 4c8b e448 | 83ec 2048 | 83e4 f048 | b850 061b 
  0x000001ea712dd560: e5fd 7f00 | 00ff d049 | 8be4 4d33 | e441 c787 | ac04 0000 | 0800 0000 | 4d8b 97c0 | 0500 0049 
  0x000001ea712dd580: 83fa 0074 | 3549 c787 | c005 0000 | 0000 0000 | 41ff e249 | ba60 c12d | 71ea 0100 | 0041 ffd2 
  0x000001ea712dd5a0: 4883 ec10 | c5fb 1104 | 2448 83ec | 1048 8904 | 2448 c744 | 2408 0000 | 0000 49c7 | 8710 0400 
  0x000001ea712dd5c0: 0000 0000 | 0049 c787 | 2004 0000 | 0000 0000 | 49c7 8718 | 0400 0000 | 0000 00c5 | f877 4d8b 
  0x000001ea712dd5e0: 9f90 0400 | 0041 c783 | 0001 0000 | 0000 0000 | 49bb 5aaa | 2d71 ea01 | 0000 4c3b | 5d18 0f85 
  0x000001ea712dd600: 5001 0000 | 488b 0424 | 4883 c410 | 4885 c00f | 842a 0100 | 00a8 030f | 8508 0000 | 0048 8b00 
  0x000001ea712dd620: e91a 0100 | 00a8 010f | 8509 0000 | 0048 8b40 | fee9 0901 | 0000 488b | 40ff 4180 | 7f48 000f 
  0x000001ea712dd640: 84fa 0000 | 0048 85c0 | 0f84 f100 | 0000 4d8b | 5f38 4d85 | db74 1449 | 83eb 084d | 895f 384d 
  0x000001ea712dd660: 035f 4049 | 8903 e9d4 | 0000 0048 | 83ec 7048 | 8904 2448 | 894c 2408 | 4889 5424 | 104c 8944 
  0x000001ea712dd680: 2418 4c89 | 4c24 204c | 8954 2428 | 4c89 5c24 | 30c5 fb11 | 4424 40c5 | fb11 4c24 | 48c5 fb11 
  0x000001ea712dd6a0: 5424 50c5 | fb11 5c24 | 58c5 fb11 | 6424 60c5 | fb11 6c24 | 6849 8bd7 | 488b c848 | 83ec 2040 
  0x000001ea712dd6c0: f6c4 0f0f | 8419 0000 | 0048 83ec | 0848 b880 | ad0d e5fd | 7f00 00ff | d048 83c4 | 08e9 0c00 
  0x000001ea712dd6e0: 0000 48b8 | 80ad 0de5 | fd7f 0000 | ffd0 4883 | c420 c5fb | 106c 2468 | c5fb 1064 | 2460 c5fb 
  0x000001ea712dd700: 105c 2458 | c5fb 1054 | 2450 c5fb | 104c 2448 | c5fb 1044 | 2440 4c8b | 5c24 304c | 8b54 2428 
  0x000001ea712dd720: 4c8b 4c24 | 204c 8b44 | 2418 488b | 5424 1048 | 8b4c 2408 | 488b 0424 | 4883 c470 | c5f8 7748 
  0x000001ea712dd740: 8945 1048 | 83ec 1048 | 8904 2448 | c744 2408 | 0000 0000 | 4183 bf30 | 0500 0002 | 0f85 bf00 
  0x000001ea712dd760: 0000 4881 | ec80 0000 | 0048 8944 | 2478 4889 | 4c24 7048 | 8954 2468 | 4889 5c24 | 6048 896c 
  0x000001ea712dd780: 2450 4889 | 7424 4848 | 897c 2440 | 4c89 4424 | 384c 894c | 2430 4c89 | 5424 284c | 895c 2420 
  0x000001ea712dd7a0: 4c89 6424 | 184c 896c | 2410 4c89 | 7424 084c | 893c 244c | 8be4 4883 | ec20 4883 | e4f0 48b8 
  0x000001ea712dd7c0: 9037 56e5 | fd7f 0000 | ffd0 498b | e44c 8b3c | 244c 8b74 | 2408 4c8b | 6c24 104c | 8b64 2418 
  0x000001ea712dd7e0: 4c8b 5c24 | 204c 8b54 | 2428 4c8b | 4c24 304c | 8b44 2438 | 488b 7c24 | 4048 8b74 | 2448 488b 
  0x000001ea712dd800: 6c24 5048 | 8b5c 2460 | 488b 5424 | 6848 8b4c | 2470 488b | 4424 7848 | 81c4 8000 | 0000 4d33 
  0x000001ea712dd820: e448 8b5d | e84c 8b6b | 084d 8d6d | 3849 837f | 0800 0f84 | bb00 0000 | e805 0000 | 00e9 9600 
  0x000001ea712dd840: 0000 488d | 4424 084c | 896d c049 | 8bcf c5f8 | 7749 89af | 2004 0000 | 4989 8710 | 0400 0048 
  0x000001ea712dd860: 83ec 2040 | f6c4 0f0f | 8419 0000 | 0048 83ec | 0848 b830 | bc19 e5fd | 7f00 00ff | d048 83c4 
  0x000001ea712dd880: 08e9 0c00 | 0000 48b8 | 30bc 19e5 | fd7f 0000 | ffd0 4883 | c420 49c7 | 8710 0400 | 0000 0000 
  0x000001ea712dd8a0: 0049 c787 | 2004 0000 | 0000 0000 | 49c7 8718 | 0400 0000 | 0000 00c5 | f877 4983 | 7f08 000f 
  0x000001ea712dd8c0: 8405 0000 | 00e9 163f | ffff 4c8b | 6dc0 4c8b | 75c8 4e8d | 74f5 00c3 | 48b9 2872 | 81e5 fd7f 
  0x000001ea712dd8e0: 0000 4883 | e4f0 48b8 | 30e5 42e5 | fd7f 0000 | ffd0 f444 | 0fb7 5b2c | 41f6 c320 | 0f84 7201 
  0x000001ea712dd900: 0000 488d | 55a8 4c8b | 5a08 4d85 | db0f 85bb | 0000 00e8 | 0500 0000 | e996 0000 | 0048 8d44 
  0x000001ea712dd920: 2408 4c89 | 6dc0 498b | cfc5 f877 | 4989 af20 | 0400 0049 | 8987 1004 | 0000 4883 | ec20 40f6 
  0x000001ea712dd940: c40f 0f84 | 1900 0000 | 4883 ec08 | 48b8 60bb | 19e5 fd7f | 0000 ffd0 | 4883 c408 | e90c 0000 
  0x000001ea712dd960: 0048 b860 | bb19 e5fd | 7f00 00ff | d048 83c4 | 2049 c787 | 1004 0000 | 0000 0000 | 49c7 8720 
  0x000001ea712dd980: 0400 0000 | 0000 0049 | c787 1804 | 0000 0000 | 0000 c5f8 | 7749 837f | 0800 0f84 | 0500 0000 
  0x000001ea712dd9a0: e93b 3eff | ff4c 8b6d | c04c 8b75 | c84e 8d74 | f500 c348 | b928 7281 | e5fd 7f00 | 0048 83e4 
  0x000001ea712dd9c0: f048 b830 | e542 e5fd | 7f00 00ff | d0f4 4c89 | 6dc0 4c8b | 4a08 48c7 | 4208 0000 | 0000 458b 
  0x000001ea712dd9e0: 87c8 0600 | 004f 3b4c | 07f8 0f85 | 4200 0000 | 4183 afc8 | 0600 0008 | 4f3b 4c07 | f00f 842a 
  0x000001ea712dda00: 0000 0049 | 8b01 a802 | 0f85 1200 | 0000 4c8b | c049 83c8 | 01f0 4d0f | b101 0f84 | 0d00 0000 
  0x000001ea712dda20: 4183 87c8 | 0600 0008 | e905 0000 | 00e9 3e00 | 0000 4c89 | 4a08 488b | ca48 83ec | 2040 f6c4 
  0x000001ea712dda40: 0f0f 8419 | 0000 0048 | 83ec 0848 | b890 8d19 | e5fd 7f00 | 00ff d048 | 83c4 08e9 | 0c00 0000 
  0x000001ea712dda60: 48b8 908d | 19e5 fd7f | 0000 ffd0 | 4883 c420 | 4c8b 6dc0 | 41c6 877e | 0300 0001 | 493b 6f28 
  0x000001ea712dda80: 0f87 0500 | 0000 e9ab | 0000 0048 | 83ec 10c5 | fb11 0424 | 4883 ec10 | 4889 0424 | 48c7 4424 
  0x000001ea712ddaa0: 0800 0000 | 00c5 f877 | 4989 af20 | 0400 0049 | baa5 da2d | 71ea 0100 | 004d 8997 | 1804 0000 
  0x000001ea712ddac0: 4989 a710 | 0400 0049 | 8bcf 4883 | ec20 40f6 | c40f 0f84 | 1900 0000 | 4883 ec08 | 48b8 d073 
  0x000001ea712ddae0: 19e5 fd7f | 0000 ffd0 | 4883 c408 | e90c 0000 | 0048 b8d0 | 7319 e5fd | 7f00 00ff | d048 83c4 
  0x000001ea712ddb00: 2049 c787 | 1004 0000 | 0000 0000 | 49c7 8720 | 0400 0000 | 0000 0049 | c787 1804 | 0000 0000 
  0x000001ea712ddb20: 0000 c5f8 | 7748 8b04 | 2448 83c4 | 10c5 fb10 | 0424 4883 | c410 488b | 0424 4883 | c410 c5fb 
  0x000001ea712ddb40: 1004 2448 | 83c4 104c | 8b5d 1841 | ffd3 4c8b | 5df8 c941 | c687 7e03 | 0000 005f | 498b e3ff 
  0x000001ea712ddb60: e7ba 0000 | 0000 e805 | 0000 00e9 | 9600 0000 | 488d 4424 | 084c 896d | c049 8bcf | c5f8 7749 
  0x000001ea712ddb80: 89af 2004 | 0000 4989 | 8710 0400 | 0048 83ec | 2040 f6c4 | 0f0f 8419 | 0000 0048 | 83ec 0848 
  0x000001ea712ddba0: b890 8319 | e5fd 7f00 | 00ff d048 | 83c4 08e9 | 0c00 0000 | 48b8 9083 | 19e5 fd7f | 0000 ffd0 
  0x000001ea712ddbc0: 4883 c420 | 49c7 8710 | 0400 0000 | 0000 0049 | c787 2004 | 0000 0000 | 0000 49c7 | 8718 0400 
  0x000001ea712ddbe0: 0000 0000 | 00c5 f877 | 4983 7f08 | 000f 8405 | 0000 00e9 | e83b ffff | 4c8b 6dc0 | 4c8b 75c8 
  0x000001ea712ddc00: 4e8d 74f5 | 00c3 488b | 5de8 e979 | f6ff ff90 
[/MachCode]

Compiled method (c2) 836820 3881       4       java.awt.EventQueue::dispatchEvent (48 bytes)
 total in heap  [0x000001ea719c8608,0x000001ea719c9160] = 2904
 main code      [0x000001ea719c8700,0x000001ea719c9108] = 2568
 stub code      [0x000001ea719c9108,0x000001ea719c9150] = 72
 oops           [0x000001ea719c9150,0x000001ea719c9160] = 16
 mutable data [0x000001ea0c2b0040,0x000001ea0c2b02d8] = 664
 relocation     [0x000001ea0c2b0040,0x000001ea0c2b0150] = 272
 metadata       [0x000001ea0c2b0150,0x000001ea0c2b02d8] = 392
 immutable data [0x000001ea15dad5a0,0x000001ea15dadbbc] = 1564
 dependencies   [0x000001ea15dad5a0,0x000001ea15dad608] = 104
 nul chk table  [0x000001ea15dad608,0x000001ea15dad640] = 56
 handler table  [0x000001ea15dad640,0x000001ea15dad700] = 192
 scopes pcs     [0x000001ea15dad700,0x000001ea15dad920] = 544
 scopes data    [0x000001ea15dad920,0x000001ea15dadbb8] = 664

[Constant Pool (empty)]


Loading hsdis library failed, undisassembled code is shown in MachCode section
[MachCode]
[Instructions begin]
  0x000001ea719c8700: 6690 448b | 5208 443b 

  0x000001ea719c8708: ;   {runtime_call Shared Runtime ic_miss_blob}
  0x000001ea719c8708: 5008 0f85 | d066 95ff 
[Verified Entry Point]
  0x000001ea719c8710: 8984 2400 | 80ff ff55 | 4883 ec50 | 4181 7f20 | 0300 0000 | 0f85 d209 | 0000 4c89 | 4424 3045 
  0x000001ea719c8730: 8b50 0c4c | 8bc2 8b6a | 4c85 ed0f | 85c1 0500 | 004c 8b5c | 2430 41c6 | 431a 0145 | 8b6b 08be 
  0x000001ea719c8750: 0000 0094 | 4903 f54c 

  0x000001ea719c8758: ;   {metadata('java/awt/event/InvocationEvent')}
  0x000001ea719c8758: 8b4e 5041 | 81fd b0ee | 0201 0f84 | f000 0000 

  0x000001ea719c8768: ;   {metadata('java/awt/event/MouseEvent')}
  0x000001ea719c8768: 4181 fd88 | 2c0b 0174 | 5b4c 8b5e 

  0x000001ea719c8774: ;   {metadata('java/awt/ActiveEvent')}
  0x000001ea719c8774: 2048 b8a8 | ec02 9500 | 0000 004c | 3bd8 0f84 | d000 0000 | 4833 ff4c | 8b9e a800 | 0000 498b 
  0x000001ea719c8794: d348 c1e2 | 300f 8921 | 0000 00f3 | 480f b8d2 | 488b 5e28 | 483b 04d3 | 7415 490f | bae3 1073 
  0x000001ea719c87b4: 0b49 c1cb 

  0x000001ea719c87b8: ;   {runtime_call Stub::Stub Generator lookup_secondary_supers_table_slow_path_stub}
  0x000001ea719c87b8: 0fe8 85ba | 93ff eb03 | 48ff c748 | 85ff 0f84 | 8c00 0000 

  0x000001ea719c87cc: ; implicit exception: dispatches to 0x000001ea719c8f18
  0x000001ea719c87cc: 438b 4cd4 

  0x000001ea719c87d0: ;   {metadata('java/awt/Component')}
  0x000001ea719c87d0: 0849 bb70 | 3f02 9500 | 0000 00bb | 0000 0094 | 4803 d948 | 8b4b 3849 | 3bcb 0f85 | 1006 0000 
  0x000001ea719c87f0: 498b e94b | 8d14 d44c | 8b44 2430 | 9048 b840 | b423 0cea 

  0x000001ea719c8804: ;   {virtual_call}
  0x000001ea719c8804: 0100 00e8 

  0x000001ea719c8808: ; ImmutableOopMap {[48]=Oop }
                      ;*invokevirtual dispatchEventImpl {reexecute=0 rethrow=0 return_oop=0}
                      ; - java.awt.Component::dispatchEvent@2 (line 4784)
                      ; - java.awt.EventQueue::dispatchEventImpl@41 (line 716)
                      ; - java.awt.EventQueue::dispatchEvent@22 (line 693)
  0x000001ea719c8808: 4c04 a3ff 

  0x000001ea719c880c: ;   {post_call_nop}
  0x000001ea719c880c: 0f1f 8400 | 0402 0000 

  0x000001ea719c8814: ;   {metadata('java/awt/event/InputEvent')}
  0x000001ea719c8814: 49ba 5853 | 0295 0000 | 0000 493b | ea0f 85b1 

  0x000001ea719c8824: ;   {oop(a 'java/lang/Class'{0x00000007ff9ab8c8} = 'sun/awt/AWTAccessor')}
  0x000001ea719c8824: 0200 0049 | bac8 b89a | ff07 0000 | 0045 8b82 | 8c00 0000 

  0x000001ea719c8838: ; implicit exception: dispatches to 0x000001ea719c8f30
  0x000001ea719c8838: 478b 54c4 | 0848 8b6c 

  0x000001ea719c8840: ;   {metadata('java/awt/event/InputEvent$1')}
  0x000001ea719c8840: 2430 4181 | fa90 5e02 | 010f 85cd | 0500 0044 | 8865 28e9 | 8002 0000 | 418b 682c 

  0x000001ea719c885c: ; implicit exception: dispatches to 0x000001ea719c8ed4
  0x000001ea719c885c: 458b 5cec 

  0x000001ea719c8860: ;   {metadata('java/util/concurrent/locks/ReentrantLock')}
  0x000001ea719c8860: 0841 81fb | b0c9 1d00 | 0f85 ce04 | 0000 4d8d | 14ec 418b | 4a0c 85c9 | 0f84 a204 | 0000 4d8b 
  0x000001ea719c8880: 97f8 0300 | 0049 8b1a | 33c0 41bb | 0100 0000 | f045 0fb1 | 5ccc 1841 | 0f94 c245 | 0fb6 d245 
  0x000001ea719c88a0: 85d2 0f84 | 7f02 0000 | 498d 7ccc | 0c41 807f | 4800 0f85 | cc06 0000 | 4c8b d349 | c1ea 0344 
  0x000001ea719c88c0: 8917 4c8b | df4c 33db | 49c1 eb16 | 7415 4c8b | df49 c1eb | 094d 035f | 5041 803b | ff75 0441 
  0x000001ea719c88e0: ;   {oop(a 'java/lang/Class'{0x00000007ff9bb350} = 'java/awt/EventQueue')}
  0x000001ea719c88e0: c603 0049 | ba50 b39b | ff07 0000 | 0041 0fb6 | aab0 0000 | 0085 ed0f | 8577 0400 | 0041 8b68 
  0x000001ea719c8900: 344c 8bd5 | 49c1 e203 | 493b da0f | 857b 0400 | 0049 8b87 | b001 0000 | 4c8b d049 | 83c2 204d 
  0x000001ea719c8920: 3b97 c001 | 0000 0f83 | 8603 0000 | 4d89 97b0 | 0100 0041 | 0f18 8200 | 0100 0048 | c700 0100 
  0x000001ea719c8940: ;   {metadata('java/lang/ref/WeakReference')}
  0x000001ea719c8940: 0000 c740 | 08d0 a21b | 004c 8960 | 104c 8960 | 184c 8b54 | 2430 4d8b | da49 c1eb | 0344 8958 
  0x000001ea719c8960: ;   {oop(a 'java/lang/ref/ReferenceQueue$Null'{0x00000007ff91ac98})}
  0x000001ea719c8960: 0c41 ba93 | 35f2 ff48 | 8d48 1044 | 8911 f083 | 4424 c000 | 4d8d 5040 | 4180 7f48 | 000f 8578 
  0x000001ea719c8980: 0600 0048 | 8bc8 48c1 | e903 4189 | 0a4d 8bda | 4c33 d849 | c1eb 1674 | 154d 8bda | 49c1 eb09 
  0x000001ea719c89a0: 4d03 5f50 | 4180 3bff | 7504 41c6 

  0x000001ea719c89ac: ;   {metadata('java/awt/event/InputEvent')}
  0x000001ea719c89ac: 0300 49ba | 5853 0295 | 0000 0000 | 4d3b ca0f | 8527 0100 | 004c 8b54 | 2430 4d8b 

  0x000001ea719c89c8: ;   {metadata('java/awt/event/KeyEvent')}
  0x000001ea719c89c8: 5220 4181 | fd80 1608 | 0175 044d | 8950 184d | 8b58 1041 | 8b68 2c4d | 3bd3 4d0f | 4cd3 4d89 
  0x000001ea719c89e8: 5010 458b 

  0x000001ea719c89ec: ;   {metadata('java/util/concurrent/locks/ReentrantLock')}
  0x000001ea719c89ec: 54ec 0841 | 81fa b0c9 | 1d00 0f85 | 6403 0000 | 4d8d 14ec | 418b 4a0c 

  0x000001ea719c8a04: ; implicit exception: dispatches to 0x000001ea719c8f04
  0x000001ea719c8a04: 458b 5ccc | 1841 8b6c | cc0c 4c8b | d549 c1e2 | 034c 3bd3 | 0f85 8a03 | 0000 4183 | fb01 7516 
  0x000001ea719c8a24: 4d33 d249 | 8d5c cc0c | 4180 7f48 | 000f 8542 | 0600 0044 | 8913 458d | 53ff 4589 | 54cc 18f0 
  0x000001ea719c8a44: 8344 24c0 | 0041 83fb | 0175 1845 | 8b54 cc10 | 4585 d274 | 0e47 8b44 | d414 4585 | c00f 85f1 
  0x000001ea719c8a64: 0000 0048 | 8b54 2430 | 448b 5a08 

  0x000001ea719c8a70: ;   {metadata('java/awt/event/InvocationEvent')}
  0x000001ea719c8a70: 4181 fbb0 | ee02 010f | 8588 0100 | 0048 8954 | 2408 0fb6 | 6a1d 85ed | 0f85 3603 | 0000 448b 
  0x000001ea719c8a90: 5228 498b | d248 c1e2 | 0348 b868 | b423 0cea 

  0x000001ea719c8aa0: ;   {virtual_call}
  0x000001ea719c8aa0: 0100 00e8 

  0x000001ea719c8aa4: ; ImmutableOopMap {[8]=Oop }
                      ;*invokeinterface run {reexecute=0 rethrow=0 return_oop=0}
                      ; - java.awt.event.InvocationEvent::dispatch@47 (line 323)
                      ; - java.awt.EventQueue::dispatchEventImpl@21 (line 714)
                      ; - java.awt.EventQueue::dispatchEvent@22 (line 693)
  0x000001ea719c8aa4: 50fa a2ff 

  0x000001ea719c8aa8: ;   {post_call_nop}
  0x000001ea719c8aa8: 0f1f 8400 | a004 0001 | 4c8b 5424 | 0841 c642 | 1c01 f083 | 4424 c000 | 418b 6a2c | 85ed 0f85 
  0x000001ea719c8ac8: 0c03 0000 | 418b 6a30 | 85ed 0f85 | 1403 0000 | 4883 c450 

  0x000001ea719c8adc: ;   {poll_return}
  0x000001ea719c8adc: 5d49 3b67 | 280f 87ff | 0500 00c3 

  0x000001ea719c8ae8: ;   {metadata('java/awt/event/InputMethodEvent')}
  0x000001ea719c8ae8: 4181 fd18 | 1203 010f | 843f 0300 

  0x000001ea719c8af4: ;   {metadata('java/awt/event/ActionEvent')}
  0x000001ea719c8af4: 0041 81fd | a814 0301 | 0f84 4a03 | 0000 4c8b 

  0x000001ea719c8b04: ;   {metadata('java/awt/event/InvocationEvent')}
  0x000001ea719c8b04: 5648 49bb | b0ee 0295 | 0000 0000 | 4d3b d30f | 85c0 0000 | 004c 8b54 | 2430 4d8b | 5220 e9b0 
  0x000001ea719c8b24: feff ff45 | 8b54 cc0c | 49c1 e203 | 4c3b d30f | 85e8 0000 | 0041 8b6c | cc18 ffc5 | 85ed 0f8c 
  0x000001ea719c8b44: 1c03 0000 | 4189 6ccc | 18f0 8344 | 24c0 00e9 | 8bfd ffff | 478b 5cc4 | 0c45 85db | 0f84 01ff 
  0x000001ea719c8b64: ffff 438b | 44c4 0c44 | 8bd0 4183 | e2fe f047 | 0fb1 54c4 | 0c40 0f94 | c540 0fb6 | ed85 ed0f 
  0x000001ea719c8b84: 8403 0300 | 0047 8b5c | c418 4585 | db0f 84d0 | feff ff47 | 8b4c dc08 | 4f8d 04dc 

  0x000001ea719c8ba0: ;   {metadata('java/lang/BaseVirtualThread')}
  0x000001ea719c8ba0: 49ba d065 | 1a94 0000 | 0000 41bb | 0000 0094 | 4d03 d94d | 8b5b 404d | 3bda 752c 

  0x000001ea719c8bbc: ;   {oop(a 'java/lang/System$1'{0x00000007ff9132a8})}
  0x000001ea719c8bbc: 48ba a832 | 91ff 0700 

  0x000001ea719c8bc4: ;   {optimized virtual_call}
  0x000001ea719c8bc4: 0000 90e8 

  0x000001ea719c8bc8: ; ImmutableOopMap {[48]=Oop }
                      ;*invokeinterface unparkVirtualThread {reexecute=0 rethrow=0 return_oop=0}
                      ; - java.util.concurrent.locks.LockSupport::unpark@15 (line 181)
                      ; - java.util.concurrent.locks.AbstractQueuedSynchronizer::signalNext@30 (line 646)
                      ; - java.util.concurrent.locks.AbstractQueuedSynchronizer::release@12 (line 1100)
                      ; - java.util.concurrent.locks.ReentrantLock::unlock@5 (line 495)
                      ; - java.awt.EventQueue::setCurrentEventAndMostRecentTimeImpl@168 (line 1227)
                      ; - java.awt.EventQueue::dispatchEventImpl@14 (line 713)
                      ; - java.awt.EventQueue::dispatchEvent@22 (line 693)
  0x000001ea719c8bc8: 1465 95ff 

  0x000001ea719c8bcc: ;   {post_call_nop}
  0x000001ea719c8bcc: 0f1f 8400 | c405 0002 | e98e feff | ff49 ba00 | 0000 0000 | 0000 80e9 | effd ffff 

  0x000001ea719c8be8: ;   {oop(a 'jdk/internal/misc/Unsafe'{0x00000007ff925ba8})}
  0x000001ea719c8be8: 48ba a85b | 92ff 0700 

  0x000001ea719c8bf0: ;   {optimized virtual_call}
  0x000001ea719c8bf0: 0000 90e8 

  0x000001ea719c8bf4: ; ImmutableOopMap {[48]=Oop }
                      ;*invokevirtual unpark {reexecute=0 rethrow=0 return_oop=0}
                      ; - java.util.concurrent.locks.LockSupport::unpark@27 (line 183)
                      ; - java.util.concurrent.locks.AbstractQueuedSynchronizer::signalNext@30 (line 646)
                      ; - java.util.concurrent.locks.AbstractQueuedSynchronizer::release@12 (line 1100)
                      ; - java.util.concurrent.locks.ReentrantLock::unlock@5 (line 495)
                      ; - java.awt.EventQueue::setCurrentEventAndMostRecentTimeImpl@168 (line 1227)
                      ; - java.awt.EventQueue::dispatchEventImpl@14 (line 713)
                      ; - java.awt.EventQueue::dispatchEvent@22 (line 693)
  0x000001ea719c8bf4: e864 95ff 

  0x000001ea719c8bf8: ;   {post_call_nop}
  0x000001ea719c8bf8: 0f1f 8400 | f005 0003 | e962 feff | ff48 b890 | b423 0cea 

  0x000001ea719c8c0c: ;   {virtual_call}
  0x000001ea719c8c0c: 0100 00e8 

  0x000001ea719c8c10: ; ImmutableOopMap {}
                      ;*invokeinterface dispatch {reexecute=0 rethrow=0 return_oop=0}
                      ; - java.awt.EventQueue::dispatchEventImpl@21 (line 714)
                      ; - java.awt.EventQueue::dispatchEvent@22 (line 693)
  0x000001ea719c8c10: e4f8 a2ff 

  0x000001ea719c8c14: ;   {post_call_nop}
  0x000001ea719c8c14: 0f1f 8400 | 0c06 0004 | e9b7 feff | ff48 895c | 2428 4c89 | 4c24 2048 | 8974 2418 | 4489 6c24 
  0x000001ea719c8c34: 104c 8944 | 2408 488b | 6c24 304d | 8d14 cc4c | 8954 2430 | 498b d241 | b801 0000 

  0x000001ea719c8c50: ;   {optimized virtual_call}
  0x000001ea719c8c50: 0066 90e8 

  0x000001ea719c8c54: ; ImmutableOopMap {rbp=Oop [8]=Oop [40]=Oop [48]=Oop }
                      ;*invokevirtual tryAcquire {reexecute=0 rethrow=0 return_oop=0}
                      ; - java.util.concurrent.locks.AbstractQueuedSynchronizer::acquire@2 (line 1029)
                      ; - java.util.concurrent.locks.ReentrantLock$Sync::lock@9 (line 154)
                      ; - java.util.concurrent.locks.ReentrantLock::lock@4 (line 323)
                      ; - java.awt.EventQueue::setCurrentEventAndMostRecentTimeImpl@4 (line 1192)
                      ; - java.awt.EventQueue::dispatchEventImpl@14 (line 713)
                      ; - java.awt.EventQueue::dispatchEvent@22 (line 693)
  0x000001ea719c8c54: 8864 95ff 

  0x000001ea719c8c58: ;   {post_call_nop}
  0x000001ea719c8c58: 0f1f 8400 | 5006 0005 | 85c0 7423 | 4889 6c24 | 304c 8b44 | 2408 448b | 6c24 1048 | 8b74 2418 
  0x000001ea719c8c78: 4c8b 4c24 | 2048 8b5c | 2428 e95c | fcff ff45 | 33c0 488b | 5424 3041 | b901 0000 | 0033 ff33 
  0x000001ea719c8c98: f633 c945 | 33d2 4c89 

  0x000001ea719c8ca0: ;   {optimized virtual_call}
  0x000001ea719c8ca0: 1424 90e8 

  0x000001ea719c8ca4: ; ImmutableOopMap {rbp=Oop [8]=Oop [40]=Oop }
                      ;*invokevirtual acquire {reexecute=0 rethrow=0 return_oop=0}
                      ; - java.util.concurrent.locks.AbstractQueuedSynchronizer::acquire@15 (line 1030)
                      ; - java.util.concurrent.locks.ReentrantLock$Sync::lock@9 (line 154)
                      ; - java.util.concurrent.locks.ReentrantLock::lock@4 (line 323)
                      ; - java.awt.EventQueue::setCurrentEventAndMostRecentTimeImpl@4 (line 1192)
                      ; - java.awt.EventQueue::dispatchEventImpl@14 (line 713)
                      ; - java.awt.EventQueue::dispatchEvent@22 (line 693)
  0x000001ea719c8ca4: 3864 95ff 

  0x000001ea719c8ca8: ;   {post_call_nop}
  0x000001ea719c8ca8: 0f1f 8400 | a006 0006 | ebb2 4889 | 5c24 284c | 894c 2420 | 4889 7424 | 1844 896c | 2410 4c89 
  0x000001ea719c8cc8: ;   {metadata('java/lang/ref/WeakReference')}
  0x000001ea719c8cc8: 4424 0848 | bad0 a21b | 9400 0000 

  0x000001ea719c8cd4: ;   {runtime_call C2 Runtime new_instance_blob}
  0x000001ea719c8cd4: 0066 90e8 

  0x000001ea719c8cd8: ; ImmutableOopMap {[8]=Oop [40]=Oop [48]=Oop }
                      ;*new {reexecute=0 rethrow=0 return_oop=1}
                      ; - java.awt.EventQueue::setCurrentEventAndMostRecentTimeImpl@36 (line 1198)
                      ; - java.awt.EventQueue::dispatchEventImpl@14 (line 713)
                      ; - java.awt.EventQueue::dispatchEvent@22 (line 693)
  0x000001ea719c8cd8: 84ea a2ff 

  0x000001ea719c8cdc: ;   {post_call_nop}
  0x000001ea719c8cdc: 0f1f 8400 | d406 0007 | 4c8b 4424 | 0844 8b6c | 2410 488b | 7424 184c | 8b4c 2420 | 488b 5c24 
  0x000001ea719c8cfc: 28e9 4ffc | ffff baec | ffff ff4c | 8944 2408 | 4489 5424 

  0x000001ea719c8d10: ;   {runtime_call UncommonTrapBlob}
  0x000001ea719c8d10: 1866 90e8 

  0x000001ea719c8d14: ; ImmutableOopMap {rbp=NarrowOop [8]=Oop [24]=NarrowOop [48]=Oop }
                      ;*ifnull {reexecute=1 rethrow=0 return_oop=0}
                      ; - (reexecute) java.awt.EventQueue::dispatchEvent@9 (line 692)
  0x000001ea719c8d14: c894 a2ff 

  0x000001ea719c8d18: ;   {post_call_nop}
  0x000001ea719c8d18: 0f1f 8400 | 1007 0008 | baf6 ffff | ff48 8b6c | 2430 4c89 

  0x000001ea719c8d2c: ;   {runtime_call UncommonTrapBlob}
  0x000001ea719c8d2c: 4424 08e8 

  0x000001ea719c8d30: ; ImmutableOopMap {rbp=Oop [8]=Oop }
                      ;*invokevirtual lock {reexecute=0 rethrow=0 return_oop=0}
                      ; - java.util.concurrent.locks.ReentrantLock::lock@4 (line 323)
                      ; - java.awt.EventQueue::setCurrentEventAndMostRecentTimeImpl@4 (line 1192)
                      ; - java.awt.EventQueue::dispatchEventImpl@14 (line 713)
                      ; - java.awt.EventQueue::dispatchEvent@22 (line 693)
  0x000001ea719c8d30: ac94 a2ff 

  0x000001ea719c8d34: ;   {post_call_nop}
  0x000001ea719c8d34: 0f1f 8400 | 2c07 0009 | bade ffff | ff48 ff74 | 2430 488f | 4424 084c | 8944 2410 

  0x000001ea719c8d50: ;   {runtime_call UncommonTrapBlob}
  0x000001ea719c8d50: 6666 90e8 

  0x000001ea719c8d54: ; ImmutableOopMap {rbp=NarrowOop [8]=Oop [16]=Oop }
                      ;*invokeinterface lock {reexecute=0 rethrow=0 return_oop=0}
                      ; - java.awt.EventQueue::setCurrentEventAndMostRecentTimeImpl@4 (line 1192)
                      ; - java.awt.EventQueue::dispatchEventImpl@14 (line 713)
                      ; - java.awt.EventQueue::dispatchEvent@22 (line 693)
  0x000001ea719c8d54: 8894 a2ff 

  0x000001ea719c8d58: ;   {post_call_nop}
  0x000001ea719c8d58: 0f1f 8400 | 5007 000a | bade ffff 

  0x000001ea719c8d64: ;   {runtime_call UncommonTrapBlob}
  0x000001ea719c8d64: ff66 90e8 

  0x000001ea719c8d68: ; ImmutableOopMap {rbp=NarrowOop [48]=Oop }
                      ;*invokeinterface unlock {reexecute=0 rethrow=0 return_oop=0}
                      ; - java.awt.EventQueue::setCurrentEventAndMostRecentTimeImpl@168 (line 1227)
                      ; - java.awt.EventQueue::dispatchEventImpl@14 (line 713)
                      ; - java.awt.EventQueue::dispatchEvent@22 (line 693)
  0x000001ea719c8d68: 7494 a2ff 

  0x000001ea719c8d6c: ;   {post_call_nop}
  0x000001ea719c8d6c: 0f1f 8400 | 6407 000b | ba45 ffff | ff4c 8944 

  0x000001ea719c8d7c: ;   {runtime_call UncommonTrapBlob}
  0x000001ea719c8d7c: 2410 90e8 

  0x000001ea719c8d80: ; ImmutableOopMap {[16]=Oop [48]=Oop }
                      ;*ifne {reexecute=1 rethrow=0 return_oop=0}
                      ; - (reexecute) java.awt.EventQueue::setCurrentEventAndMostRecentTimeImpl@12 (line 1194)
                      ; - java.awt.EventQueue::dispatchEventImpl@14 (line 713)
                      ; - java.awt.EventQueue::dispatchEvent@22 (line 693)
  0x000001ea719c8d80: 5c94 a2ff 

  0x000001ea719c8d84: ;   {post_call_nop}
  0x000001ea719c8d84: 0f1f 8400 | 7c07 000c | ba45 ffff | ff4c 8944 | 2410 4889 

  0x000001ea719c8d98: ;   {runtime_call UncommonTrapBlob}
  0x000001ea719c8d98: 5c24 18e8 

  0x000001ea719c8d9c: ; ImmutableOopMap {rbp=NarrowOop [16]=Oop [24]=Oop [48]=Oop }
                      ;*if_acmpeq {reexecute=1 rethrow=0 return_oop=0}
                      ; - (reexecute) java.awt.EventQueue::setCurrentEventAndMostRecentTimeImpl@22 (line 1194)
                      ; - java.awt.EventQueue::dispatchEventImpl@14 (line 713)
                      ; - java.awt.EventQueue::dispatchEvent@22 (line 693)
  0x000001ea719c8d9c: 4094 a2ff 

  0x000001ea719c8da0: ;   {post_call_nop}
  0x000001ea719c8da0: 0f1f 8400 | 9807 000d | ba45 ffff | ff89 4c24 | 1048 895c 

  0x000001ea719c8db4: ;   {runtime_call UncommonTrapBlob}
  0x000001ea719c8db4: 2418 90e8 

  0x000001ea719c8db8: ; ImmutableOopMap {rbp=NarrowOop [16]=NarrowOop [24]=Oop [48]=Oop }
                      ;*if_acmpeq {reexecute=1 rethrow=0 return_oop=0}
                      ; - (reexecute) java.util.concurrent.locks.ReentrantLock$Sync::tryRelease@14 (line 175)
                      ; - java.util.concurrent.locks.AbstractQueuedSynchronizer::release@2 (line 1099)
                      ; - java.util.concurrent.locks.ReentrantLock::unlock@5 (line 495)
                      ; - java.awt.EventQueue::setCurrentEventAndMostRecentTimeImpl@168 (line 1227)
                      ; - java.awt.EventQueue::dispatchEventImpl@14 (line 713)
                      ; - java.awt.EventQueue::dispatchEvent@22 (line 693)
  0x000001ea719c8db8: 2494 a2ff 

  0x000001ea719c8dbc: ;   {post_call_nop}
  0x000001ea719c8dbc: 0f1f 8400 | b407 000e | ba45 ffff 

  0x000001ea719c8dc8: ;   {runtime_call UncommonTrapBlob}
  0x000001ea719c8dc8: ff66 90e8 

  0x000001ea719c8dcc: ; ImmutableOopMap {[8]=Oop }
                      ;*ifeq {reexecute=1 rethrow=0 return_oop=0}
                      ; - (reexecute) java.awt.event.InvocationEvent::dispatch@4 (line 311)
                      ; - java.awt.EventQueue::dispatchEventImpl@21 (line 714)
                      ; - java.awt.EventQueue::dispatchEvent@22 (line 693)
  0x000001ea719c8dcc: 1094 a2ff 

  0x000001ea719c8dd0: ;   {post_call_nop}
  0x000001ea719c8dd0: 0f1f 8400 | c807 000f | ba45 ffff 

  0x000001ea719c8ddc: ;   {runtime_call UncommonTrapBlob}
  0x000001ea719c8ddc: ff66 90e8 

  0x000001ea719c8de0: ; ImmutableOopMap {rbp=NarrowOop [8]=Oop }
                      ;*ifnull {reexecute=1 rethrow=0 return_oop=0}
                      ; - (reexecute) java.awt.event.InvocationEvent::finishedDispatching@9 (line 407)
                      ; - java.awt.event.InvocationEvent::dispatch@54 (line 326)
                      ; - java.awt.EventQueue::dispatchEventImpl@21 (line 714)
                      ; - java.awt.EventQueue::dispatchEvent@22 (line 693)
  0x000001ea719c8de0: fc93 a2ff 

  0x000001ea719c8de4: ;   {post_call_nop}
  0x000001ea719c8de4: 0f1f 8400 | dc07 0010 | ba45 ffff 

  0x000001ea719c8df0: ;   {runtime_call UncommonTrapBlob}
  0x000001ea719c8df0: ff66 90e8 

  0x000001ea719c8df4: ; ImmutableOopMap {rbp=NarrowOop [8]=Oop }
                      ;*ifnull {reexecute=1 rethrow=0 return_oop=0}
                      ; - (reexecute) java.awt.event.InvocationEvent::finishedDispatching@40 (line 413)
                      ; - java.awt.event.InvocationEvent::dispatch@54 (line 326)
                      ; - java.awt.EventQueue::dispatchEventImpl@21 (line 714)
                      ; - java.awt.EventQueue::dispatchEvent@22 (line 693)
  0x000001ea719c8df4: e893 a2ff 

  0x000001ea719c8df8: ;   {post_call_nop}
  0x000001ea719c8df8: 0f1f 8400 | f007 0011 | ba45 ffff | ff49 8be8 | 4489 5424 

  0x000001ea719c8e0c: ;   {runtime_call UncommonTrapBlob}
  0x000001ea719c8e0c: 1066 90e8 

  0x000001ea719c8e10: ; ImmutableOopMap {rbp=Oop [16]=NarrowOop [48]=Oop }
                      ;*ifeq {reexecute=1 rethrow=0 return_oop=0}
                      ; - (reexecute) java.awt.EventQueue::dispatchEventImpl@33 (line 715)
                      ; - java.awt.EventQueue::dispatchEvent@22 (line 693)
  0x000001ea719c8e10: cc93 a2ff 

  0x000001ea719c8e14: ;   {post_call_nop}
  0x000001ea719c8e14: 0f1f 8400 | 0c08 0012 | bade ffff | ff44 8944 

  0x000001ea719c8e24: ;   {runtime_call UncommonTrapBlob}
  0x000001ea719c8e24: 2408 90e8 

  0x000001ea719c8e28: ; ImmutableOopMap {rbp=Oop [8]=NarrowOop }
                      ;*invokeinterface setCanAccessSystemClipboard {reexecute=0 rethrow=0 return_oop=0}
                      ; - java.awt.AWTEvent::dispatched@15 (line 572)
                      ; - java.awt.EventQueue::dispatchEventImpl@45 (line 717)
                      ; - java.awt.EventQueue::dispatchEvent@22 (line 693)
  0x000001ea719c8e28: b493 a2ff 

  0x000001ea719c8e2c: ;   {post_call_nop}
  0x000001ea719c8e2c: 0f1f 8400 | 2408 0013 | ba45 ffff | ff4c 8944 

  0x000001ea719c8e3c: ;   {runtime_call UncommonTrapBlob}
  0x000001ea719c8e3c: 2408 90e8 

  0x000001ea719c8e40: ; ImmutableOopMap {[8]=Oop [48]=Oop }
                      ;*ifeq {reexecute=1 rethrow=0 return_oop=0}
                      ; - (reexecute) java.awt.EventQueue::setCurrentEventAndMostRecentTimeImpl@93 (line 1215)
                      ; - java.awt.EventQueue::dispatchEventImpl@14 (line 713)
                      ; - java.awt.EventQueue::dispatchEvent@22 (line 693)
  0x000001ea719c8e40: 9c93 a2ff 

  0x000001ea719c8e44: ;   {post_call_nop}
  0x000001ea719c8e44: 0f1f 8400 | 3c08 0014 | ba45 ffff | ff4c 8944 

  0x000001ea719c8e54: ;   {runtime_call UncommonTrapBlob}
  0x000001ea719c8e54: 2408 90e8 

  0x000001ea719c8e58: ; ImmutableOopMap {[8]=Oop [48]=Oop }
                      ;*ifeq {reexecute=1 rethrow=0 return_oop=0}
                      ; - (reexecute) java.awt.EventQueue::setCurrentEventAndMostRecentTimeImpl@115 (line 1218)
                      ; - java.awt.EventQueue::dispatchEventImpl@14 (line 713)
                      ; - java.awt.EventQueue::dispatchEvent@22 (line 693)
  0x000001ea719c8e58: 8493 a2ff 

  0x000001ea719c8e5c: ;   {post_call_nop}
  0x000001ea719c8e5c: 0f1f 8400 | 5408 0015 | ba45 ffff | ff48 ff74 | 2430 488f | 4424 084c | 8944 2410 | 894c 2420 
  0x000001ea719c8e7c: ;   {runtime_call UncommonTrapBlob}
  0x000001ea719c8e7c: 6666 90e8 

  0x000001ea719c8e80: ; ImmutableOopMap {[8]=Oop [16]=Oop [32]=NarrowOop }
                      ;*ifge {reexecute=1 rethrow=0 return_oop=0}
                      ; - (reexecute) java.util.concurrent.locks.ReentrantLock$NonfairSync::initialTryLock@36 (line 231)
                      ; - java.util.concurrent.locks.ReentrantLock$Sync::lock@1 (line 153)
                      ; - java.util.concurrent.locks.ReentrantLock::lock@4 (line 323)
                      ; - java.awt.EventQueue::setCurrentEventAndMostRecentTimeImpl@4 (line 1192)
                      ; - java.awt.EventQueue::dispatchEventImpl@14 (line 713)
                      ; - java.awt.EventQueue::dispatchEvent@22 (line 693)
  0x000001ea719c8e80: 5c93 a2ff 

  0x000001ea719c8e84: ;   {post_call_nop}
  0x000001ea719c8e84: 0f1f 8400 | 7c08 0016 | ba45 ffff | ff44 8944 

  0x000001ea719c8e94: ;   {runtime_call UncommonTrapBlob}
  0x000001ea719c8e94: 2414 90e8 

  0x000001ea719c8e98: ; ImmutableOopMap {[20]=NarrowOop [48]=Oop }
                      ;*ifeq {reexecute=1 rethrow=0 return_oop=0}
                      ; - (reexecute) jdk.internal.misc.Unsafe::getAndBitwiseAndInt@21 (line 3275)
                      ; - java.util.concurrent.locks.AbstractQueuedSynchronizer$Node::getAndUnsetStatus@10 (line 482)
                      ; - java.util.concurrent.locks.AbstractQueuedSynchronizer::signalNext@22 (line 645)
                      ; - java.util.concurrent.locks.AbstractQueuedSynchronizer::release@12 (line 1100)
                      ; - java.util.concurrent.locks.ReentrantLock::unlock@5 (line 495)
                      ; - java.awt.EventQueue::setCurrentEventAndMostRecentTimeImpl@168 (line 1227)
                      ; - java.awt.EventQueue::dispatchEventImpl@14 (line 713)
                      ; - java.awt.EventQueue::dispatchEvent@22 (line 693)
  0x000001ea719c8e98: 4493 a2ff 

  0x000001ea719c8e9c: ;   {post_call_nop}
  0x000001ea719c8e9c: 0f1f 8400 | 9408 0017 | ba95 ffff | ff48 8b6c | 2408 4889 

  0x000001ea719c8eb0: ;   {runtime_call UncommonTrapBlob}
  0x000001ea719c8eb0: 4424 08e8 

  0x000001ea719c8eb4: ; ImmutableOopMap {rbp=Oop [8]=Oop }
                      ;*astore_2 {reexecute=0 rethrow=0 return_oop=0}
                      ; - java.awt.event.InvocationEvent::dispatch@60 (line 326)
                      ; - java.awt.EventQueue::dispatchEventImpl@21 (line 714)
                      ; - java.awt.EventQueue::dispatchEvent@22 (line 693)
  0x000001ea719c8eb4: 2893 a2ff 

  0x000001ea719c8eb8: ;   {post_call_nop}
  0x000001ea719c8eb8: 0f1f 8400 | b008 0018 | baf6 ffff 

  0x000001ea719c8ec4: ;   {runtime_call UncommonTrapBlob}
  0x000001ea719c8ec4: ff66 90e8 

  0x000001ea719c8ec8: ; ImmutableOopMap {}
                      ;*invokevirtual getSource {reexecute=0 rethrow=0 return_oop=0}
                      ; - java.awt.EventQueue::dispatchEvent@1 (line 688)
  0x000001ea719c8ec8: 1493 a2ff 

  0x000001ea719c8ecc: ;   {post_call_nop}
  0x000001ea719c8ecc: 0f1f 8400 | c408 0019 | baf6 ffff | ff48 8b6c | 2430 4c89 

  0x000001ea719c8ee0: ;   {runtime_call UncommonTrapBlob}
  0x000001ea719c8ee0: 4424 08e8 

  0x000001ea719c8ee4: ; ImmutableOopMap {rbp=Oop [8]=Oop }
                      ;*invokeinterface lock {reexecute=0 rethrow=0 return_oop=0}
                      ; - java.awt.EventQueue::setCurrentEventAndMostRecentTimeImpl@4 (line 1192)
                      ; - java.awt.EventQueue::dispatchEventImpl@14 (line 713)
                      ; - java.awt.EventQueue::dispatchEvent@22 (line 693)
  0x000001ea719c8ee4: f892 a2ff 

  0x000001ea719c8ee8: ;   {post_call_nop}
  0x000001ea719c8ee8: 0f1f 8400 | e008 001a | baf6 ffff 

  0x000001ea719c8ef4: ;   {runtime_call UncommonTrapBlob}
  0x000001ea719c8ef4: ff66 90e8 

  0x000001ea719c8ef8: ; ImmutableOopMap {[48]=Oop }
                      ;*invokeinterface unlock {reexecute=0 rethrow=0 return_oop=0}
                      ; - java.awt.EventQueue::setCurrentEventAndMostRecentTimeImpl@168 (line 1227)
                      ; - java.awt.EventQueue::dispatchEventImpl@14 (line 713)
                      ; - java.awt.EventQueue::dispatchEvent@22 (line 693)
  0x000001ea719c8ef8: e492 a2ff 

  0x000001ea719c8efc: ;   {post_call_nop}
  0x000001ea719c8efc: 0f1f 8400 | f408 001b | baf6 ffff 

  0x000001ea719c8f08: ;   {runtime_call UncommonTrapBlob}
  0x000001ea719c8f08: ff66 90e8 

  0x000001ea719c8f0c: ; ImmutableOopMap {[48]=Oop }
                      ;*invokevirtual release {reexecute=0 rethrow=0 return_oop=0}
                      ; - java.util.concurrent.locks.ReentrantLock::unlock@5 (line 495)
                      ; - java.awt.EventQueue::setCurrentEventAndMostRecentTimeImpl@168 (line 1227)
                      ; - java.awt.EventQueue::dispatchEventImpl@14 (line 713)
                      ; - java.awt.EventQueue::dispatchEvent@22 (line 693)
  0x000001ea719c8f0c: d092 a2ff 

  0x000001ea719c8f10: ;   {post_call_nop}
  0x000001ea719c8f10: 0f1f 8400 | 0809 001c | baf4 ffff | ff49 8be8 

  0x000001ea719c8f20: ;   {runtime_call UncommonTrapBlob}
  0x000001ea719c8f20: 6666 90e8 

  0x000001ea719c8f24: ; ImmutableOopMap {rbp=Oop [48]=Oop }
                      ;*instanceof {reexecute=0 rethrow=0 return_oop=0}
                      ; - java.awt.EventQueue::dispatchEventImpl@30 (line 715)
                      ; - java.awt.EventQueue::dispatchEvent@22 (line 693)
  0x000001ea719c8f24: b892 a2ff 

  0x000001ea719c8f28: ;   {post_call_nop}
  0x000001ea719c8f28: 0f1f 8400 | 2009 001d | ba45 ffff | ff48 8b6c | 2430 4489 

  0x000001ea719c8f3c: ;   {runtime_call UncommonTrapBlob}
  0x000001ea719c8f3c: 4424 0ce8 

  0x000001ea719c8f40: ; ImmutableOopMap {rbp=Oop [12]=NarrowOop }
                      ;*ifnonnull {reexecute=1 rethrow=0 return_oop=0}
                      ; - (reexecute) sun.awt.AWTAccessor::getInputEventAccessor@5 (line 962)
                      ; - java.awt.AWTEvent::dispatched@7 (line 571)
                      ; - java.awt.EventQueue::dispatchEventImpl@45 (line 717)
                      ; - java.awt.EventQueue::dispatchEvent@22 (line 693)
  0x000001ea719c8f40: 9c92 a2ff 

  0x000001ea719c8f44: ;   {post_call_nop}
  0x000001ea719c8f44: 0f1f 8400 | 3c09 001e | eb00 488b | d0eb 0f48 | 8bd0 eb0a | eb00 488b | d0eb 0348 | 8bd0 4883 
  0x000001ea719c8f64: ;   {runtime_call C2 Runtime rethrow_blob}
  0x000001ea719c8f64: c450 5de9 | f422 a3ff | ba95 ffff | ff48 8944 

  0x000001ea719c8f74: ;   {runtime_call UncommonTrapBlob}
  0x000001ea719c8f74: 2410 90e8 

  0x000001ea719c8f78: ; ImmutableOopMap {[8]=Oop [16]=Oop [48]=Oop }
                      ;*astore {reexecute=0 rethrow=0 return_oop=0}
                      ; - java.awt.EventQueue::setCurrentEventAndMostRecentTimeImpl@176 (line 1227)
                      ; - java.awt.EventQueue::dispatchEventImpl@14 (line 713)
                      ; - java.awt.EventQueue::dispatchEvent@22 (line 693)
  0x000001ea719c8f78: 6492 a2ff 

  0x000001ea719c8f7c: ;   {post_call_nop}
  0x000001ea719c8f7c: 0f1f 8400 | 7409 001f | 448b 1749 | c1e2 034d | 85d2 0f84 | 24f9 ffff | 4d8b 5f38 | 4d85 db74 
  0x000001ea719c8f9c: 1449 83eb | 084d 895f | 384d 035f | 404d 8913 | e907 f9ff | ff48 83ec | 404c 8944 | 2438 4c89 
  0x000001ea719c8fbc: 4c24 3048 | 897c 2428 | 4889 7424 | 2049 8bca 

  0x000001ea719c8fcc: ;   {runtime_call}
  0x000001ea719c8fcc: 498b d748 | b880 ad0d | e5fd 7f00 | 00ff d048 | 8b74 2420 | 488b 7c24 | 284c 8b4c | 2430 4c8b 
  0x000001ea719c8fec: 4424 38c5 | f877 4883 | c440 e9bd | f8ff ff41 | 8b0a 48c1 | e103 4885 | c90f 8478 | f9ff ff4d 
  0x000001ea719c900c: 8b5f 384d | 85db 7414 | 4983 eb08 | 4d89 5f38 | 4d03 5f40 | 4989 0be9 | 5bf9 ffff | 4883 ec50 
  0x000001ea719c902c: 4c89 5424 | 484c 8944 | 2440 4c89 | 4c24 3848 | 8974 2430 | 4889 4424 | 2849 8bd7 

  0x000001ea719c9048: ;   {runtime_call}
  0x000001ea719c9048: 48b8 80ad | 0de5 fd7f | 0000 ffd0 | 488b 4424 | 2848 8b74 | 2430 4c8b | 4c24 384c | 8b44 2440 
  0x000001ea719c9068: 4c8b 5424 | 48c5 f877 | 4883 c450 | e90a f9ff | ff44 8b03 | 49c1 e003 | 4d85 c00f | 84ae f9ff 
  0x000001ea719c9088: ff4d 8b4f | 384d 85c9 | 7414 4983 | e908 4d89 | 4f38 4d03 | 4f40 4d89 | 01e9 91f9 | ffff 4883 
  0x000001ea719c90a8: ec40 4c89 | 5424 384c | 895c 2430 | 4889 4c24 | 2849 8bc8 

  0x000001ea719c90bc: ;   {runtime_call}
  0x000001ea719c90bc: 498b d748 | b880 ad0d | e5fd 7f00 | 00ff d048 | 8b4c 2428 | 4c8b 5c24 | 304c 8b54 | 2438 c5f8 
  0x000001ea719c90dc: 7748 83c4 | 40e9 51f9 

  0x000001ea719c90e4: ;   {internal_word}
  0x000001ea719c90e4: ffff 49ba | dd8a 9c71 | ea01 0000 | 4d89 97b8 

  0x000001ea719c90f4: ;   {runtime_call SafepointBlob}
  0x000001ea719c90f4: 0400 00e9 | 6481 95ff 

  0x000001ea719c90fc: ;   {runtime_call Stub::Stub Generator method_entry_barrier_stub}
  0x000001ea719c90fc: e87f af93 | ffe9 24f6 | ffff f4f4 
[Stub Code]
  0x000001ea719c9108: ;   {static_stub}
  0x000001ea719c9108: 48bb 0000 | 0000 0000 

  0x000001ea719c9110: ;   {runtime_call nmethod}
  0x000001ea719c9110: 0000 e9fb 

  0x000001ea719c9114: ;   {static_stub}
  0x000001ea719c9114: ffff ff48 | bb00 0000 | 0000 0000 

  0x000001ea719c9120: ;   {runtime_call nmethod}
  0x000001ea719c9120: 00e9 fbff 

  0x000001ea719c9124: ;   {static_stub}
  0x000001ea719c9124: ffff 48bb | 0000 0000 | 0000 0000 

  0x000001ea719c9130: ;   {runtime_call nmethod}
  0x000001ea719c9130: e9fb ffff 

  0x000001ea719c9134: ;   {static_stub}
  0x000001ea719c9134: ff48 bb00 | 0000 0000 

  0x000001ea719c913c: ;   {runtime_call nmethod}
  0x000001ea719c913c: 0000 00e9 | fbff ffff 

  0x000001ea719c9144: ;   {runtime_call DeoptimizationBlob}
  0x000001ea719c9144: e817 8495 | ffeb f9f4 | f4f4 f4f4 
[/MachCode]


Compiled method (c2) 836874 3600   !   4       java.awt.EventDispatchThread::pumpOneEventForFilters (106 bytes)
 total in heap  [0x000001ea7199a388,0x000001ea719a7190] = 52744
 main code      [0x000001ea7199a480,0x000001ea719a6fc0] = 52032
 stub code      [0x000001ea719a6fc0,0x000001ea719a7170] = 432
 oops           [0x000001ea719a7170,0x000001ea719a7190] = 32
 mutable data [0x000001ea22b17080,0x000001ea22b17e38] = 3512
 relocation     [0x000001ea22b17080,0x000001ea22b17aa0] = 2592
 metadata       [0x000001ea22b17aa0,0x000001ea22b17e38] = 920
 immutable data [0x000001ea22d5afb0,0x000001ea22d5fce4] = 19764
 dependencies   [0x000001ea22d5afb0,0x000001ea22d5b0b0] = 256
 nul chk table  [0x000001ea22d5b0b0,0x000001ea22d5b310] = 608
 handler table  [0x000001ea22d5b310,0x000001ea22d5b8b0] = 1440
 scopes pcs     [0x000001ea22d5b8b0,0x000001ea22d5cea0] = 5616
 scopes data    [0x000001ea22d5cea0,0x000001ea22d5fce0] = 11840

[Constant Pool (empty)]


Loading hsdis library failed, undisassembled code is shown in MachCode section
[MachCode]
[Instructions begin]
  0x000001ea7199a480: 6690 448b | 5208 443b 

  0x000001ea7199a488: ;   {runtime_call Shared Runtime ic_miss_blob}
  0x000001ea7199a488: 5008 0f85 | 5049 98ff 
[Verified Entry Point]
  0x000001ea7199a490: 8984 2400 | 80ff ff55 | 4881 ecf0 | 0000 0090 | 4181 7f20 | 0300 0000 | 0f85 08cb | 0000 4889 
  0x000001ea7199a4b0: 5424 2841 | 83f8 ff0f | 850b 5a00 | 004d 8b97 | f803 0000 | 498b 0a33 | ff4c 8b4c | 2428 488d 
  0x000001ea7199a4d0: 9c24 d000 | 0000 4d8b | 1141 8b9f | c806 0000 | 41f6 c202 | 0f85 3700 | 0000 81fb | 1707 0000 
  0x000001ea7199a4f0: 0f8f 4b00 | 0000 4d3b | 4c1f f874 | 1649 8bc2 | 4883 c801 | 4983 e2fe | f04d 0fb1 | 110f 852e 
  0x000001ea7199a510: 0000 004d | 890c 1f41 | 8387 c806 | 0000 08eb | 1e48 33c0 | 498b 9fa0 | 0400 00f0 | 490f b15a 
  0x000001ea7199a530: 3e74 0c48 | 3bd8 7509 | 49ff 8286 | 0000 0033 | c00f 85db | 5800 0045 | 8b59 7048 | 8d84 24d0 
  0x000001ea7199a550: 0000 0041 | 8b87 c806 | 0000 4d8b | 114d 3b4c | 07f8 0f85 | 2e00 0000 | 4183 afc8 | 0600 0008 
  0x000001ea7199a570: 4d3b 4c07 | f00f 845f | 0000 0049 | 8bc2 4883 | e0fc 4983 | ca01 f04d 

  0x000001ea7199a588: ;   {other}
  0x000001ea7199a588: 0fb1 110f | 8518 ca00 | 00e9 4400 | 0000 4983 | ba86 0000 | 0000 7533 | 49c7 423e | 0000 0000 
  0x000001ea7199a5a8: f083 4424 | c000 4983 | ba8e 0000 | 0000 7422 | 4983 ba9e | 0000 0000 | 7518 4983 | e2fd 4d89 
  0x000001ea7199a5c8: 97b8 0500 | 0041 83ca | 01eb 0a49 | ff8a 8600 | 0000 4533 | d20f 85f9 | 5700 0047 | 8b54 dc44 
  0x000001ea7199a5e8: 4585 d20f | 84ab 5700 | 0048 897c | 2430 4889 | 4c24 504c | 894c 2428 | 4489 4424 | 204b 8d14 
  0x000001ea7199a608: d44f 8d14 | dc4c 8954 | 2440 4489 

  0x000001ea7199a614: ;   {oop("PostEventQueue"{0x00000007ff993148})}
  0x000001ea7199a614: 5c24 3849 | b848 3199 | ff07 0000 

  0x000001ea7199a620: ;   {optimized virtual_call}
  0x000001ea7199a620: 0066 90e8 

  0x000001ea7199a624: ; ImmutableOopMap {[40]=Oop [56]=NarrowOop [64]=Oop [80]=Oop }
                      ;*invokevirtual get {reexecute=0 rethrow=0 return_oop=1}
                      ; - sun.awt.SunToolkit::flushPendingEvents@3 (line 500)
                      ; - java.awt.EventQueue::getNextEvent@4 (line 535)
                      ; - java.awt.EventDispatchThread::pumpOneEventForFilters@20 (line 190)
  0x000001ea7199a624: 6808 f2ff 

  0x000001ea7199a628: ;   {post_call_nop}
  0x000001ea7199a628: 0f1f 8400 | a002 0000 

  0x000001ea7199a630: ; implicit exception: dispatches to 0x000001ea719a3908
  0x000001ea7199a630: 448b 5008 

  0x000001ea7199a634: ;   {metadata('sun/awt/PostEventQueue')}
  0x000001ea7199a634: 4181 fa80 | ea02 010f | 8533 8b00 | 0048 8944 | 2448 4c8b | 5c24 4848 | 8d9c 24d0 | 0000 004d 
  0x000001ea7199a654: 8b13 418b | 9fc8 0600 | 0041 f6c2 | 020f 8537 | 0000 0081 | fb17 0700 | 000f 8f4b | 0000 004d 
  0x000001ea7199a674: 3b5c 1ff8 | 7416 498b | c248 83c8 | 0149 83e2 | fef0 4d0f | b113 0f85 | 2e00 0000 | 4d89 1c1f 
  0x000001ea7199a694: 4183 87c8 | 0600 0008 | eb1e 4833 | c049 8b9f | a004 0000 | f049 0fb1 | 5a3e 740c | 483b d875 
  0x000001ea7199a6b4: 0949 ff82 | 8600 0000 | 33c0 0f85 | 9f57 0000 | 4c8b 5424 | 4841 8b6a | 184c 8bd5 | 49c1 e203 
  0x000001ea7199a6d4: 4c8b 5c24 | 504d 3bda | 0f85 160c | 0000 4c8b | 5c24 4848 | 8d84 24d0 | 0000 0041 | 8b87 c806 
  0x000001ea7199a6f4: 0000 4d8b | 134d 3b5c | 07f8 0f85 | 2e00 0000 | 4183 afc8 | 0600 0008 | 4d3b 5c07 | f00f 845f 
  0x000001ea7199a714: 0000 0049 | 8bc2 4883 | e0fc 4983 | ca01 f04d | 0fb1 130f | 856f c800 | 00e9 4400 

  0x000001ea7199a730: ;   {other}
  0x000001ea7199a730: 0000 4983 | ba86 0000 | 0000 7533 | 49c7 423e | 0000 0000 | f083 4424 | c000 4983 | ba8e 0000 
  0x000001ea7199a750: 0000 7422 | 4983 ba9e | 0000 0000 | 7518 4983 | e2fd 4d89 | 97b8 0500 | 0041 83ca | 01eb 0a49 
  0x000001ea7199a770: ff8a 8600 | 0000 4533 | d20f 8575 | 6400 0044 | 8b54 2438 | 438b 6cd4 | 2c45 8b54 

  0x000001ea7199a78c: ;   {metadata('java/util/concurrent/locks/ReentrantLock')}
  0x000001ea7199a78c: ec08 4181 | fab0 c91d | 000f 85ea | 5600 004d | 8d14 ec45 | 8b52 0c45 | 85d2 0f84 | 0c56 0000 
  0x000001ea7199a7ac: 33c0 41b8 | 0100 0000 | f047 0fb1 | 44d4 1841 | 0f94 c345 | 0fb6 db45 | 85db 0f84 | 6b3f 0000 
  0x000001ea7199a7cc: 488b 4c24 | 504f 8d5c | d40c 4180 | 7f48 000f | 85ab a500 | 004c 8bc9 | 49c1 e903 | 4589 0b4d 
  0x000001ea7199a7ec: 8bc3 4c33 | c149 c1e8 | 1674 154d | 8bc3 49c1 | e809 4d03 | 4750 4180 | 38ff 7504 | 41c6 0000 
  0x000001ea7199a80c: e9cb 0000 | 004c 8b5c | 2448 488d | 8424 d000 | 0000 418b | 87c8 0600 | 004d 8b13 | 4d3b 5c07 
  0x000001ea7199a82c: f80f 852e | 0000 0041 | 83af c806 | 0000 084d | 3b5c 07f0 | 0f84 5f00 | 0000 498b | c248 83e0 
  0x000001ea7199a84c: fc49 83ca | 01f0 4d0f | b113 0f85 | 33c7 0000 | e944 0000 | 0049 83ba | 8600 0000 | 0075 3349 
  0x000001ea7199a86c: c742 3e00 | 0000 00f0 | 8344 24c0 | 0049 83ba | 8e00 0000 | 0074 2249 | 83ba 9e00 | 0000 0075 
  0x000001ea7199a88c: ;   {other}
  0x000001ea7199a88c: 1849 83e2 | fd4d 8997 | b805 0000 | 4183 ca01 | eb0a 49ff | 8a86 0000 | 0045 33d2 | 0f85 2270 
  0x000001ea7199a8ac: 0000 448b | 5c24 3843 | 8b6c dc2c 

  0x000001ea7199a8b8: ; implicit exception: dispatches to 0x000001ea719a3cc0
  0x000001ea7199a8b8: 458b 54ec 

  0x000001ea7199a8bc: ;   {metadata('java/util/concurrent/locks/ReentrantLock')}
  0x000001ea7199a8bc: 0841 81fa | b0c9 1d00 | 0f85 635c | 0000 498d 

  0x000001ea7199a8cc: ;   {optimized virtual_call}
  0x000001ea7199a8cc: 14ec 90e8 

  0x000001ea7199a8d0: ; ImmutableOopMap {[40]=Oop [56]=NarrowOop [64]=Oop [80]=Oop }
                      ;*invokeinterface lock {reexecute=0 rethrow=0 return_oop=0}
                      ; - java.awt.EventQueue::getNextEvent@11 (line 536)
                      ; - java.awt.EventDispatchThread::pumpOneEventForFilters@20 (line 190)
  0x000001ea7199a8d0: 3c11 f3ff 

  0x000001ea7199a8d4: ;   {post_call_nop}
  0x000001ea7199a8d4: 0f1f 8400 | 4c05 0001 | 448b 5c24 | 3847 8b4c | dc20 478b | 54cc 0c41 | 83fa 010f | 8674 5400 
  0x000001ea7199a8f4: 0041 83fa | 030f 866a | 5400 0047 | 8b44 cc1c 

  0x000001ea7199a904: ; implicit exception: dispatches to 0x000001ea719a3690
  0x000001ea7199a904: 438b 4cc4 | 0c85 c90f | 8446 0200 | 004f 8d14 | c4eb 0449 | c1e2 0345 | 8b5c cc10 | 4585 db75 
  0x000001ea7199a924: 1548 33ff | 4d8d 4210 | 4180 7f48 | 000f 85b8 | a400 0041 | 8938 458b | 44cc 0c44 | 8944 243c 
  0x000001ea7199a944: 498d 5a0c | 4180 7f48 | 000f 851d | a500 0044 | 891b 458b | c349 c1e0 | 034c 8bcb | 4d33 c849 
  0x000001ea7199a964: c1e9 1674 | 1a4d 85c0 | 7415 4c8b | cb49 c1e9 | 094d 034f | 5041 8039 | ff75 0441 | c601 0044 
  0x000001ea7199a984: 8b54 243c 

  0x000001ea7199a988: ; implicit exception: dispatches to 0x000001ea719a3950
  0x000001ea7199a988: 438b 6cd4 | 1447 8b5c | d408 4489 | 5c24 2481 | fdf7 0100 | 000f 857c | 0100 0041 | ba02 0000 
  0x000001ea7199a9a8: 0041 83fa | ff74 5e44 | 8b5c 243c | 478b 5cdc | 0c47 8b4c | dc08 41b8 | 0000 0094 | 4d03 c14d 
  0x000001ea7199a9c8: ;   {metadata('java/awt/Component')}
  0x000001ea7199a9c8: 8b40 3849 | b970 3f02 | 9500 0000 | 004d 3bc1 | 7533 49c1 | e303 418b | abc0 0000 | 0045 8b44 
  0x000001ea7199a9e8: ec0c 453b | d00f 8375 | 6200 004d | 8d1c ec48 | 33ff 4f8d | 4493 1041 | 807f 4800 | 0f85 c9a4 
  0x000001ea7199aa08: 0000 4189 | 3844 8b5c | 2438 438b | 6cdc 2c45 | 8b5c ec08 

  0x000001ea7199aa1c: ;   {metadata('java/util/concurrent/locks/ReentrantLock')}
  0x000001ea7199aa1c: 4181 fbb0 | c91d 000f | 8583 5400 | 004d 8d14 | ec45 8b52 | 0c43 8b4c | d418 438b | 6cd4 0c4c 
  0x000001ea7199aa3c: 8bdd 49c1 | e303 4c8b | 4424 504d | 3bd8 0f85 | cd60 0000 | 83f9 0175 | 1648 33ff | 4f8d 5cd4 
  0x000001ea7199aa5c: 0c41 807f | 4800 0f85 | cba4 0000 | 4189 3b44 | 8b44 243c | 4f8d 1cc4 | 4c89 5c24 | 4844 8d41 
  0x000001ea7199aa7c: ff47 8944 | d418 f083 | 4424 c000 | 83f9 0175 | 1847 8b5c | d410 4585 | db74 0e47 | 8b4c dc14 
  0x000001ea7199aa9c: 4585 c90f | 85cb 3c00 | 0048 8b54 | 2428 4c8b 

  0x000001ea7199aaac: ;   {optimized virtual_call}
  0x000001ea7199aaac: 4424 48e8 

  0x000001ea7199aab0: ; ImmutableOopMap {[40]=Oop [56]=NarrowOop [60]=NarrowOop [64]=Oop [72]=Oop [80]=Oop }
                      ;*invokevirtual filterAndCheckEvent {reexecute=0 rethrow=0 return_oop=0}
                      ; - java.awt.EventDispatchThread::pumpOneEventForFilters@35 (line 192)
  0x000001ea7199aab0: ecd3 92f8 

  0x000001ea7199aab4: ;   {post_call_nop}
  0x000001ea7199aab4: 0f1f 8400 | 2c07 0002 | 85c0 0f84 | 094d 0000 

  0x000001ea7199aac4: ;   {oop(a 'sun/util/logging/PlatformLogger'{0x00000007ff9c6fa8})}
  0x000001ea7199aac4: 48ba a86f | 9cff 0700 

  0x000001ea7199aacc: ;   {oop(a 'sun/util/logging/PlatformLogger$Level'{0x00000007ff9c6f40})}
  0x000001ea7199aacc: 0000 49b8 | 406f 9cff | 0700 0000 

  0x000001ea7199aad8: ;   {optimized virtual_call}
  0x000001ea7199aad8: 6666 90e8 

  0x000001ea7199aadc: ; ImmutableOopMap {[40]=Oop [56]=NarrowOop [60]=NarrowOop [64]=Oop }
                      ;*invokevirtual isLoggable {reexecute=0 rethrow=0 return_oop=0}
                      ; - java.awt.EventDispatchThread::pumpOneEventForFilters@57 (line 199)
  0x000001ea7199aadc: b089 ffff 

  0x000001ea7199aae0: ;   {post_call_nop}
  0x000001ea7199aae0: 0f1f 8400 | 5807 0003 | 85c0 0f85 | 6460 0000 | 448b 5c24 | 3c4f 8d04 | dc48 8b54 

  0x000001ea7199aafc: ;   {optimized virtual_call}
  0x000001ea7199aafc: 2440 90e8 

  0x000001ea7199ab00: ; ImmutableOopMap {[40]=Oop }
                      ;*invokevirtual dispatchEvent {reexecute=0 rethrow=0 return_oop=0}
                      ; - java.awt.EventDispatchThread::pumpOneEventForFilters@81 (line 203)
  0x000001ea7199ab00: 0cdc 0200 

  0x000001ea7199ab04: ;   {post_call_nop}
  0x000001ea7199ab04: 0f1f 8400 | 7c07 0004 | 4881 c4f0 | 0000 005d 

  0x000001ea7199ab14: ;   {poll_return}
  0x000001ea7199ab14: 493b 6728 | 0f87 5bc4 | 0000 c381 | fdfa 0100 | 000f 8451 | 4800 0044 | 8d95 06fe | ffff 4181 
  0x000001ea7199ab34: fa28 0100 | 000f 8246 

  0x000001ea7199ab3c: ;   {metadata('sun/awt/PeerEvent')}
  0x000001ea7199ab3c: 4a00 0041 | 81fb 50f9 | 0201 0f85 | 5e40 0000 | 41ba 0400 | 0000 e952 | feff ff41 | 83fa 020f 
  0x000001ea7199ab5c: 861f 5200 | 0047 8b54 | cc18 438b | 4cd4 0c85 | c974 0949 | c1e2 03e9 | a3fd ffff | 478b 54cc 
  0x000001ea7199ab7c: 1443 8b4c | d40c 85c9 | 0f85 8dfd | ffff 478b | 54cc 1043 | 8b4c d40c | 85c9 7409 | 49c1 e203 
  0x000001ea7199ab9c: e97a fdff | ff47 8b44 | dc34 4585 | c00f 8441 | 6900 0044 | 8944 243c 

  0x000001ea7199abb4: ;   {oop(a 'sun/awt/AWTAutoShutdown'{0x00000007ff919668})}
  0x000001ea7199abb4: 41ba cd32 | f2ff 478b | 54d4 1444 | 8954 2448 | 4585 d20f | 8403 5500 | 004f 8d14 | c44c 8954 
  0x000001ea7199abd4: 2458 448b | 5c24 484f | 8d14 dc4c | 8954 2460 | 4c8b 5c24 | 6048 8d9c | 24d0 0000 | 004d 8b13 
  0x000001ea7199abf4: 418b 9fc8 | 0600 0041 | f6c2 020f | 8537 0000 | 0081 fb17 | 0700 000f | 8f4b 0000 | 004d 3b5c 
  0x000001ea7199ac14: 1ff8 7416 | 498b c248 | 83c8 0149 | 83e2 fef0 | 4d0f b113 | 0f85 2e00 | 0000 4d89 | 1c1f 4183 
  0x000001ea7199ac34: 87c8 0600 | 0008 eb1e | 4833 c049 | 8b9f a004 | 0000 f049 | 0fb1 5a3e | 740c 483b | d875 0949 
  0x000001ea7199ac54: ff82 8600 | 0000 33c0 | 0f85 2257 

  0x000001ea7199ac60: ;   {oop(a 'sun/awt/AWTAutoShutdown'{0x00000007ff919668})}
  0x000001ea7199ac60: 0000 41ba | cd32 f2ff | 478b 5cd4 | 1044 895c | 244c 4585 | db0f 846d | 5400 004f | 8d14 dc4c 
  0x000001ea7199ac80: 8954 2468 | 4c8b 5c24 | 6848 8d9c | 24d8 0000 | 004d 8b13 | 418b 9fc8 | 0600 0041 | f6c2 020f 
  0x000001ea7199aca0: 8537 0000 | 0081 fb17 | 0700 000f | 8f4b 0000 | 004d 3b5c | 1ff8 7416 | 498b c248 | 83c8 0149 
  0x000001ea7199acc0: 83e2 fef0 | 4d0f b113 | 0f85 2e00 | 0000 4d89 | 1c1f 4183 | 87c8 0600 | 0008 eb1e | 4833 c049 
  0x000001ea7199ace0: 8b9f a004 | 0000 f049 | 0fb1 5a3e | 740c 483b | d875 0949 | ff82 8600 | 0000 33c0 | 0f85 a756 
  0x000001ea7199ad00: ;   {oop(a 'sun/awt/AWTAutoShutdown'{0x00000007ff919668})}
  0x000001ea7199ad00: 0000 41bb | cd32 f2ff | 438b 6cdc | 1845 8b54 

  0x000001ea7199ad10: ;   {metadata('java/util/HashSet')}
  0x000001ea7199ad10: ec08 4181 | fa68 a223 | 000f 85ae | 5600 004d | 8d14 ec41 | 8b6a 0c45 | 8b5c ec08 

  0x000001ea7199ad2c: ;   {metadata('java/util/HashMap')}
  0x000001ea7199ad2c: 4181 fb80 | 4d20 000f | 85db 5600 | 004d 8d14 | ec4c 8954 | 2470 4c8b | 5424 584d | 8b12 4d8b 
  0x000001ea7199ad4c: da49 83e3 | 0349 83fb | 020f 8456 | 4a00 0049 | c1ea 0b41 | 8bc2 25ff | ffff 7f0f | 8444 4a00 
  0x000001ea7199ad6c: 004c 8b54 | 2470 458b | 5214 4489 | 5424 7847 | 8b5c d40c | 4585 db0f | 863b 6300 | 0041 ffcb 
  0x000001ea7199ad8c: 49c1 e203 | 4c89 9424 | 8000 0000 | 448b d041 | c1ea 1044 | 33d0 4489 | 5424 7c45 | 23da 4489 
  0x000001ea7199adac: 9c24 8800 | 0000 4c8b | 9424 8000 | 0000 478b | 5c9a 1044 | 899c 248c | 0000 0047 | 8b5c dc0c 
  0x000001ea7199adcc: 448b 8424 | 8c00 0000 | 4f8d 14c4 | 4c89 9424 | 9000 0000 | 443b 5c24 | 7c0f 85d1 | 4600 0047 
  0x000001ea7199adec: 8b5c c410 | 448b 4424 | 3c45 3bd8 | 0f85 9646 | 0000 4c8b | 8c24 9000 | 0000 4c8b | 9424 9000 
  0x000001ea7199ae0c: 0000 458b 

  0x000001ea7199ae10: ;   {metadata('java/util/HashMap$TreeNode')}
  0x000001ea7199ae10: 5a08 4181 | fba8 122d | 000f 84ed | 5200 0041 | 8b6a 184d | 3bd1 0f85 | 4149 0000 | 448b 5c24 
  0x000001ea7199ae30: 7847 8b54 

  0x000001ea7199ae34: ;   {metadata('java/util/HashMap$Node'[])}
  0x000001ea7199ae34: dc08 4181 | fae0 0b2d | 000f 8509 | 5700 004c | 8b8c 2480 | 0000 008b | 8c24 8800 | 0000 4d8d 
  0x000001ea7199ae54: 4489 1041 | 807f 4800 | 0f85 48a1 | 0000 4189 | 2844 8bdd | 49c1 e303 | 4d8b d04d | 33d3 49c1 
  0x000001ea7199ae74: ea16 741a | 4d85 db74 | 154d 8bd0 | 49c1 ea09 | 4d03 5750 | 4180 3aff | 7504 41c6 | 0200 4c8b 
  0x000001ea7199ae94: 9424 9000 | 0000 458b | 5214 4c8b | 5c24 7045 | 8b43 2041 | ffc0 4589 | 4320 458b | 431c 41ff 
  0x000001ea7199aeb4: c845 8943 

  0x000001ea7199aeb8: ;   {oop(a 'java/lang/Object'{0x00000007ff920e80})}
  0x000001ea7199aeb8: 1c41 81fa | d041 f2ff | 0f85 3a62 

  0x000001ea7199aec4: ;   {oop(a 'sun/awt/AWTAutoShutdown'{0x00000007ff919668})}
  0x000001ea7199aec4: 0000 41bb | cd32 f2ff | 470f b654 | dc0c 4585 

  0x000001ea7199aed4: ;   {oop(a 'sun/awt/AWTAutoShutdown'{0x00000007ff919668})}
  0x000001ea7199aed4: d275 2e41 | bacd 32f2 | ff43 8b6c | d41c 458b 

  0x000001ea7199aee4: ;   {metadata('java/util/IdentityHashMap')}
  0x000001ea7199aee4: 54ec 0841 | 81fa 18c9 | 2500 0f85 | fc56 0000 | 4d8d 14ec | 458b 5a1c | 4585 db0f | 84c3 6700 
  0x000001ea7199af04: 004c 8b5c | 2468 488d | 8424 d800 | 0000 418b | 87c8 0600 | 004d 8b13 | 4d3b 5c07 | f80f 852e 
  0x000001ea7199af24: 0000 0041 | 83af c806 | 0000 084d | 3b5c 07f0 | 0f84 5f00 | 0000 498b | c248 83e0 | fc49 83ca 
  0x000001ea7199af44: 01f0 4d0f | b113 0f85 | 1cc0 0000 | e944 0000 | 0049 83ba | 8600 0000 | 0075 3349 | c742 3e00 
  0x000001ea7199af64: 0000 00f0 | 8344 24c0 | 0049 83ba | 8e00 0000 | 0074 2249 | 83ba 9e00 | 0000 0075 | 1849 83e2 
  0x000001ea7199af84: fd4d 8997 | b805 0000 | 4183 ca01 | eb0a 49ff | 8a86 0000 | 0045 33d2 | 0f85 d954 | 0000 4c8b 
  0x000001ea7199afa4: 5c24 6048 | 8d84 24d0 | 0000 0041 | 8b87 c806 | 0000 4d8b | 134d 3b5c | 07f8 0f85 | 2e00 0000 
  0x000001ea7199afc4: 4183 afc8 | 0600 0008 | 4d3b 5c07 | f00f 845f | 0000 0049 | 8bc2 4883 | e0fc 4983 | ca01 f04d 
  0x000001ea7199afe4: ;   {other}
  0x000001ea7199afe4: 0fb1 130f | 8572 bf00 | 00e9 4400 | 0000 4983 | ba86 0000 | 0000 7533 | 49c7 423e | 0000 0000 
  0x000001ea7199b004: f083 4424 | c000 4983 | ba8e 0000 | 0000 7422 | 4983 ba9e | 0000 0000 | 7518 4983 | e2fd 4d89 
  0x000001ea7199b024: 97b8 0500 | 0041 83ca | 01eb 0a49 | ff8a 8600 | 0000 4533 | d20f 8511 | 5400 0044 | 8b54 2438 
  0x000001ea7199b044: 438b 6cd4 | 3045 8b5c 

  0x000001ea7199b04c: ;   {metadata('java/util/concurrent/locks/AbstractQueuedSynchronizer$ConditionObject')}
  0x000001ea7199b04c: ec08 4181 | fbb0 0601 | 010f 854b | 5400 004d | 8d14 ec4c | 8954 2448 | 4c8b 5424 | 5041 0fb6 
  0x000001ea7199b06c: 6a3a 85ed | 0f85 9664 | 0000 4c8b | 5424 4845 | 8b5a 1444 | 895c 2424 | 4585 db0f | 84b7 5000 
  0x000001ea7199b08c: 0045 33d2 | 448b 5c24 | 2447 3b64 | dc14 0f84 | 5143 0000 | 498b 87b0 | 0100 004c | 8bd0 4983 
  0x000001ea7199b0ac: c220 4d3b | 97c0 0100 | 000f 8311 | 4b00 004d | 8997 b001 | 0000 410f | 1882 0001 | 0000 48c7 
  0x000001ea7199b0cc: 0001 0000 

  0x000001ea7199b0d0: ;   {metadata('java/util/concurrent/locks/AbstractQueuedSynchronizer$ConditionNode')}
  0x000001ea7199b0d0: 00c7 4008 | 8007 1201 | 4489 600c | 4c89 6010 | 4c89 6018 | 4889 4424 | 584c 8b54 | 2448 458b 
  0x000001ea7199b0f0: 5214 438b | 6cd4 0c4c | 8bdd 49c1 | e303 4c8b | 4424 504d | 3bd8 0f85 | 3c60 0000 | c740 0c03 
  0x000001ea7199b110: 0000 004c | 8b5c 2448 | 418b 6b10 | 488b 5c24 | 504c 8d48 | 184c 8bc3 | 49c1 e803 | 4589 0185 
  0x000001ea7199b130: ed0f 8549 | 6000 0047 | 8b54 d418 | 4489 5424 | 6048 8b4c | 2448 4c8d | 4110 4180 | 7f48 000f 
  0x000001ea7199b150: 85ae 9e00 | 004c 8bc8 | 49c1 e903 | 4589 084d | 8bd0 4c33 | d049 c1ea | 1674 154d | 8bd0 49c1 
  0x000001ea7199b170: ea09 4d03 | 5750 4180 | 3aff 7504 | 41c6 0200 | 4c8b c94d | 8d51 0c41 | 807f 4800 | 0f85 e89e 
  0x000001ea7199b190: 0000 4c8b | d849 c1eb | 0345 891a | 4d8b c24c | 33c0 49c1 | e816 7415 | 4d8b c249 | c1e8 094d 
  0x000001ea7199b1b0: 0347 5041 | 8038 ff75 | 0441 c600 | 004d 8bd1 | 458b 5214 

  0x000001ea7199b1c4: ; implicit exception: dispatches to 0x000001ea719a3c54
  0x000001ea7199b1c4: 438b 5cd4 | 1843 8b6c | d40c 4c8b 

  0x000001ea7199b1d0: ;   {other}
  0x000001ea7199b1d0: dd49 c1e3 | 034c 8b44 | 2450 4d3b | d80f 8551 | 6300 003b | 5c24 6075 | 1648 33c9 | 4f8d 5cd4 
  0x000001ea7199b1f0: 0c41 807f | 4800 0f85 | eb9e 0000 | 4189 0b44 | 8bc3 442b | 4424 6047 | 8944 d418 | f083 4424 
  0x000001ea7199b210: c000 3b5c | 2460 0f85 | a852 0000 | 478b 5cd4 | 1045 85db | 740e 478b | 4cdc 1445 | 85c9 0f85 
  0x000001ea7199b230: 4036 0000 | 4c8b 4c24 | 5048 8b4c | 2448 4d8d | 4158 4180 | 7f48 000f | 8511 9f00 | 004c 8bd9 
  0x000001ea7199b250: 49c1 eb03 | 4589 184d | 8bd0 4c33 | d149 c1ea | 1674 154d | 8bd0 49c1 | ea09 4d03 | 5750 4180 
  0x000001ea7199b270: 3aff 7504 | 41c6 0200 | 4c8b 5424 | 5845 8b5a | 1045 85db | 744a 438b | 6cdc 144c | 8bd5 49c1 
  0x000001ea7199b290: e203 4c8b | 5c24 584d | 3bd3 0f84 | c211 0000 | ba45 ffff | ff4c 8b54 | 2428 4c89 | 5424 2044 
  0x000001ea7199b2b0: 8b5c 2438 | 4489 5c24 | 2c4c 8b54 | 2458 4c89 

  0x000001ea7199b2c0: ;   {runtime_call UncommonTrapBlob}
  0x000001ea7199b2c0: 5424 50e8 

  0x000001ea7199b2c4: ; ImmutableOopMap {rbp=NarrowOop [32]=Oop [44]=NarrowOop [72]=Oop [80]=Oop [88]=Oop }
                      ;*if_acmpeq {reexecute=1 rethrow=0 return_oop=0}
                      ; - (reexecute) java.util.concurrent.locks.AbstractQueuedSynchronizer$ConditionObject::canReacquire@18 (line 1631)
                      ; - java.util.concurrent.locks.AbstractQueuedSynchronizer$ConditionObject::await@44 (line 1743)
                      ; - java.awt.EventQueue::getNextEvent@52 (line 543)
                      ; - java.awt.EventDispatchThread::pumpOneEventForFilters@20 (line 190)
  0x000001ea7199b2c4: 186f a5ff 

  0x000001ea7199b2c8: ;   {post_call_nop}
  0x000001ea7199b2c8: 0f1f 8400 | 400f 0005 | 458b 5908 

  0x000001ea7199b2d4: ;   {metadata('java/util/concurrent/ForkJoinWorkerThread')}
  0x000001ea7199b2d4: 4181 fb48 | e63f 000f | 840b 5b00 | 0041 ba00 | 0000 944d | 03d3 4d8b | 5240 4c89 | 5424 68e9 
  0x000001ea7199b2f4: 1d15 0000 | 85ed 0f85 | 2463 0000 | 4c8b 5c24 | 4841 8b5b | 0c85 db0f | 85c0 0000 | 0048 8d84 
  0x000001ea7199b314: 24d0 0000 | 0041 8b87 | c806 0000 | 4d8b 134d | 3b5c 07f8 | 0f85 2e00 | 0000 4183 | afc8 0600 
  0x000001ea7199b334: 0008 4d3b | 5c07 f00f | 845f 0000 | 0049 8bc2 | 4883 e0fc | 4983 ca01 | f04d 0fb1 | 130f 85fb 
  0x000001ea7199b354: bb00 00e9 | 4400 0000 | 4983 ba86 | 0000 0000 | 7533 49c7 | 423e 0000 | 0000 f083 | 4424 c000 
  0x000001ea7199b374: 4983 ba8e | 0000 0000 | 7422 4983 | ba9e 0000 | 0000 7518 | 4983 e2fd | 4d89 97b8 | 0500 0041 
  0x000001ea7199b394: 83ca 01eb | 0a49 ff8a | 8600 0000 | 4533 d20f | 84d6 f3ff | ff49 8bcb | 488d 9424 | d000 0000 
  0x000001ea7199b3b4: ;   {runtime_call}
  0x000001ea7199b3b4: 4d8b c749 | baa0 ea55 | e5fd 7f00 | 0041 ffd2 

  0x000001ea7199b3c4: ;   {post_call_nop}
  0x000001ea7199b3c4: 0f1f 8400 | 0000 0000 | e9ae f3ff | ff4c 8b4c | 2448 488b | 4424 504d | 8d51 1841 | 807f 4800 
  0x000001ea7199b3e4: 0f85 e19d | 0000 4c8b | d849 c1eb | 0345 891a | 4d8b c24c | 33c0 49c1 | e816 7415 | 4d8b c249 
  0x000001ea7199b404: c1e8 094d | 0347 5041 | 8038 ff75 | 0441 c600 | 004d 33d2 | 4d8d 5910 | 4180 7f48 | 000f 8539 
  0x000001ea7199b424: 9e00 0045 | 8913 4d33 | db4d 8d41 | 0c41 807f | 4800 0f85 | af9e 0000 | 4589 1848 | 8d84 24d0 
  0x000001ea7199b444: 0000 0041 | 8b87 c806 | 0000 498b | 094d 3b4c | 07f8 0f85 | 2e00 0000 | 4183 afc8 | 0600 0008 
  0x000001ea7199b464: 4d3b 4c07 | f00f 845e | 0000 0048 | 8bc1 4883 | e0fc 4883 | c901 f049 | 0fb1 090f | 85c0 ba00 
  0x000001ea7199b484: 00e9 4300 | 0000 4883 | b986 0000 | 0000 7532 | 48c7 413e | 0000 0000 | f083 4424 | c000 4883 
  0x000001ea7199b4a4: b98e 0000 | 0000 7421 | 4883 b99e | 0000 0000 | 7517 4883 | e1fd 4989 | 8fb8 0500 

  0x000001ea7199b4c0: ;   {other}
  0x000001ea7199b4c0: 0083 c901 | eb09 48ff | 8986 0000 | 0033 c90f | 852b 5800 | 004d 8d14 | dce9 190c | 0000 4c8b 
  0x000001ea7199b4e0: 5c24 7048 | 8d84 24d0 | 0000 0041 | 8b87 c806 | 0000 4d8b | 134d 3b5c | 07f8 0f85 | 2e00 0000 
  0x000001ea7199b500: 4183 afc8 | 0600 0008 | 4d3b 5c07 | f00f 845f | 0000 0049 | 8bc2 4883 | e0fc 4983 | ca01 f04d 
  0x000001ea7199b520: 0fb1 130f | 850f ba00 | 00e9 4400 | 0000 4983 | ba86 0000 | 0000 7533 | 49c7 423e | 0000 0000 
  0x000001ea7199b540: f083 4424 | c000 4983 | ba8e 0000 | 0000 7422 | 4983 ba9e | 0000 0000 | 7518 4983 | e2fd 4d89 
  0x000001ea7199b560: 97b8 0500 | 0041 83ca | 01eb 0a49 | ff8a 8600 | 0000 4533 | d20f 8591 | 6100 0044 | 8b5c 243c 
  0x000001ea7199b580: ; implicit exception: dispatches to 0x000001ea719a39e0
  0x000001ea7199b580: 478b 54dc | 0844 8954 | 2424 43c6 | 44dc 1a01 | 448b 5c24 | 6043 8b6c | dc2c 458b 

  0x000001ea7199b59c: ;   {metadata('java/util/concurrent/locks/ReentrantLock')}
  0x000001ea7199b59c: 54ec 0841 | 81fa b0c9 | 1d00 0f85 | 1d4a 0000 | 4d8d 14ec | 458b 5a0c | 4585 db0f | 844b 4900 
  0x000001ea7199b5bc: 0033 c041 | ba01 0000 | 00f0 470f | b154 dc18 | 410f 94c2 | 450f b6d2 | 448b 4c24 | 3c4f 8d04 
  0x000001ea7199b5dc: cc4c 8944 | 2470 4585 | d20f 840e | 3200 0048 | 8b4c 2450 | 4f8d 44dc | 0c41 807f | 4800 0f85 
  0x000001ea7199b5fc: 629d 0000 | 4c8b d149 | c1ea 0345 | 8910 4d8b | c84c 33c9 | 49c1 e916 | 7415 4d8b | c849 c1e9 
  0x000001ea7199b61c: 094d 034f | 5041 8039 | ff75 0441 | c601 0044 | 8b5c 2460 | 438b 6cdc | 2485 ed0f | 8567 5800 
  0x000001ea7199b63c: 0045 8bd3 | 438b 6cd4 | 3485 ed0f | 848b 5800 | 0044 8b5c 

  0x000001ea7199b650: ;   {metadata('sun/awt/PeerEvent')}
  0x000001ea7199b650: 2424 4181 | fb50 f902 | 010f 85d0 | 3100 004c | 8b54 2470 | 4d8b 5240 | 41f6 c202 | 0f84 e831 
  0x000001ea7199b670: 0000 41bb | 0300 0000 | 4489 5c24 | 7c44 8b5c | 243c 478b | 5cdc 0c44 | 899c 2494 | 0000 0047 
  0x000001ea7199b690: 8b54 dc08 | 448b 5c24 | 3c47 8b44 | dc14 4489 | 4424 6444 | 8b44 2460 | 478b 5cc4 | 0c44 895c 
  0x000001ea7199b6b0: 2478 41bb | 0000 0094 | 4d03 da4d 

  0x000001ea7199b6bc: ;   {metadata('java/awt/Component')}
  0x000001ea7199b6bc: 8b53 3849 | bb70 3f02 | 9500 0000 | 004d 3bd3 | 7566 448b 

  0x000001ea7199b6d0: ;   {metadata('sun/awt/PeerEvent')}
  0x000001ea7199b6d0: 5424 2441 | 81fa 50f9 | 0201 0f85 | a932 0000 | 4c8b 4424 | 7048 8b54 | 2468 488b 

  0x000001ea7199b6ec: ;   {optimized virtual_call}
  0x000001ea7199b6ec: ea66 90e8 

  0x000001ea7199b6f0: ; ImmutableOopMap {rbp=Oop [40]=Oop [56]=NarrowOop [60]=NarrowOop [64]=Oop [72]=Oop [80]=Oop [88]=Oop [96]=NarrowOop [104]=Oop [112]=Oop }
                      ;*invokevirtual coalescePeerEvent {reexecute=0 rethrow=0 return_oop=0}
                      ; - java.awt.EventQueue::coalesceEvent@24 (line 442)
                      ; - java.awt.EventQueue::postEvent@3 (line 314)
                      ; - java.awt.EventQueue::postEventPrivate@76 (line 279)
                      ; - java.awt.EventQueue::postEvent@9 (line 251)
                      ; - sun.awt.PostEventQueue::flush@87 (line 2064)
                      ; - sun.awt.SunToolkit::flushPendingEvents@15 (line 502)
                      ; - java.awt.EventQueue::getNextEvent@4 (line 535)
                      ; - java.awt.EventDispatchThread::pumpOneEventForFilters@20 (line 190)
  0x000001ea7199b6f0: ec39 98ff 

  0x000001ea7199b6f4: ;   {post_call_nop}
  0x000001ea7199b6f4: 0f1f 8400 | 6c13 0006 | 85c0 0f85 | e407 0000 | 448b 5c24 | 3c47 8b5c | dc14 4489 | 5c24 6444 
  0x000001ea7199b714: 8b54 243c | 478b 54d4 | 0c44 8994 | 2494 0000 | 0044 8b5c | 2460 478b | 54dc 0c44 | 8954 2478 
  0x000001ea7199b734: 4d8b 9fb0 | 0100 004d | 8bd3 4983 | c218 4d3b | 97c0 0100 | 000f 8358 | 4400 004d | 8997 b001 
  0x000001ea7199b754: 0000 410f | 1882 0001 | 0000 49c7 | 0301 0000 

  0x000001ea7199b764: ;   {metadata('sun/awt/EventQueueItem')}
  0x000001ea7199b764: 0041 c743 | 0808 fc02 | 0145 8963 | 0c4d 8963 | 104c 899c | 2480 0000 | 0044 8b44 | 243c 4589 
  0x000001ea7199b784: 430c 448b | 5424 6441 | 81fa f701 | 0000 0f85 | 590c 0000 | 41bb 0200 | 0000 4183 | fbff 0f84 
  0x000001ea7199b7a4: b700 0000 | 448b 9424 | 9400 0000 

  0x000001ea7199b7b0: ; implicit exception: dispatches to 0x000001ea719a44f8
  0x000001ea7199b7b0: 478b 44d4 | 0841 ba00 | 0000 944d | 03d0 4d8b 

  0x000001ea7199b7c0: ;   {metadata('java/awt/Component')}
  0x000001ea7199b7c0: 5238 49b8 | 703f 0295 | 0000 0000 | 4d3b d00f | 858a 0000 | 0044 8b84 | 2494 0000 | 004b 8d2c 
  0x000001ea7199b7e0: c444 8b85 | c000 0000 | 4585 c00f | 844c 4100 | 004d 8bd0 | 49c1 e203 | 4489 9c24 | 8800 0000 
  0x000001ea7199b800: 458b 420c | 448b 9c24 | 8800 0000 | 453b d80f | 839c 6100 | 008b 9c24 | 8800 0000 | 488b 8c24 
  0x000001ea7199b820: 8000 0000 | 4d8d 5c9a | 1041 807f | 4800 0f85 | 919b 0000 | 4c8b c949 | c1e9 0345 | 890b 4d8b 
  0x000001ea7199b840: c34c 33c1 | 49c1 e816 | 7415 4d8b | c349 c1e8 | 094d 0347 | 5041 8038 | ff75 0441 | c600 0044 
  0x000001ea7199b860: 8b54 2464 | 443b 5424 | 780f 84d5 | 5600 0044 | 8b5c 2460 | 438b 6cdc | 2045 8b44 | ec0c 448b 
  0x000001ea7199b880: 5424 7c45 | 3bd0 0f83 | c446 0000 | 4d8d 14ec | 448b 4c24 | 7c47 8b4c | 8a10 478b | 54cc 1047 
  0x000001ea7199b8a0: 3b64 cc0c | 0f85 4832 | 0000 4585 | c00f 86f9 | 4800 0041 | 83f8 020f | 86ef 4800 | 0045 8b5c 
  0x000001ea7199b8c0: ;   {other}
  0x000001ea7199b8c0: ec10 4585 | db0f 8459 | 4700 0047 | 3b64 dc0c | 0f85 d63f | 0000 4183 | f803 0f86 | 2049 0000 
  0x000001ea7199b8e0: 458b 5cec | 1445 85db | 0f84 3647 | 0000 473b | 64dc 0c0f | 85b3 3f00 | 0045 8b54 | ec18 4585 
  0x000001ea7199b900: d20f 841d | 4700 0047 | 3b64 d40c | 0f85 9a3f | 0000 458b | 5cec 1c45 | 85db 0f84 | 0447 0000 
  0x000001ea7199b920: 473b 64dc | 0c0f 8581 | 3f00 0044 | 8b54 243c | 438b 6cd4 | 0c48 8bbc | 2480 0000 | 004f 8d5c 
  0x000001ea7199b940: cc0c 4180 | 7f48 000f | 85db 9a00 | 0048 8bdf | 48c1 eb03 | 4189 1b49 | 8bcb 4833 | cf48 c1e9 
  0x000001ea7199b960: 1674 1349 | 8bcb 48c1 | e909 4903 | 4f50 8039 | ff75 03c6 | 0100 4f8d | 44cc 1041 | 807f 4800 
  0x000001ea7199b980: 0f85 239b | 0000 4c8b | d749 c1ea | 0345 8910 | 4d8b d84c | 33df 49c1 | eb16 7415 | 4d8b d849 
  0x000001ea7199b9a0: c1eb 094d | 035f 5041 | 803b ff75 | 0441 c603 

  0x000001ea7199b9b0: ;   {oop(a 'sun/awt/AWTAutoShutdown'{0x00000007ff919668})}
  0x000001ea7199b9b0: 0081 fdcd | 32f2 ff0f | 8453 5a00 | 0044 8b5c | 2460 478b | 54dc 3444 | 8954 243c | 4585 d20f 
  0x000001ea7199b9d0: 847b 5a00 

  0x000001ea7199b9d4: ;   {oop(a 'sun/awt/AWTAutoShutdown'{0x00000007ff919668})}
  0x000001ea7199b9d4: 0041 bbcd | 32f2 ff47 | 8b5c dc14 | 4489 5c24 | 6445 85db | 0f84 5a46 | 0000 4f8d | 14dc 4c89 
  0x000001ea7199b9f4: 5424 704c | 8b5c 2470 | 488d 9c24 | d000 0000 | 4d8b 1341 | 8b9f c806 | 0000 41f6 | c202 0f85 
  0x000001ea7199ba14: 3700 0000 | 81fb 1707 | 0000 0f8f | 4b00 0000 | 4d3b 5c1f | f874 1649 | 8bc2 4883 | c801 4983 
  0x000001ea7199ba34: e2fe f04d | 0fb1 130f | 852e 0000 | 004d 891c | 1f41 8387 | c806 0000 | 08eb 1e48 | 33c0 498b 
  0x000001ea7199ba54: 9fa0 0400 | 00f0 490f | b15a 3e74 | 0c48 3bd8 | 7509 49ff | 8286 0000 | 0033 c00f | 85df 4700 
  0x000001ea7199ba74: ;   {oop(a 'sun/awt/AWTAutoShutdown'{0x00000007ff919668})}
  0x000001ea7199ba74: 0041 bacd | 32f2 ff47 | 8b54 d410 | 4489 5424 | 7845 85d2 | 0f84 f245 | 0000 49c1 | e203 4c89 
  0x000001ea7199ba94: 9424 8000 | 0000 4c8b | 9c24 8000 | 0000 488d | 9c24 d800 | 0000 4d8b | 1341 8b9f | c806 0000 
  0x000001ea7199bab4: 41f6 c202 | 0f85 3700 | 0000 81fb | 1707 0000 | 0f8f 4b00 | 0000 4d3b | 5c1f f874 | 1649 8bc2 
  0x000001ea7199bad4: 4883 c801 | 4983 e2fe | f04d 0fb1 | 130f 852e | 0000 004d | 891c 1f41 | 8387 c806 | 0000 08eb 
  0x000001ea7199baf4: 1e48 33c0 | 498b 9fa0 | 0400 00f0 | 490f b15a | 3e74 0c48 | 3bd8 7509 | 49ff 8286 | 0000 0033 
  0x000001ea7199bb14: c00f 855e 

  0x000001ea7199bb18: ;   {oop(a 'sun/awt/AWTAutoShutdown'{0x00000007ff919668})}
  0x000001ea7199bb18: 4700 0041 | bbcd 32f2 | ff43 8b6c | dc20 85ed | 0f84 5a59 

  0x000001ea7199bb2c: ;   {oop(a 'sun/awt/AWTAutoShutdown'{0x00000007ff919668})}
  0x000001ea7199bb2c: 0000 41ba | cd32 f2ff | 470f b654 | d40c 4585 | d275 2843 | 8b6c dc1c 

  0x000001ea7199bb44: ; implicit exception: dispatches to 0x000001ea719a3cd8
  0x000001ea7199bb44: 458b 54ec 

  0x000001ea7199bb48: ;   {metadata('java/util/IdentityHashMap')}
  0x000001ea7199bb48: 0841 81fa | 18c9 2500 | 0f85 324a | 0000 4d8d | 14ec 458b | 5a1c 4585 | db0f 84f1 

  0x000001ea7199bb64: ;   {oop(a 'sun/awt/AWTAutoShutdown'{0x00000007ff919668})}
  0x000001ea7199bb64: 5a00 0041 | bbcd 32f2 | ff43 8b6c | dc18 458b 

  0x000001ea7199bb74: ;   {metadata('java/util/HashSet')}
  0x000001ea7199bb74: 5cec 0841 | 81fb 68a2 | 2300 0f85 | 1947 0000 | 498d 14ec | 448b 5424 | 3c4f 8d04 | d448 8bac 
  0x000001ea7199bb94: 2480 0000 

  0x000001ea7199bb98: ;   {optimized virtual_call}
  0x000001ea7199bb98: 0066 90e8 

  0x000001ea7199bb9c: ; ImmutableOopMap {rbp=Oop [40]=Oop [56]=NarrowOop [64]=Oop [72]=Oop [80]=Oop [88]=Oop [96]=NarrowOop [100]=NarrowOop [104]=Oop [112]=Oop [120]=NarrowOop }
                      ;*invokeinterface add {reexecute=0 rethrow=0 return_oop=0}
                      ; - sun.awt.AWTAutoShutdown::notifyThreadBusy@57 (line 178)
                      ; - java.awt.EventQueue::postEvent@102 (line 330)
                      ; - java.awt.EventQueue::postEventPrivate@76 (line 279)
                      ; - java.awt.EventQueue::postEvent@9 (line 251)
                      ; - sun.awt.PostEventQueue::flush@87 (line 2064)
                      ; - sun.awt.SunToolkit::flushPendingEvents@15 (line 502)
                      ; - java.awt.EventQueue::getNextEvent@4 (line 535)
                      ; - java.awt.EventDispatchThread::pumpOneEventForFilters@20 (line 190)
  0x000001ea7199bb9c: f033 f8ff 

  0x000001ea7199bba0: ;   {post_call_nop}
  0x000001ea7199bba0: 0f1f 8400 | 1818 0007 | 488d 8424 | d800 0000 | 418b 87c8 | 0600 004c | 8b55 0049 | 3b6c 07f8 
  0x000001ea7199bbc0: 0f85 2f00 | 0000 4183 | afc8 0600 | 0008 493b | 6c07 f00f | 8460 0000 | 0049 8bc2 | 4883 e0fc 
  0x000001ea7199bbe0: 4983 ca01 | f04c 0fb1 | 5500 0f85 | 3bb3 0000 | e944 0000 | 0049 83ba | 8600 0000 | 0075 3349 
  0x000001ea7199bc00: c742 3e00 | 0000 00f0 | 8344 24c0 | 0049 83ba | 8e00 0000 | 0074 2249 | 83ba 9e00 | 0000 0075 
  0x000001ea7199bc20: 1849 83e2 | fd4d 8997 | b805 0000 | 4183 ca01 | eb0a 49ff | 8a86 0000 | 0045 33d2 | 0f85 ea46 
  0x000001ea7199bc40: 0000 4c8b | 5c24 7048 | 8d84 24d0 | 0000 0041 | 8b87 c806 | 0000 4d8b | 134d 3b5c | 07f8 0f85 
  0x000001ea7199bc60: 2e00 0000 | 4183 afc8 | 0600 0008 | 4d3b 5c07 | f00f 845f | 0000 0049 | 8bc2 4883 | e0fc 4983 
  0x000001ea7199bc80: ca01 f04d | 0fb1 130f | 8591 b200 | 00e9 4400 | 0000 4983 | ba86 0000 | 0000 7533 

  0x000001ea7199bc9c: ;   {other}
  0x000001ea7199bc9c: 49c7 423e | 0000 0000 | f083 4424 | c000 4983 | ba8e 0000 | 0000 7422 | 4983 ba9e | 0000 0000 
  0x000001ea7199bcbc: 7518 4983 | e2fd 4d89 | 97b8 0500 | 0041 83ca | 01eb 0a49 | ff8a 8600 | 0000 4533 | d20f 8525 
  0x000001ea7199bcdc: 4600 0044 | 8b5c 2460 | 438b 6cdc | 3045 8b5c 

  0x000001ea7199bcec: ;   {metadata('java/util/concurrent/locks/AbstractQueuedSynchronizer$ConditionObject')}
  0x000001ea7199bcec: ec08 4181 | fbb0 0601 | 010f 8559 | 4600 004d | 8d0c ec45 | 8b51 1447 | 8b54 d40c | 418b 490c 
  0x000001ea7199bd0c: 4d8b da49 | c1e3 034c | 8b44 2450 | 4d3b d80f | 856f 5200 | 0085 c90f | 84bf 0100 | 0041 8b6c 
  0x000001ea7199bd2c: cc1c 4d8d | 590c 4180 | 7f48 000f | 85cf 9700 | 0041 892b | 448b c549 | c1e0 034d | 8bd3 4d33 
  0x000001ea7199bd4c: d049 c1ea | 1674 1a4d | 85c0 7415 | 4d8b d349 | c1ea 094d | 0357 5041 | 803a ff75 | 0441 c602 
  0x000001ea7199bd6c: 0085 ed0f | 856f 6400 | 0048 33db | 4d8d 5910 | 4180 7f48 | 000f 85f2 | 9700 0041 | 891b 458b 
  0x000001ea7199bd8c: 5ccc 0c45 | 8bc3 4183 | e0fd 418b | c3f0 450f | b144 cc0c | 400f 94c5 | 400f b6ed | 85ed 0f84 
  0x000001ea7199bdac: 7c64 0000 | 4183 e302 | 0f84 c264 | 0000 458b | 4114 478b | 5cc4 1445 | 85db 0f84 | e864 0000 
  0x000001ea7199bdcc: 4b8d 74c4 | 1449 8d5c | cc10 4180 | 7f48 000f | 8505 9800 | 0044 891b | 418b d348 | c1e2 0348 
  0x000001ea7199bdec: ;   {other}
  0x000001ea7199bdec: 8bfb 4833 | fa48 c1ef | 1674 1348 | 8bfb 48c1 | ef09 4903 | 7f50 803f | ff75 03c6 | 0700 418b 
  0x000001ea7199be0c: c341 807f | 4800 0f85 | 4e98 0000 | 448b d1f0 | 440f b116 | 400f 94c5 | 400f b6ed | 49c1 e203 
  0x000001ea7199be2c: 4c8b ee4d | 33ea 49c1 | ed16 741c | 4d85 d274 | 174c 8bee | 49c1 ed09 | 4d03 6f50 | 4180 7d00 
  0x000001ea7199be4c: ff75 0541 | c645 0000 | 85ed 0f84 | a864 0000 | 4b8d 5cdc | 1441 807f | 4800 0f85 | 8598 0000 
  0x000001ea7199be6c: 890b 448b | d149 c1e2 | 034c 8bc3 | 4d33 c249 | c1e8 1674 | 154c 8bc3 | 49c1 e809 | 4d03 4750 
  0x000001ea7199be8c: 4180 38ff | 7504 41c6 | 0000 f083 | 4424 c000 | 438b 6cdc | 0c85 ed7d | 43ba 45ff | ffff 4c8b 
  0x000001ea7199beac: 5424 284c | 8954 2420 | 448b 5c24 | 3844 895c | 242c 4c8b | 5424 484c | 8954 2430 | 4c8b 5424 
  0x000001ea7199becc: 504c 8954 | 2438 4c89 | 4c24 5089 

  0x000001ea7199bed8: ;   {runtime_call UncommonTrapBlob}
  0x000001ea7199bed8: 4c24 4ce8 

  0x000001ea7199bedc: ; ImmutableOopMap {[32]=Oop [44]=NarrowOop [48]=Oop [56]=Oop [76]=NarrowOop [80]=Oop [88]=Oop [96]=NarrowOop }
                      ;*ifge {reexecute=1 rethrow=0 return_oop=0}
                      ; - (reexecute) java.util.concurrent.locks.AbstractQueuedSynchronizer::enqueue@52 (line 618)
                      ; - java.util.concurrent.locks.AbstractQueuedSynchronizer$ConditionObject::doSignal@46 (line 1556)
                      ; - java.util.concurrent.locks.AbstractQueuedSynchronizer$ConditionObject::signalAll@30 (line 1593)
                      ; - java.awt.EventQueue::postEvent@109 (line 332)
                      ; - java.awt.EventQueue::postEventPrivate@76 (line 279)
                      ; - java.awt.EventQueue::postEvent@9 (line 251)
                      ; - sun.awt.PostEventQueue::flush@87 (line 2064)
                      ; - sun.awt.SunToolkit::flushPendingEvents@15 (line 502)
                      ; - java.awt.EventQueue::getNextEvent@4 (line 535)
                      ; - java.awt.EventDispatchThread::pumpOneEventForFilters@20 (line 190)
  0x000001ea7199bedc: 0063 a5ff 

  0x000001ea7199bee0: ;   {post_call_nop}
  0x000001ea7199bee0: 0f1f 8400 | 581b 0008 | 448b 5c24 | 6043 8b6c | dc2c 458b 

  0x000001ea7199bef4: ;   {metadata('java/util/concurrent/locks/ReentrantLock')}
  0x000001ea7199bef4: 5cec 0841 | 81fb b0c9 | 1d00 0f85 | f840 0000 | 4d8d 14ec | 458b 520c 

  0x000001ea7199bf0c: ; implicit exception: dispatches to 0x000001ea719a3aa0
  0x000001ea7199bf0c: 438b 4cd4 | 1843 8b6c | d40c 4c8b | dd49 c1e3 | 034c 8b44 | 2450 4d3b | d80f 85e1 | 4f00 0083 
  0x000001ea7199bf2c: f901 7516 | 4833 ff4f | 8d44 d40c | 4180 7f48 | 000f 851b | 9800 0041 | 8938 448d | 59ff 4789 
  0x000001ea7199bf4c: 5cd4 18f0 | 8344 24c0 | 0083 f901 | 7518 478b | 54d4 1045 | 85d2 740e | 478b 5cd4 | 1445 85db 
  0x000001ea7199bf6c: 0f85 8b29 | 0000 4c8b | 5424 5845 | 8b5a 1045 | 85db 0f85 | 6f01 0000 | 4c8b 5c24 | 4848 8d9c 
  0x000001ea7199bf8c: 24d0 0000 | 004d 8b13 | 418b 9fc8 | 0600 0041 | f6c2 020f | 8537 0000 | 0081 fb17 | 0700 000f 
  0x000001ea7199bfac: 8f4b 0000 | 004d 3b5c | 1ff8 7416 | 498b c248 | 83c8 0149 | 83e2 fef0 | 4d0f b113 | 0f85 2e00 
  0x000001ea7199bfcc: 0000 4d89 | 1c1f 4183 | 87c8 0600 | 0008 eb1e | 4833 c049 | 8b9f a004 | 0000 f049 | 0fb1 5a3e 
  0x000001ea7199bfec: 740c 483b | d875 0949 

  0x000001ea7199bff4: ;   {other}
  0x000001ea7199bff4: ff82 8600 | 0000 33c0 | 0f85 264d | 0000 4c8b | 4c24 4848 | 33c9 4d8d | 5118 4180 | 7f48 000f 
  0x000001ea7199c014: 85bc 9700 | 0041 890a | 498b d149 

  0x000001ea7199c020: ;   {optimized virtual_call}
  0x000001ea7199c020: 8be9 90e8 

  0x000001ea7199c024: ; ImmutableOopMap {rbp=Oop [40]=Oop [56]=NarrowOop [64]=Oop [72]=Oop [80]=Oop }
                      ;*invokevirtual notifyAll {reexecute=0 rethrow=0 return_oop=0}
                      ; - sun.awt.PostEventQueue::flush@108 (line 2073)
                      ; - sun.awt.SunToolkit::flushPendingEvents@15 (line 502)
                      ; - java.awt.EventQueue::getNextEvent@4 (line 535)
                      ; - java.awt.EventDispatchThread::pumpOneEventForFilters@20 (line 190)
  0x000001ea7199c024: e841 f0ff 

  0x000001ea7199c028: ;   {post_call_nop}
  0x000001ea7199c028: 0f1f 8400 | a01c 0009 | 4c8b dd48 | 8d84 24d0 | 0000 0041 | 8b87 c806 | 0000 4d8b | 134d 3b5c 
  0x000001ea7199c048: 07f8 0f85 | 2e00 0000 | 4183 afc8 | 0600 0008 | 4d3b 5c07 | f00f 845f | 0000 0049 | 8bc2 4883 
  0x000001ea7199c068: e0fc 4983 | ca01 f04d | 0fb1 130f | 8598 ae00 | 00e9 4400 | 0000 4983 | ba86 0000 | 0000 7533 
  0x000001ea7199c088: 49c7 423e | 0000 0000 | f083 4424 | c000 4983 | ba8e 0000 | 0000 7422 | 4983 ba9e | 0000 0000 
  0x000001ea7199c0a8: 7518 4983 | e2fd 4d89 | 97b8 0500 | 0041 83ca | 01eb 0a49 | ff8a 8600 | 0000 4533 | d20f 84b4 
  0x000001ea7199c0c8: e6ff ff49 | 8bcb 488d | 9424 d000 | 0000 4d8b 

  0x000001ea7199c0d8: ;   {runtime_call}
  0x000001ea7199c0d8: c749 baa0 | ea55 e5fd | 7f00 0041 

  0x000001ea7199c0e4: ;   {post_call_nop}
  0x000001ea7199c0e4: ffd2 0f1f | 8400 0000 | 0000 e98c | e6ff ff4f | 8d14 dc4c | 8954 2458 | 458b 5a0c | 4489 5c24 
  0x000001ea7199c104: 3c4c 8b54 | 2448 458b | 5214 4489 | 5424 6047 | 8b54 d444 | 4585 d20f | 84c3 3d00 | 004b 8d14 
  0x000001ea7199c124: d444 8b54 | 2460 49c1 | e203 4c89 

  0x000001ea7199c130: ;   {oop("PostEventQueue"{0x00000007ff993148})}
  0x000001ea7199c130: 5424 6849 | b848 3199 | ff07 0000 

  0x000001ea7199c13c: ;   {optimized virtual_call}
  0x000001ea7199c13c: 0066 90e8 

  0x000001ea7199c140: ; ImmutableOopMap {[40]=Oop [56]=NarrowOop [60]=NarrowOop [64]=Oop [72]=Oop [80]=Oop [88]=Oop [96]=NarrowOop [104]=Oop }
                      ;*invokevirtual get {reexecute=0 rethrow=0 return_oop=1}
                      ; - sun.awt.SunToolkit::flushPendingEvents@3 (line 500)
                      ; - java.awt.EventQueue::postEvent@4 (line 250)
                      ; - sun.awt.PostEventQueue::flush@87 (line 2064)
                      ; - sun.awt.SunToolkit::flushPendingEvents@15 (line 502)
                      ; - java.awt.EventQueue::getNextEvent@4 (line 535)
                      ; - java.awt.EventDispatchThread::pumpOneEventForFilters@20 (line 190)
  0x000001ea7199c140: 4ced f1ff 

  0x000001ea7199c144: ;   {post_call_nop}
  0x000001ea7199c144: 0f1f 8400 | bc1d 000a 

  0x000001ea7199c14c: ; implicit exception: dispatches to 0x000001ea719a39bc
  0x000001ea7199c14c: 448b 5008 

  0x000001ea7199c150: ;   {metadata('sun/awt/PostEventQueue')}
  0x000001ea7199c150: 4181 fa80 | ea02 010f | 853f 7000 | 0048 8944 | 2470 4c8b | 5c24 7048 | 8d9c 24d0 | 0000 004d 
  0x000001ea7199c170: 8b13 418b | 9fc8 0600 | 0041 f6c2 | 020f 8537 | 0000 0081 | fb17 0700 | 000f 8f4b | 0000 004d 
  0x000001ea7199c190: 3b5c 1ff8 | 7416 498b | c248 83c8 | 0149 83e2 | fef0 4d0f | b113 0f85 | 2e00 0000 | 4d89 1c1f 
  0x000001ea7199c1b0: 4183 87c8 | 0600 0008 | eb1e 4833 | c049 8b9f | a004 0000 | f049 0fb1 | 5a3e 740c | 483b d875 
  0x000001ea7199c1d0: 0949 ff82 | 8600 0000 | 33c0 0f85 | c43d 0000 | 4c8b 5424 | 7041 8b6a | 184c 8bd5 | 49c1 e203 
  0x000001ea7199c1f0: 4c8b 5c24 | 504d 3bda | 0f84 e0f2 | ffff 85ed | 0f85 7659 | 0000 4c8b | 5424 7041 | 8b5a 0c85 
  0x000001ea7199c210: db0f 85c5 | 0000 004c | 8b5c 2470 | 488d 8424 | d000 0000 | 418b 87c8 | 0600 004d | 8b13 4d3b 
  0x000001ea7199c230: 5c07 f80f | 852e 0000 | 0041 83af | c806 0000 | 084d 3b5c | 07f0 0f84 | 5f00 0000 

  0x000001ea7199c24c: ;   {other}
  0x000001ea7199c24c: 498b c248 | 83e0 fc49 | 83ca 01f0 | 4d0f b113 | 0f85 a2ac | 0000 e944 | 0000 0049 | 83ba 8600 
  0x000001ea7199c26c: 0000 0075 | 3349 c742 | 3e00 0000 | 00f0 8344 | 24c0 0049 | 83ba 8e00 | 0000 0074 | 2249 83ba 
  0x000001ea7199c28c: 9e00 0000 | 0075 1849 | 83e2 fd4d | 8997 b805 | 0000 4183 | ca01 eb0a | 49ff 8a86 | 0000 0045 
  0x000001ea7199c2ac: 33d2 0f84 | c7f2 ffff | 498b cb48 | 8d94 24d0 | 0000 004d 

  0x000001ea7199c2c0: ;   {runtime_call}
  0x000001ea7199c2c0: 8bc7 49ba | a0ea 55e5 | fd7f 0000 

  0x000001ea7199c2cc: ;   {post_call_nop}
  0x000001ea7199c2cc: 41ff d20f | 1f84 0000 | 0000 00e9 | 9ff2 ffff | 4c8b 4c24 | 7048 8b4c | 2450 4d8d | 5118 4180 
  0x000001ea7199c2ec: 7f48 000f | 854d 9500 | 004c 8bd9 | 49c1 eb03 | 4589 1a4d | 8bc2 4c33 | c149 c1e8 | 1674 154d 
  0x000001ea7199c30c: 8bc2 49c1 | e809 4d03 | 4750 4180 | 38ff 7504 | 41c6 0000 | 4d33 d24d | 8d41 1041 | 807f 4800 
  0x000001ea7199c32c: 0f85 a595 | 0000 4589 | 104d 8bc1 | 4d33 c94d | 8d58 0c41 | 807f 4800 | 0f85 1896 | 0000 4589 
  0x000001ea7199c34c: 0b48 8d84 | 24d0 0000 | 0041 8b87 | c806 0000 | 498b 104d | 3b44 07f8 | 0f85 2e00 | 0000 4183 
  0x000001ea7199c36c: afc8 0600 | 0008 4d3b | 4407 f00f | 845e 0000 | 0048 8bc2 | 4883 e0fc | 4883 ca01 | f049 0fb1 
  0x000001ea7199c38c: 100f 8564 | ab00 00e9 | 4300 0000 | 4883 ba86 | 0000 0000 | 7532 48c7 | 423e 0000 | 0000 f083 
  0x000001ea7199c3ac: 4424 c000 | 4883 ba8e | 0000 0000 | 7421 4883 | ba9e 0000 | 0000 7517 | 4883 e2fd | 4989 97b8 
  0x000001ea7199c3cc: ;   {other}
  0x000001ea7199c3cc: 0500 0083 | ca01 eb09 | 48ff 8a86 | 0000 0033 | d20f 8551 | 5300 004d | 8d14 dc4c | 8954 2478 
  0x000001ea7199c3ec: e9c2 0e00 | 0041 81fa | fa01 0000 | 0f84 0d31 | 0000 4181 | c206 feff | ff41 81fa | 2801 0000 
  0x000001ea7199c40c: 0f82 ff31 | 0000 448b 

  0x000001ea7199c414: ;   {metadata('sun/awt/PeerEvent')}
  0x000001ea7199c414: 5424 2441 | 81fa 50f9 | 0201 0f85 | b029 0000 | 41bb 0400 | 0000 e96f | f3ff ff4c | 8b54 2458 
  0x000001ea7199c434: 458b 5a10 

  0x000001ea7199c438: ; ImmutableOopMap {r11=NarrowOop [40]=Oop [56]=NarrowOop [64]=Oop [72]=Oop [80]=Oop [88]=Oop }
                      ;*goto {reexecute=1 rethrow=0 return_oop=0}
                      ; - (reexecute) java.util.concurrent.locks.AbstractQueuedSynchronizer$ConditionObject::await@110 (line 1757)
                      ; - java.awt.EventQueue::getNextEvent@52 (line 543)
                      ; - java.awt.EventDispatchThread::pumpOneEventForFilters@20 (line 190)
  0x000001ea7199c438: 4d8b 5730 

  0x000001ea7199c43c: ;   {poll}
  0x000001ea7199c43c: 4185 0245 | 85db 0f84 | cd03 0000 | 438b 6cdc | 144c 8bd5 | 49c1 e203 | 4c8b 5c24 | 584d 3bd3 
  0x000001ea7199c45c: 0f85 2a5a | 0000 4c8b | 4c24 5048 | 33db 4d8d | 4158 4180 | 7f48 000f | 8560 9500 | 0041 8918 
  0x000001ea7199c47c: 4c8b 5424 | 5845 8962 | 0c4c 8b54 | 2448 418b | 6a14 85ed | 0f84 d23c | 0000 498d | 14ec 4c8b 
  0x000001ea7199c49c: 4424 5844 | 8b4c 2460 | 33ff 33f6 | 33c9 4533 | d24c 8914 

  0x000001ea7199c4b0: ;   {optimized virtual_call}
  0x000001ea7199c4b0: 2466 90e8 

  0x000001ea7199c4b4: ; ImmutableOopMap {rbp=NarrowOop [40]=Oop [56]=NarrowOop [64]=Oop [72]=Oop [80]=Oop [88]=Oop }
                      ;*invokevirtual acquire {reexecute=0 rethrow=0 return_oop=0}
                      ; - java.util.concurrent.locks.AbstractQueuedSynchronizer::reacquire@7 (line 668)
                      ; - java.util.concurrent.locks.AbstractQueuedSynchronizer$ConditionObject::await@148 (line 1763)
                      ; - java.awt.EventQueue::getNextEvent@52 (line 543)
                      ; - java.awt.EventDispatchThread::pumpOneEventForFilters@20 (line 190)
  0x000001ea7199c4b4: d80f 0200 

  0x000001ea7199c4b8: ;   {post_call_nop}
  0x000001ea7199c4b8: 0f1f 8400 | 3021 000c | 448b 5c24 | 3843 8b6c | dc2c 458b 

  0x000001ea7199c4cc: ;   {metadata('java/util/concurrent/locks/ReentrantLock')}
  0x000001ea7199c4cc: 5cec 0841 | 81fb b0c9 | 1d00 0f85 | 1040 0000 | 4d8d 14ec | 458b 520c 

  0x000001ea7199c4e4: ; implicit exception: dispatches to 0x000001ea719a3c90
  0x000001ea7199c4e4: 438b 4cd4 | 1843 8b6c | d40c 4c8b | dd49 c1e3 | 034c 8b44 | 2450 4d3b | d80f 8569 | 5000 0083 
  0x000001ea7199c504: f901 7516 | 4833 ff4f | 8d4c d40c | 4180 7f48 | 000f 8517 | 9500 0041 | 8939 448d | 59ff 4789 
  0x000001ea7199c524: 5cd4 18f0 | 8344 24c0 | 0083 f901 | 7518 478b | 54d4 1045 | 85d2 740e | 478b 44d4 | 1445 85c0 
  0x000001ea7199c544: 0f85 e624 | 0000 448b | 4424 3847 | 8b5c c444 | 4585 db0f | 8437 3c00 | 004b 8d14 

  0x000001ea7199c560: ;   {oop("PostEventQueue"{0x00000007ff993148})}
  0x000001ea7199c560: dc49 b848 | 3199 ff07 

  0x000001ea7199c568: ;   {optimized virtual_call}
  0x000001ea7199c568: 0000 00e8 

  0x000001ea7199c56c: ; ImmutableOopMap {[40]=Oop [56]=NarrowOop [64]=Oop [80]=Oop }
                      ;*invokevirtual get {reexecute=0 rethrow=0 return_oop=1}
                      ; - sun.awt.SunToolkit::flushPendingEvents@3 (line 500)
                      ; - java.awt.EventQueue::getNextEvent@4 (line 535)
                      ; - java.awt.EventDispatchThread::pumpOneEventForFilters@20 (line 190)
  0x000001ea7199c56c: 20e9 f1ff 

  0x000001ea7199c570: ;   {post_call_nop}
  0x000001ea7199c570: 0f1f 8400 | e821 000d 

  0x000001ea7199c578: ; implicit exception: dispatches to 0x000001ea719a3ca8
  0x000001ea7199c578: 448b 5008 

  0x000001ea7199c57c: ;   {metadata('sun/awt/PostEventQueue')}
  0x000001ea7199c57c: 4181 fa80 | ea02 010f | 858b 6c00 | 0048 8944 | 2448 4c8b | 5c24 4848 | 8d9c 24d0 | 0000 004d 
  0x000001ea7199c59c: 8b13 418b | 9fc8 0600 | 0041 f6c2 | 020f 8537 | 0000 0081 | fb17 0700 | 000f 8f4b | 0000 004d 
  0x000001ea7199c5bc: 3b5c 1ff8 | 7416 498b | c248 83c8 | 0149 83e2 | fef0 4d0f | b113 0f85 | 2e00 0000 | 4d89 1c1f 
  0x000001ea7199c5dc: 4183 87c8 | 0600 0008 | eb1e 4833 | c049 8b9f | a004 0000 | f049 0fb1 | 5a3e 740c | 483b d875 
  0x000001ea7199c5fc: 0949 ff82 | 8600 0000 | 33c0 0f85 | fc3e 0000 | 4c8b 5424 | 4841 8b6a | 184c 8bd5 | 49c1 e203 
  0x000001ea7199c61c: 4c8b 5c24 | 504d 3bda | 0f84 e7e1 | ffff 85ed | 0f85 2e56 | 0000 4c8b | 5c24 4841 | 8b7b 0c85 
  0x000001ea7199c63c: ff0f 85c0 | 0000 0048 | 8d84 24d0 | 0000 0041 | 8b87 c806 | 0000 4d8b | 134d 3b5c | 07f8 0f85 
  0x000001ea7199c65c: 2e00 0000 | 4183 afc8 | 0600 0008 | 4d3b 5c07 | f00f 845f | 0000 0049 | 8bc2 4883 

  0x000001ea7199c678: ;   {other}
  0x000001ea7199c678: e0fc 4983 | ca01 f04d | 0fb1 130f | 8561 a800 | 00e9 4400 | 0000 4983 | ba86 0000 | 0000 7533 
  0x000001ea7199c698: 49c7 423e | 0000 0000 | f083 4424 | c000 4983 | ba8e 0000 | 0000 7422 | 4983 ba9e | 0000 0000 
  0x000001ea7199c6b8: 7518 4983 | e2fd 4d89 | 97b8 0500 | 0041 83ca | 01eb 0a49 | ff8a 8600 | 0000 4533 | d20f 84d3 
  0x000001ea7199c6d8: e1ff ff49 | 8bcb 488d | 9424 d000 | 0000 4d8b 

  0x000001ea7199c6e8: ;   {runtime_call}
  0x000001ea7199c6e8: c749 baa0 | ea55 e5fd | 7f00 0041 

  0x000001ea7199c6f4: ;   {post_call_nop}
  0x000001ea7199c6f4: ffd2 0f1f | 8400 0000 | 0000 e9ab | e1ff ff48 | 8b5c 2448 | 488b 5424 | 504c 8d4b | 1841 807f 
  0x000001ea7199c714: 4800 0f85 | 8d93 0000 | 4c8b c249 | c1e8 0345 | 8901 4d8b | d14c 33d2 | 49c1 ea16 | 7415 4d8b 
  0x000001ea7199c734: d149 c1ea | 094d 0357 | 5041 803a | ff75 0441 | c602 004d | 33d2 4c8d | 4b10 4180 | 7f48 000f 
  0x000001ea7199c754: 85d1 9300 | 0045 8911 | 4d33 db4c | 8d4b 0c41 | 807f 4800 | 0f85 3394 | 0000 4589 | 1948 8d84 
  0x000001ea7199c774: 24d0 0000 | 0041 8b87 | c806 0000 | 488b 0b49 | 3b5c 07f8 | 0f85 2e00 | 0000 4183 | afc8 0600 
  0x000001ea7199c794: 0008 493b | 5c07 f00f | 845e 0000 | 0048 8bc1 | 4883 e0fc | 4883 c901 | f048 0fb1 | 0b0f 8526 
  0x000001ea7199c7b4: a700 00e9 | 4300 0000 | 4883 b986 | 0000 0000 | 7532 48c7 | 413e 0000 | 0000 f083 | 4424 c000 
  0x000001ea7199c7d4: 4883 b98e | 0000 0000 | 7421 4883 | b99e 0000 | 0000 7517 | 4883 e1fd | 4989 8fb8 | 0500 0083 
  0x000001ea7199c7f4: ;   {other}
  0x000001ea7199c7f4: c901 eb09 | 48ff 8986 | 0000 0033 | c90f 855d | 5100 004d | 8d14 fc4c | 8954 2468 | e953 1900 
  0x000001ea7199c814: 004c 8b54 | 2450 410f | b66a 3a85 | ed0f 85e9 | 4500 004c | 8b54 2458 | 418b 6a0c | 83e5 020f 
  0x000001ea7199c834: 8407 4600 | 0045 8b5a | 0c41 83fb | 010f 8ee5 | 3600 004c | 8b54 2450 | 410f b66a | 3a85 ed0f 
  0x000001ea7199c854: 850f 4600 | 004c 8b54 | 2458 458b | 520c 4183 | fa01 0f8e | c3fb ffff | 4c8b 5424 | 5041 0fb6 
  0x000001ea7199c874: 6a3a 85ed | 0f85 9251 | 0000 4c8b 

  0x000001ea7199c880: ;   {metadata('java/lang/BaseVirtualThread')}
  0x000001ea7199c880: 5424 6849 | bbd0 651a | 9400 0000 | 004d 3bd3 | 0f84 ce3e | 0000 6666 | 0f1f 8400 | 0000 0000 
  0x000001ea7199c8a0: ;   {oop(a 'jdk/internal/misc/Unsafe'{0x00000007ff925ba8})}
  0x000001ea7199c8a0: 48ba a85b | 92ff 0700 | 0000 4533 | c045 33c9 | 4c8b 5424 | 5849 8bea 

  0x000001ea7199c8b8: ;   {optimized virtual_call}
  0x000001ea7199c8b8: 6666 90e8 

  0x000001ea7199c8bc: ; ImmutableOopMap {rbp=Oop [40]=Oop [56]=NarrowOop [64]=Oop [72]=Oop [80]=Oop [88]=Oop }
                      ;*invokevirtual park {reexecute=0 rethrow=0 return_oop=0}
                      ; - java.util.concurrent.locks.LockSupport::park@25 (line 369)
                      ; - java.util.concurrent.locks.AbstractQueuedSynchronizer$ConditionNode::block@7 (line 520)
                      ; - java.util.concurrent.ForkJoinPool::unmanagedBlock@15 (line 4367)
                      ; - java.util.concurrent.ForkJoinPool::managedBlock@32 (line 4313)
                      ; - java.util.concurrent.locks.AbstractQueuedSynchronizer$ConditionObject::await@107 (line 1752)
                      ; - java.awt.EventQueue::getNextEvent@52 (line 543)
                      ; - java.awt.EventDispatchThread::pumpOneEventForFilters@20 (line 190)
  0x000001ea7199c8bc: d0f7 f1ff 

  0x000001ea7199c8c0: ;   {post_call_nop}
  0x000001ea7199c8c0: 0f1f 8400 | 3825 000e | 448b 550c | 4183 fa01 | 0f8e 59fb | ffff 4c8b | 5424 5041 | 0fb6 6a3a 
  0x000001ea7199c8e0: 85ed 74bc | ba45 ffff | ff4c 8b54 | 2428 4c89 | 5424 2044 | 8b54 2438 | 4489 5424 | 2c4c 8b54 
  0x000001ea7199c900: 2448 4c89 | 5424 304c | 8b54 2458 | 4c89 5424 

  0x000001ea7199c910: ;   {runtime_call UncommonTrapBlob}
  0x000001ea7199c910: 3866 90e8 

  0x000001ea7199c914: ; ImmutableOopMap {[32]=Oop [44]=NarrowOop [48]=Oop [56]=Oop }
                      ;*ifeq {reexecute=1 rethrow=0 return_oop=0}
                      ; - (reexecute) java.util.concurrent.locks.AbstractQueuedSynchronizer$ConditionNode::isReleasable@14 (line 516)
                      ; - java.util.concurrent.locks.AbstractQueuedSynchronizer$ConditionNode::block@1 (line 520)
                      ; - java.util.concurrent.ForkJoinPool::unmanagedBlock@15 (line 4367)
                      ; - java.util.concurrent.ForkJoinPool::managedBlock@32 (line 4313)
                      ; - java.util.concurrent.locks.AbstractQueuedSynchronizer$ConditionObject::await@107 (line 1752)
                      ; - java.awt.EventQueue::getNextEvent@52 (line 543)
                      ; - java.awt.EventDispatchThread::pumpOneEventForFilters@20 (line 190)
  0x000001ea7199c914: c858 a5ff 

  0x000001ea7199c918: ;   {post_call_nop}
  0x000001ea7199c918: 0f1f 8400 | 9025 000f | 41ba 0200 | 0000 4183 | faff 0f84 | b400 0000 | 448b 9c24 | a400 0000 
  0x000001ea7199c938: ; implicit exception: dispatches to 0x000001ea719a4554
  0x000001ea7199c938: 478b 44dc | 0841 bb00 | 0000 944d | 03d8 4d8b 

  0x000001ea7199c948: ;   {metadata('java/awt/Component')}
  0x000001ea7199c948: 5b38 49b8 | 703f 0295 | 0000 0000 | 4d3b d80f | 8587 0000 | 0044 8b84 | 24a4 0000 | 004b 8d2c 
  0x000001ea7199c968: c444 8b85 | c000 0000 | 4585 c00f | 84fe 3000 | 0049 c1e0 | 0344 8994 | 249c 0000 | 0045 8b58 
  0x000001ea7199c988: 0c44 8b8c | 249c 0000 | 0045 3bcb | 0f83 6b53 | 0000 8b8c | 249c 0000 | 0048 8b9c | 24a8 0000 
  0x000001ea7199c9a8: 004d 8d54 | 8810 4180 | 7f48 000f | 855f 9200 | 004c 8bcb | 49c1 e903 | 4589 0a4d | 8bda 4c33 
  0x000001ea7199c9c8: db49 c1eb | 1674 154d | 8bda 49c1 | eb09 4d03 | 5f50 4180 | 3bff 7504 | 41c6 0300 | 448b 9c24 
  0x000001ea7199c9e8: 8400 0000 | 443b 9c24 | 9800 0000 | 0f84 764e | 0000 448b | 9424 8000 | 0000 438b | 6cd4 2045 
  0x000001ea7199ca08: 8b44 ec0c | 448b 9c24 | a000 0000 | 453b d80f | 8353 3c00 | 004d 8d14 | ec47 8b4c | 9a10 478b 
  0x000001ea7199ca28: 54cc 1047 | 3b64 cc0c | 0f85 de22 | 0000 4585 | c00f 8689 | 3e00 0041 | 83f8 020f | 867f 3e00 
  0x000001ea7199ca48: ;   {other}
  0x000001ea7199ca48: 0045 8b5c | ec10 4585 | db0f 8449 | 3d00 0047 | 3b64 dc0c | 0f85 822f | 0000 4183 | f803 0f86 
  0x000001ea7199ca68: bc3e 0000 | 458b 5cec | 1445 85db | 0f84 263d | 0000 473b | 64dc 0c0f | 855f 2f00 | 0045 8b54 
  0x000001ea7199ca88: ec18 4585 | d20f 840d | 3d00 0047 | 3b64 d40c | 0f85 462f | 0000 458b | 5cec 1c45 | 85db 0f84 
  0x000001ea7199caa8: f43c 0000 | 473b 64dc | 0c0f 852d | 2f00 0044 | 8b5c 2464 | 438b 6cdc | 0c48 8bbc | 24a8 0000 
  0x000001ea7199cac8: 004f 8d5c | cc0c 4180 | 7f48 000f | 8598 9100 | 0048 8bdf | 48c1 eb03 | 4189 1b49 | 8bcb 4833 
  0x000001ea7199cae8: cf48 c1e9 | 1674 1349 | 8bcb 48c1 | e909 4903 | 4f50 8039 | ff75 03c6 | 0100 4f8d | 44cc 1041 
  0x000001ea7199cb08: 807f 4800 | 0f85 e091 | 0000 4c8b | d749 c1ea | 0345 8910 | 4d8b d84c | 33df 49c1 | eb16 7415 
  0x000001ea7199cb28: 4d8b d849 | c1eb 094d | 035f 5041 | 803b ff75 | 0441 c603 

  0x000001ea7199cb3c: ;   {oop(a 'sun/awt/AWTAutoShutdown'{0x00000007ff919668})}
  0x000001ea7199cb3c: 0081 fdcd | 32f2 ff0f | 8407 4f00 | 0044 8b94 | 2480 0000 | 0047 8b5c | d434 4489 | 5c24 6445 
  0x000001ea7199cb5c: 85db 0f84 | 404f 0000 

  0x000001ea7199cb64: ;   {oop(a 'sun/awt/AWTAutoShutdown'{0x00000007ff919668})}
  0x000001ea7199cb64: 41ba cd32 | f2ff 478b | 54d4 1444 | 8994 2484 | 0000 0045 | 85d2 0f84 | 643c 0000 | 49c1 e203 
  0x000001ea7199cb84: 4c89 9424 | 9000 0000 | 4c8b 9c24 | 9000 0000 | 488d 9c24 | d000 0000 | 4d8b 1341 | 8b9f c806 
  0x000001ea7199cba4: 0000 41f6 | c202 0f85 | 3700 0000 | 81fb 1707 | 0000 0f8f | 4b00 0000 | 4d3b 5c1f | f874 1649 
  0x000001ea7199cbc4: 8bc2 4883 | c801 4983 | e2fe f04d | 0fb1 130f | 852e 0000 | 004d 891c | 1f41 8387 | c806 0000 
  0x000001ea7199cbe4: 08eb 1e48 | 33c0 498b | 9fa0 0400 | 00f0 490f | b15a 3e74 | 0c48 3bd8 | 7509 49ff | 8286 0000 
  0x000001ea7199cc04: 0033 c00f | 8583 3d00 

  0x000001ea7199cc0c: ;   {oop(a 'sun/awt/AWTAutoShutdown'{0x00000007ff919668})}
  0x000001ea7199cc0c: 0041 bbcd | 32f2 ff47 | 8b5c dc10 | 4489 9c24 | 9800 0000 | 4585 db0f | 840f 3c00 | 004f 8d14 
  0x000001ea7199cc2c: dc4c 8994 | 24a0 0000 | 004c 8b9c | 24a0 0000 | 0048 8d9c | 24d8 0000 | 004d 8b13 | 418b 9fc8 
  0x000001ea7199cc4c: 0600 0041 | f6c2 020f | 8537 0000 | 0081 fb17 | 0700 000f | 8f4b 0000 | 004d 3b5c | 1ff8 7416 
  0x000001ea7199cc6c: 498b c248 | 83c8 0149 | 83e2 fef0 | 4d0f b113 | 0f85 2e00 | 0000 4d89 | 1c1f 4183 | 87c8 0600 
  0x000001ea7199cc8c: 0008 eb1e | 4833 c049 | 8b9f a004 | 0000 f049 | 0fb1 5a3e | 740c 483b | d875 0949 | ff82 8600 
  0x000001ea7199ccac: 0000 33c0 | 0f85 ff3c 

  0x000001ea7199ccb4: ;   {oop(a 'sun/awt/AWTAutoShutdown'{0x00000007ff919668})}
  0x000001ea7199ccb4: 0000 41ba | cd32 f2ff | 438b 6cd4 | 2085 ed0f | 842b 4e00 

  0x000001ea7199ccc8: ;   {oop(a 'sun/awt/AWTAutoShutdown'{0x00000007ff919668})}
  0x000001ea7199ccc8: 0041 bbcd | 32f2 ff47 | 0fb6 54dc | 0c45 85d2 

  0x000001ea7199ccd8: ;   {oop(a 'sun/awt/AWTAutoShutdown'{0x00000007ff919668})}
  0x000001ea7199ccd8: 752e 41ba | cd32 f2ff | 438b 6cd4 | 1c45 8b54 

  0x000001ea7199cce8: ;   {metadata('java/util/IdentityHashMap')}
  0x000001ea7199cce8: ec08 4181 | fa18 c925 | 000f 8579 | 3e00 004d | 8d14 ec45 | 8b5a 1c45 | 85db 0f84 | c84e 0000 
  0x000001ea7199cd08: ;   {oop(a 'sun/awt/AWTAutoShutdown'{0x00000007ff919668})}
  0x000001ea7199cd08: 41ba cd32 | f2ff 438b | 6cd4 1845 | 8b5c ec08 

  0x000001ea7199cd18: ;   {metadata('java/util/HashSet')}
  0x000001ea7199cd18: 4181 fb68 | a223 000f | 85b4 3c00 | 0049 8d14 | ec44 8b5c | 2464 4f8d | 04dc 488b | ac24 a000 
  0x000001ea7199cd38: ;   {optimized virtual_call}
  0x000001ea7199cd38: 0000 90e8 

  0x000001ea7199cd3c: ; ImmutableOopMap {rbp=Oop [40]=Oop [56]=NarrowOop [60]=NarrowOop [64]=Oop [72]=Oop [80]=Oop [88]=Oop [96]=NarrowOop [104]=Oop [112]=Oop [120]=Oop [128]=NarrowOop [132]=NarrowOop [136]=Oop [144]=Oop [152]=NarrowOop }
                      ;*invokeinterface add {reexecute=0 rethrow=0 return_oop=0}
                      ; - sun.awt.AWTAutoShutdown::notifyThreadBusy@57 (line 178)
                      ; - java.awt.EventQueue::postEvent@102 (line 330)
                      ; - java.awt.EventQueue::postEventPrivate@76 (line 279)
                      ; - java.awt.EventQueue::postEvent@9 (line 251)
                      ; - sun.awt.PostEventQueue::flush@87 (line 2064)
                      ; - sun.awt.SunToolkit::flushPendingEvents@15 (line 502)
                      ; - java.awt.EventQueue::postEvent@4 (line 250)
                      ; - sun.awt.PostEventQueue::flush@87 (line 2064)
                      ; - sun.awt.SunToolkit::flushPendingEvents@15 (line 502)
                      ; - java.awt.EventQueue::getNextEvent@4 (line 535)
                      ; - java.awt.EventDispatchThread::pumpOneEventForFilters@20 (line 190)
  0x000001ea7199cd3c: a023 98ff 

  0x000001ea7199cd40: ;   {post_call_nop}
  0x000001ea7199cd40: 0f1f 8400 | b829 0010 | 488d 8424 | d800 0000 | 418b 87c8 | 0600 004c | 8b55 0049 | 3b6c 07f8 
  0x000001ea7199cd60: 0f85 2f00 | 0000 4183 | afc8 0600 | 0008 493b | 6c07 f00f | 8460 0000 | 0049 8bc2 | 4883 e0fc 
  0x000001ea7199cd80: 4983 ca01 | f04c 0fb1 | 5500 0f85 | 40a1 0000 | e944 0000 | 0049 83ba | 8600 0000 | 0075 3349 
  0x000001ea7199cda0: c742 3e00 | 0000 00f0 | 8344 24c0 | 0049 83ba | 8e00 0000 | 0074 2249 | 83ba 9e00 | 0000 0075 
  0x000001ea7199cdc0: 1849 83e2 | fd4d 8997 | b805 0000 | 4183 ca01 | eb0a 49ff | 8a86 0000 | 0045 33d2 | 0f85 7e3c 
  0x000001ea7199cde0: 0000 4c8b | 9c24 9000 | 0000 488d | 8424 d000 | 0000 418b | 87c8 0600 | 004d 8b13 | 4d3b 5c07 
  0x000001ea7199ce00: f80f 852e | 0000 0041 | 83af c806 | 0000 084d | 3b5c 07f0 | 0f84 5f00 | 0000 498b | c248 83e0 
  0x000001ea7199ce20: fc49 83ca | 01f0 4d0f | b113 0f85 | 93a0 0000 | e944 0000 | 0049 83ba | 8600 0000 

  0x000001ea7199ce3c: ;   {other}
  0x000001ea7199ce3c: 0075 3349 | c742 3e00 | 0000 00f0 | 8344 24c0 | 0049 83ba | 8e00 0000 | 0074 2249 | 83ba 9e00 
  0x000001ea7199ce5c: 0000 0075 | 1849 83e2 | fd4d 8997 | b805 0000 | 4183 ca01 | eb0a 49ff | 8a86 0000 | 0045 33d2 
  0x000001ea7199ce7c: 0f85 063c | 0000 448b | 9424 8000 | 0000 438b | 6cd4 3045 | 8b5c ec08 

  0x000001ea7199ce94: ;   {metadata('java/util/concurrent/locks/AbstractQueuedSynchronizer$ConditionObject')}
  0x000001ea7199ce94: 4181 fbb0 | 0601 010f | 850f 3c00 | 004d 8d04 | ec45 8b50 | 1443 8b4c | d40c 458b | 480c 4c8b 
  0x000001ea7199ceb4: d149 c1e2 | 034c 8b5c | 2450 4d3b | d30f 8531 | 4a00 0045 | 85c9 0f84 | cc01 0000 | 438b 6ccc 
  0x000001ea7199ced4: 1c49 8d48 | 0c41 807f | 4800 0f85 | 718e 0000 | 8929 448b | d549 c1e2 | 034c 8bd9 | 4d33 da49 
  0x000001ea7199cef4: c1eb 1674 | 1a4d 85d2 | 7415 4c8b | d949 c1eb | 094d 035f | 5041 803b | ff75 0441 | c603 0085 
  0x000001ea7199cf14: ed0f 853d | 5400 0048 | 33ff 4d8d | 5810 4180 | 7f48 000f | 8595 8e00 | 0041 893b | 438b 4ccc 
  0x000001ea7199cf34: 0c44 8bd9 | 4183 e3fd | 8bc1 f047 | 0fb1 5ccc | 0c40 0f94 | c540 0fb6 | ed85 ed0f | 8493 5400 
  0x000001ea7199cf54: 0083 e102 | 0f84 ee54 | 0000 458b | 5014 478b | 5cd4 1445 | 85db 0f84 | 2455 0000 | 4b8d 7cd4 
  0x000001ea7199cf74: 144b 8d4c | cc10 4180 | 7f48 000f | 85b1 8e00 | 0044 8919 | 418b db48 | c1e3 0348 

  0x000001ea7199cf90: ;   {other}
  0x000001ea7199cf90: 8bc1 4833 | c348 c1e8 | 1674 1348 | 8bc1 48c1 | e809 4903 | 4750 8038 | ff75 03c6 | 0000 418b 
  0x000001ea7199cfb0: c341 807f | 4800 0f85 | 188f 0000 | 418b f1f0 | 0fb1 3740 | 0f94 c540 | 0fb6 ed48 | c1e6 0348 
  0x000001ea7199cfd0: 8bcf 4833 | ce48 c1e9 | 1674 1848 | 85f6 7413 | 488b cf48 | c1e9 0949 | 034f 5080 | 39ff 7503 
  0x000001ea7199cff0: c601 0085 | ed0f 84fd | 5400 004f | 8d54 dc14 | 4180 7f48 | 000f 8550 | 8f00 0045 | 890a 418b 
  0x000001ea7199d010: d948 c1e3 | 0349 8bca | 4833 cb48 | c1e9 1674 | 1349 8bca | 48c1 e909 | 4903 4f50 | 8039 ff75 
  0x000001ea7199d030: 03c6 0100 | f083 4424 | c000 438b | 6cdc 0c85 | ed7d 59ba | 45ff ffff | 4c8b 5424 | 284c 8954 
  0x000001ea7199d050: 2420 448b | 5c24 3844 | 895c 242c | 4c8b 5424 | 484c 8954 | 2430 4c8b | 5424 584c | 8954 2448 
  0x000001ea7199d070: 448b 5424 | 6044 8954 | 2438 4c8b | 5424 704c | 8954 2458 | 4c89 4424 | 7044 894c 

  0x000001ea7199d08c: ;   {runtime_call UncommonTrapBlob}
  0x000001ea7199d08c: 246c 90e8 

  0x000001ea7199d090: ; ImmutableOopMap {[32]=Oop [44]=NarrowOop [48]=Oop [56]=NarrowOop [60]=NarrowOop [72]=Oop [80]=Oop [88]=Oop [108]=NarrowOop [112]=Oop [120]=Oop [128]=NarrowOop }
                      ;*ifge {reexecute=1 rethrow=0 return_oop=0}
                      ; - (reexecute) java.util.concurrent.locks.AbstractQueuedSynchronizer::enqueue@52 (line 618)
                      ; - java.util.concurrent.locks.AbstractQueuedSynchronizer$ConditionObject::doSignal@46 (line 1556)
                      ; - java.util.concurrent.locks.AbstractQueuedSynchronizer$ConditionObject::signalAll@30 (line 1593)
                      ; - java.awt.EventQueue::postEvent@109 (line 332)
                      ; - java.awt.EventQueue::postEventPrivate@76 (line 279)
                      ; - java.awt.EventQueue::postEvent@9 (line 251)
                      ; - sun.awt.PostEventQueue::flush@87 (line 2064)
                      ; - sun.awt.SunToolkit::flushPendingEvents@15 (line 502)
                      ; - java.awt.EventQueue::postEvent@4 (line 250)
                      ; - sun.awt.PostEventQueue::flush@87 (line 2064)
                      ; - sun.awt.SunToolkit::flushPendingEvents@15 (line 502)
                      ; - java.awt.EventQueue::getNextEvent@4 (line 535)
                      ; - java.awt.EventDispatchThread::pumpOneEventForFilters@20 (line 190)
  0x000001ea7199d090: 4c51 a5ff 

  0x000001ea7199d094: ;   {post_call_nop}
  0x000001ea7199d094: 0f1f 8400 | 0c2d 0011 | 448b 9424 | 8000 0000 | 438b 6cd4 | 2c45 8b5c 

  0x000001ea7199d0ac: ;   {metadata('java/util/concurrent/locks/ReentrantLock')}
  0x000001ea7199d0ac: ec08 4181 | fbb0 c91d | 000f 8561 | 3600 004d | 8d14 ec45 | 8b5a 0c43 | 8b5c dc18 | 438b 6cdc 
  0x000001ea7199d0cc: 0c4c 8bd5 | 49c1 e203 | 4c8b 4424 | 504d 3bd0 | 0f85 2e47 | 0000 83fb | 0175 1648 | 33c9 4f8d 
  0x000001ea7199d0ec: 44dc 0c41 | 807f 4800 | 0f85 d88e | 0000 4189 | 0844 8d53 | ff47 8954 | dc18 f083 | 4424 c000 
  0x000001ea7199d10c: 83fb 0175 | 1847 8b54 | dc10 4585 | d274 0e47 | 8b44 d414 | 4585 c00f | 85a9 1a00 | 004c 8b54 
  0x000001ea7199d12c: 2478 458b | 5a10 4585 | db0f 856f | 0100 004c | 8b5c 2470 | 488d 9c24 | d000 0000 | 4d8b 1341 
  0x000001ea7199d14c: 8b9f c806 | 0000 41f6 | c202 0f85 | 3700 0000 | 81fb 1707 | 0000 0f8f | 4b00 0000 | 4d3b 5c1f 
  0x000001ea7199d16c: f874 1649 | 8bc2 4883 | c801 4983 | e2fe f04d | 0fb1 130f | 852e 0000 | 004d 891c | 1f41 8387 
  0x000001ea7199d18c: c806 0000 | 08eb 1e48 | 33c0 498b | 9fa0 0400 | 00f0 490f | b15a 3e74 | 0c48 3bd8 | 7509 49ff 
  0x000001ea7199d1ac: ;   {other}
  0x000001ea7199d1ac: 8286 0000 | 0033 c00f | 85a3 4500 | 004c 8b4c | 2470 4833 | db4d 8d41 | 1841 807f | 4800 0f85 
  0x000001ea7199d1cc: 6f8e 0000 | 4189 1849 | 8bd1 498b 

  0x000001ea7199d1d8: ;   {optimized virtual_call}
  0x000001ea7199d1d8: e966 90e8 

  0x000001ea7199d1dc: ; ImmutableOopMap {rbp=Oop [40]=Oop [56]=NarrowOop [60]=NarrowOop [64]=Oop [72]=Oop [80]=Oop [88]=Oop [96]=NarrowOop [104]=Oop [112]=Oop }
                      ;*invokevirtual notifyAll {reexecute=0 rethrow=0 return_oop=0}
                      ; - sun.awt.PostEventQueue::flush@108 (line 2073)
                      ; - sun.awt.SunToolkit::flushPendingEvents@15 (line 502)
                      ; - java.awt.EventQueue::postEvent@4 (line 250)
                      ; - sun.awt.PostEventQueue::flush@87 (line 2064)
                      ; - sun.awt.SunToolkit::flushPendingEvents@15 (line 502)
                      ; - java.awt.EventQueue::getNextEvent@4 (line 535)
                      ; - java.awt.EventDispatchThread::pumpOneEventForFilters@20 (line 190)
  0x000001ea7199d1dc: 001f 98ff 

  0x000001ea7199d1e0: ;   {post_call_nop}
  0x000001ea7199d1e0: 0f1f 8400 | 582e 0012 | 488d 8424 | d000 0000 | 418b 87c8 | 0600 004c | 8b55 0049 | 3b6c 07f8 
  0x000001ea7199d200: 0f85 2f00 | 0000 4183 | afc8 0600 | 0008 493b | 6c07 f00f | 8460 0000 | 0049 8bc2 | 4883 e0fc 
  0x000001ea7199d220: 4983 ca01 | f04c 0fb1 | 5500 0f85 | 869c 0000 | e944 0000 | 0049 83ba | 8600 0000 | 0075 3349 
  0x000001ea7199d240: c742 3e00 | 0000 00f0 | 8344 24c0 | 0049 83ba | 8e00 0000 | 0074 2249 | 83ba 9e00 | 0000 0075 
  0x000001ea7199d260: 1849 83e2 | fd4d 8997 | b805 0000 | 4183 ca01 | eb0a 49ff | 8a86 0000 | 0045 33d2 | 0f84 f9e2 
  0x000001ea7199d280: ffff 488b | cd48 8d94 | 24d0 0000 | 004d 8bc7 

  0x000001ea7199d290: ;   {runtime_call}
  0x000001ea7199d290: 49ba a0ea | 55e5 fd7f | 0000 41ff 

  0x000001ea7199d29c: ;   {post_call_nop}
  0x000001ea7199d29c: d20f 1f84 | 0000 0000 | 00e9 d1e2 | ffff 4f8d | 14dc 4c89 | 5424 784c | 8b54 2478 | 458b 5a0c 
  0x000001ea7199d2bc: 4489 5c24 | 644c 8b54 | 2470 458b | 5214 4489 | 9424 8000 | 0000 478b | 54d4 4449 | 8bd2 48c1 
  0x000001ea7199d2dc: e203 448b | 9c24 8000 | 0000 4f8d | 14dc 4c89 | 9424 8800 | 0000 488b 

  0x000001ea7199d2f4: ;   {static_call}
  0x000001ea7199d2f4: 6c24 50e8 

  0x000001ea7199d2f8: ; ImmutableOopMap {rbp=Oop [40]=Oop [56]=NarrowOop [60]=NarrowOop [64]=Oop [72]=Oop [80]=Oop [88]=Oop [96]=NarrowOop [100]=NarrowOop [104]=Oop [112]=Oop [120]=Oop [128]=NarrowOop [136]=Oop }
                      ;*invokestatic flushPendingEvents {reexecute=0 rethrow=0 return_oop=0}
                      ; - java.awt.EventQueue::postEvent@4 (line 250)
                      ; - sun.awt.PostEventQueue::flush@87 (line 2064)
                      ; - sun.awt.SunToolkit::flushPendingEvents@15 (line 502)
                      ; - java.awt.EventQueue::postEvent@4 (line 250)
                      ; - sun.awt.PostEventQueue::flush@87 (line 2064)
                      ; - sun.awt.SunToolkit::flushPendingEvents@15 (line 502)
                      ; - java.awt.EventQueue::getNextEvent@4 (line 535)
                      ; - java.awt.EventDispatchThread::pumpOneEventForFilters@20 (line 190)
  0x000001ea7199d2f8: e423 98ff 

  0x000001ea7199d2fc: ;   {post_call_nop}
  0x000001ea7199d2fc: 0f1f 8400 | 742f 0013 | 448b 5424 | 6447 8b5c | d408 4489 | 5c24 2445 | 8bda 43c6 | 44dc 1a01 
  0x000001ea7199d31c: 448b 9424 | 8000 0000 | 438b 6cd4 | 2c45 8b5c 

  0x000001ea7199d32c: ;   {metadata('java/util/concurrent/locks/ReentrantLock')}
  0x000001ea7199d32c: ec08 4181 | fbb0 c91d | 000f 859d | 3300 004d | 8d14 ec45 | 8b42 0c45 | 85c0 0f84 | e032 0000 
  0x000001ea7199d34c: 448b 5c24 | 644f 8d14 | dc4c 8994 | 2490 0000 | 0033 c041 | ba01 0000 | 00f0 470f | b154 c418 
  0x000001ea7199d36c: 410f 94c2 | 450f b6d2 | 4585 d20f | 843c 1700 | 0048 8b4c | 2450 4f8d | 54c4 0c41 | 807f 4800 
  0x000001ea7199d38c: 0f85 108d | 0000 4c8b | c949 c1e9 | 0345 890a | 4d8b da4c | 33d9 49c1 | eb16 7415 | 4d8b da49 
  0x000001ea7199d3ac: c1eb 094d | 035f 5041 | 803b ff75 | 0441 c603 | 0044 8b94 | 2480 0000 | 0043 8b6c | d424 85ed 
  0x000001ea7199d3cc: 0f85 af43 | 0000 438b | 6cd4 3485 | ed0f 84e9 | 4300 0044 | 8b54 2424 

  0x000001ea7199d3e4: ;   {metadata('sun/awt/PeerEvent')}
  0x000001ea7199d3e4: 4181 fa50 | f902 010f | 858b 1700 | 004c 8b94 | 2490 0000 | 004d 8b52 | 4041 f6c2 | 020f 84ae 
  0x000001ea7199d404: 1700 0041 | bb03 0000 | 0044 899c | 24a0 0000 | 0044 8b54 | 2464 478b | 54d4 0c44 | 8994 24a4 
  0x000001ea7199d424: 0000 0047 | 8b5c d408 | 448b 4424 | 6447 8b54 | c414 4489 | 9424 8400 | 0000 448b | 9424 8000 
  0x000001ea7199d444: 0000 478b | 44d4 0c44 | 8984 2498 | 0000 0041 | ba00 0000 | 944d 03d3 | 4d8b 5238 

  0x000001ea7199d460: ;   {metadata('java/awt/Component')}
  0x000001ea7199d460: 49bb 703f | 0295 0000 | 0000 4d3b | d375 7644 | 8b5c 2424 

  0x000001ea7199d474: ;   {metadata('sun/awt/PeerEvent')}
  0x000001ea7199d474: 4181 fb50 | f902 010f | 85dc 1700 | 004c 8b84 | 2490 0000 | 0048 8b94 | 2488 0000 | 0048 8bea 
  0x000001ea7199d494: ;   {optimized virtual_call}
  0x000001ea7199d494: 6666 90e8 

  0x000001ea7199d498: ; ImmutableOopMap {rbp=Oop [40]=Oop [56]=NarrowOop [60]=NarrowOop [64]=Oop [72]=Oop [80]=Oop [88]=Oop [96]=NarrowOop [100]=NarrowOop [104]=Oop [112]=Oop [120]=Oop [128]=NarrowOop [136]=Oop [144]=Oop }
                      ;*invokevirtual coalescePeerEvent {reexecute=0 rethrow=0 return_oop=0}
                      ; - java.awt.EventQueue::coalesceEvent@24 (line 442)
                      ; - java.awt.EventQueue::postEvent@3 (line 314)
                      ; - java.awt.EventQueue::postEventPrivate@76 (line 279)
                      ; - java.awt.EventQueue::postEvent@9 (line 251)
                      ; - sun.awt.PostEventQueue::flush@87 (line 2064)
                      ; - sun.awt.SunToolkit::flushPendingEvents@15 (line 502)
                      ; - java.awt.EventQueue::postEvent@4 (line 250)
                      ; - sun.awt.PostEventQueue::flush@87 (line 2064)
                      ; - sun.awt.SunToolkit::flushPendingEvents@15 (line 502)
                      ; - java.awt.EventQueue::getNextEvent@4 (line 535)
                      ; - java.awt.EventDispatchThread::pumpOneEventForFilters@20 (line 190)
  0x000001ea7199d498: 441c 98ff 

  0x000001ea7199d49c: ;   {post_call_nop}
  0x000001ea7199d49c: 0f1f 8400 | 1431 0014 | 85c0 0f85 | f0fb ffff | 448b 5424 | 6447 8b54 | d414 4489 | 9424 8400 
  0x000001ea7199d4bc: 0000 448b | 5c24 6447 | 8b5c dc0c | 4489 9c24 | a400 0000 | 448b 9424 | 8000 0000 | 478b 5cd4 
  0x000001ea7199d4dc: 0c44 899c | 2498 0000 | 004d 8b9f | b001 0000 | 4d8b d349 | 83c2 184d | 3b97 c001 | 0000 0f83 
  0x000001ea7199d4fc: 9727 0000 | 4d89 97b0 | 0100 0041 | 0f18 8200 | 0100 0049 | c703 0100 

  0x000001ea7199d514: ;   {metadata('sun/awt/EventQueueItem')}
  0x000001ea7199d514: 0000 41c7 | 4308 08fc | 0201 4589 | 630c 4d89 | 6310 4c89 | 9c24 a800 | 0000 4d8b | d344 8b5c 
  0x000001ea7199d534: 2464 4589 | 5a0c 448b | 9c24 8400 | 0000 4181 | fbf7 0100 | 000f 84d1 | f3ff ff41 | 81fb fa01 
  0x000001ea7199d554: 0000 0f84 | 3d20 0000 | 4181 c306 | feff ff41 | 81fb 2801 | 0000 0f82 | d820 0000 | 448b 5c24 
  0x000001ea7199d574: ;   {metadata('sun/awt/PeerEvent')}
  0x000001ea7199d574: 2441 81fb | 50f9 0201 | 0f85 6719 | 0000 41ba | 0400 0000 | e999 f3ff | ff41 b902 | 0000 0041 
  0x000001ea7199d594: 83f9 ff0f | 84b7 0000 | 0044 8b94 | 24a4 0000 | 0047 8b54 | d408 41bb | 0000 0094 | 4d03 da4d 
  0x000001ea7199d5b4: ;   {metadata('java/awt/Component')}
  0x000001ea7199d5b4: 8b53 3849 | bb70 3f02 | 9500 0000 | 004d 3bd3 | 0f85 8a00 | 0000 448b | 9c24 a400 | 0000 4b8d 
  0x000001ea7199d5d4: 2cdc 448b | 95c0 0000 | 0045 85d2 | 0f84 0726 | 0000 4d8b | c249 c1e0 | 0344 898c | 249c 0000 
  0x000001ea7199d5f4: 0045 8b50 | 0c44 8b9c | 249c 0000 | 0045 3bda | 0f83 5a4b | 0000 8b9c | 249c 0000 | 0048 8b8c 
  0x000001ea7199d614: 24a8 0000 | 004d 8d5c | 9810 4180 | 7f48 000f | 85dc 8a00 | 004c 8bd1 | 49c1 ea03 | 4589 134d 
  0x000001ea7199d634: 8bcb 4c33 | c949 c1e9 | 1674 154d | 8bcb 49c1 | e909 4d03 | 4f50 4180 | 39ff 7504 | 41c6 0100 
  0x000001ea7199d654: 448b 9424 | 9800 0000 | 443b 9424 | 8400 0000 | 0f84 c247 | 0000 448b | 5c24 5c43 | 8b6c dc20 
  0x000001ea7199d674: ; implicit exception: dispatches to 0x000001ea719a42fc
  0x000001ea7199d674: 458b 5cec | 0c44 8b94 | 24a0 0000 | 0045 3bd3 | 0f83 0636 | 0000 4d8d | 14ec 448b | 8c24 a000 
  0x000001ea7199d694: 0000 478b | 4c8a 1047 | 8b54 cc10 | 473b 64cc | 0c0f 8549 | 1800 0045 | 85db 0f86 | 043b 0000 
  0x000001ea7199d6b4: ;   {other}
  0x000001ea7199d6b4: 4183 fb02 | 0f86 fa3a | 0000 458b | 54ec 1045 | 85d2 0f84 | 0839 0000 | 473b 64d4 | 0c0f 854d 
  0x000001ea7199d6d4: 2400 0041 | 83fb 030f | 863f 3b00 | 0045 8b54 | ec14 4585 | d20f 84e5 | 3800 0047 | 3b64 d40c 
  0x000001ea7199d6f4: 0f85 2a24 | 0000 458b | 5cec 1845 | 85db 0f84 | cc38 0000 | 473b 64dc | 0c0f 8511 | 2400 0045 
  0x000001ea7199d714: 8b54 ec1c | 4585 d20f | 84b3 3800 | 0047 3b64 | d40c 0f85 | f823 0000 | 448b 9424 | 8000 0000 
  0x000001ea7199d734: 438b 6cd4 | 0c48 8b9c | 24a8 0000 | 004f 8d44 | cc10 4180 | 7f48 000f | 8517 8a00 | 004c 8bd3 
  0x000001ea7199d754: 49c1 ea03 | 4589 1049 | 8bc8 4833 | cb48 c1e9 | 1674 1349 | 8bc8 48c1 | e909 4903 | 4f50 8039 
  0x000001ea7199d774: ff75 03c6 | 0100 4f8d | 5ccc 0c41 | 807f 4800 | 0f85 4b8a | 0000 4c8b | c349 c1e8 | 0345 8903 
  0x000001ea7199d794: 4d8b d34c | 33d3 49c1 | ea16 7415 | 4d8b d349 | c1ea 094d | 0357 5041 | 803a ff75 | 0441 c602 
  0x000001ea7199d7b4: ;   {oop(a 'sun/awt/AWTAutoShutdown'{0x00000007ff919668})}
  0x000001ea7199d7b4: 0081 fdcd | 32f2 ff0f | 8473 4700 | 0044 8b5c | 245c 478b | 5cdc 3444 | 899c 2480 | 0000 0045 
  0x000001ea7199d7d4: 85db 0f84 | a847 0000 

  0x000001ea7199d7dc: ;   {oop(a 'sun/awt/AWTAutoShutdown'{0x00000007ff919668})}
  0x000001ea7199d7dc: 41bb cd32 | f2ff 478b | 54dc 1444 | 8994 2484 | 0000 0045 | 85d2 0f84 | 1c38 0000 | 49c1 e203 
  0x000001ea7199d7fc: 4c89 9424 | 9000 0000 | 4c8b 9c24 | 9000 0000 | 488d 9c24 | d000 0000 | 4d8b 1341 | 8b9f c806 
  0x000001ea7199d81c: 0000 41f6 | c202 0f85 | 3700 0000 | 81fb 1707 | 0000 0f8f | 4b00 0000 | 4d3b 5c1f | f874 1649 
  0x000001ea7199d83c: 8bc2 4883 | c801 4983 | e2fe f04d | 0fb1 130f | 852e 0000 | 004d 891c | 1f41 8387 | c806 0000 
  0x000001ea7199d85c: 08eb 1e48 | 33c0 498b | 9fa0 0400 | 00f0 490f | b15a 3e74 | 0c48 3bd8 | 7509 49ff | 8286 0000 
  0x000001ea7199d87c: 0033 c00f | 8517 3a00 

  0x000001ea7199d884: ;   {oop(a 'sun/awt/AWTAutoShutdown'{0x00000007ff919668})}
  0x000001ea7199d884: 0041 bacd | 32f2 ff47 | 8b5c d410 | 4489 9c24 | 9800 0000 | 4585 db0f | 84bf 3700 | 004f 8d14 
  0x000001ea7199d8a4: dc4c 8994 | 24a0 0000 | 004c 8b9c | 24a0 0000 | 0048 8d9c | 24d8 0000 | 004d 8b13 | 418b 9fc8 
  0x000001ea7199d8c4: 0600 0041 | f6c2 020f | 8537 0000 | 0081 fb17 | 0700 000f | 8f4b 0000 | 004d 3b5c | 1ff8 7416 
  0x000001ea7199d8e4: 498b c248 | 83c8 0149 | 83e2 fef0 | 4d0f b113 | 0f85 2e00 | 0000 4d89 | 1c1f 4183 | 87c8 0600 
  0x000001ea7199d904: 0008 eb1e | 4833 c049 | 8b9f a004 | 0000 f049 | 0fb1 5a3e | 740c 483b | d875 0949 | ff82 8600 
  0x000001ea7199d924: 0000 33c0 | 0f85 9339 

  0x000001ea7199d92c: ;   {oop(a 'sun/awt/AWTAutoShutdown'{0x00000007ff919668})}
  0x000001ea7199d92c: 0000 41bb | cd32 f2ff | 438b 6cdc | 2085 ed0f | 849f 4600 

  0x000001ea7199d940: ;   {oop(a 'sun/awt/AWTAutoShutdown'{0x00000007ff919668})}
  0x000001ea7199d940: 0041 bacd | 32f2 ff47 | 0fb6 5cd4 | 0c45 85db 

  0x000001ea7199d950: ;   {oop(a 'sun/awt/AWTAutoShutdown'{0x00000007ff919668})}
  0x000001ea7199d950: 752e 41bb | cd32 f2ff | 438b 6cdc | 1c45 8b5c 

  0x000001ea7199d960: ;   {metadata('java/util/IdentityHashMap')}
  0x000001ea7199d960: ec08 4181 | fb18 c925 | 000f 8529 | 3c00 004d | 8d14 ec45 | 8b52 1c45 | 85d2 0f84 | 4c47 0000 
  0x000001ea7199d980: ;   {oop(a 'sun/awt/AWTAutoShutdown'{0x00000007ff919668})}
  0x000001ea7199d980: 41bb cd32 | f2ff 438b | 6cdc 1845 | 8b54 ec08 

  0x000001ea7199d990: ;   {metadata('java/util/HashSet')}
  0x000001ea7199d990: 4181 fa68 | a223 000f | 8548 3900 | 0049 8d14 | ec44 8b94 | 2480 0000 | 004f 8d04 | d448 8bac 
  0x000001ea7199d9b0: 24a0 0000 

  0x000001ea7199d9b4: ;   {optimized virtual_call}
  0x000001ea7199d9b4: 0066 90e8 

  0x000001ea7199d9b8: ; ImmutableOopMap {rbp=Oop [40]=Oop [56]=NarrowOop [60]=NarrowOop [64]=Oop [72]=Oop [80]=Oop [88]=NarrowOop [92]=NarrowOop [96]=Oop [104]=Oop [112]=Oop [120]=Oop [132]=NarrowOop [136]=Oop [144]=Oop [152]=NarrowOop }
                      ;*invokeinterface add {reexecute=0 rethrow=0 return_oop=0}
                      ; - sun.awt.AWTAutoShutdown::notifyThreadBusy@57 (line 178)
                      ; - java.awt.EventQueue::postEvent@102 (line 330)
                      ; - java.awt.EventQueue::postEventPrivate@76 (line 279)
                      ; - java.awt.EventQueue::postEvent@9 (line 251)
                      ; - sun.awt.PostEventQueue::flush@87 (line 2064)
                      ; - sun.awt.SunToolkit::flushPendingEvents@15 (line 502)
                      ; - java.awt.EventQueue::postEvent@4 (line 250)
                      ; - sun.awt.PostEventQueue::flush@87 (line 2064)
                      ; - sun.awt.SunToolkit::flushPendingEvents@15 (line 502)
                      ; - java.awt.EventQueue::getNextEvent@4 (line 535)
                      ; - java.awt.EventDispatchThread::pumpOneEventForFilters@20 (line 190)
  0x000001ea7199d9b8: 2417 98ff 

  0x000001ea7199d9bc: ;   {post_call_nop}
  0x000001ea7199d9bc: 0f1f 8400 | 3436 0015 | 488d 8424 | d800 0000 | 418b 87c8 | 0600 004c | 8b55 0049 | 3b6c 07f8 
  0x000001ea7199d9dc: 0f85 2f00 | 0000 4183 | afc8 0600 | 0008 493b | 6c07 f00f | 8460 0000 | 0049 8bc2 | 4883 e0fc 
  0x000001ea7199d9fc: 4983 ca01 | f04c 0fb1 | 5500 0f85 | 9d94 0000 | e944 0000 | 0049 83ba | 8600 0000 | 0075 3349 
  0x000001ea7199da1c: c742 3e00 | 0000 00f0 | 8344 24c0 | 0049 83ba | 8e00 0000 | 0074 2249 | 83ba 9e00 | 0000 0075 
  0x000001ea7199da3c: 1849 83e2 | fd4d 8997 | b805 0000 | 4183 ca01 | eb0a 49ff | 8a86 0000 | 0045 33d2 | 0f85 1239 
  0x000001ea7199da5c: 0000 4c8b | 9c24 9000 | 0000 488d | 8424 d000 | 0000 418b | 87c8 0600 | 004d 8b13 | 4d3b 5c07 
  0x000001ea7199da7c: f80f 852e | 0000 0041 | 83af c806 | 0000 084d | 3b5c 07f0 | 0f84 5f00 | 0000 498b | c248 83e0 
  0x000001ea7199da9c: fc49 83ca | 01f0 4d0f | b113 0f85 | f093 0000 | e944 0000 | 0049 83ba | 8600 0000 

  0x000001ea7199dab8: ;   {other}
  0x000001ea7199dab8: 0075 3349 | c742 3e00 | 0000 00f0 | 8344 24c0 | 0049 83ba | 8e00 0000 | 0074 2249 | 83ba 9e00 
  0x000001ea7199dad8: 0000 0075 | 1849 83e2 | fd4d 8997 | b805 0000 | 4183 ca01 | eb0a 49ff | 8a86 0000 | 0045 33d2 
  0x000001ea7199daf8: 0f85 9a38 | 0000 448b | 5c24 5c43 | 8b6c dc30 

  0x000001ea7199db08: ; implicit exception: dispatches to 0x000001ea719a4400
  0x000001ea7199db08: 458b 54ec 

  0x000001ea7199db0c: ;   {metadata('java/util/concurrent/locks/AbstractQueuedSynchronizer$ConditionObject')}
  0x000001ea7199db0c: 0841 81fa | b006 0101 | 0f85 a638 | 0000 4d8d | 14ec 4c89 | 9424 8000 | 0000 458b | 5a14 478b 
  0x000001ea7199db2c: 54dc 0c4c | 8b9c 2480 | 0000 0045 | 8b5b 0c44 | 899c 2490 | 0000 004d | 8bda 49c1 | e303 4c8b 
  0x000001ea7199db4c: 4424 504d | 3bd8 0f85 | 6443 0000 | 448b 9424 | 9000 0000 | 4585 d20f | 84f3 0100 | 0045 8bda 
  0x000001ea7199db6c: 438b 6cdc | 1c4c 8b8c | 2480 0000 | 004d 8d59 | 0c41 807f | 4800 0f85 | a686 0000 | 4189 2b44 
  0x000001ea7199db8c: 8bc5 49c1 | e003 4d8b | d34d 33d0 | 49c1 ea16 | 741a 4d85 | c074 154d | 8bd3 49c1 | ea09 4d03 
  0x000001ea7199dbac: 5750 4180 | 3aff 7504 | 41c6 0200 | 85ed 0f85 | 604a 0000 | 4833 c94d | 8d51 1041 | 807f 4800 
  0x000001ea7199dbcc: 0f85 bf86 | 0000 4189 | 0a44 8b94 | 2490 0000 | 0047 8b4c | d40c 458b | d141 83e2 | fd44 8b84 
  0x000001ea7199dbec: 2490 0000 | 0041 8bc1 | f047 0fb1 | 54c4 0c40 | 0f94 c540 | 0fb6 ed85 | ed0f 8479 | 4a00 0041 
  0x000001ea7199dc0c: ;   {other}
  0x000001ea7199dc0c: 83e1 020f | 84e3 4a00 | 004c 8b94 | 2480 0000 | 0045 8b5a | 1444 899c | 2494 0000 | 0043 8b6c 
  0x000001ea7199dc2c: dc14 85ed | 0f84 1a4b | 0000 4f8d | 14dc 4c89 | 9424 9800 | 0000 458b | d84f 8d14 | dc4c 8994 
  0x000001ea7199dc4c: 24a0 0000 | 004d 8d14 | ec4c 8994 | 24a8 0000 | 0048 8b94 | 24a0 0000 | 004d 8bc2 

  0x000001ea7199dc68: ;   {optimized virtual_call}
  0x000001ea7199dc68: 6666 90e8 

  0x000001ea7199dc6c: ; ImmutableOopMap {rbp=NarrowOop [40]=Oop [56]=NarrowOop [60]=NarrowOop [64]=Oop [72]=Oop [80]=Oop [88]=NarrowOop [92]=NarrowOop [96]=Oop [104]=Oop [112]=Oop [120]=Oop [128]=Oop [136]=Oop [144]=NarrowOop [148]=NarrowOop [152]=Oop [160]=Oop [168]=Oop }
                      ;*invokevirtual setPrevRelaxed {reexecute=0 rethrow=0 return_oop=0}
                      ; - java.util.concurrent.locks.AbstractQueuedSynchronizer::enqueue@31 (line 615)
                      ; - java.util.concurrent.locks.AbstractQueuedSynchronizer$ConditionObject::doSignal@46 (line 1556)
                      ; - java.util.concurrent.locks.AbstractQueuedSynchronizer$ConditionObject::signalAll@30 (line 1593)
                      ; - java.awt.EventQueue::postEvent@109 (line 332)
                      ; - java.awt.EventQueue::postEventPrivate@76 (line 279)
                      ; - java.awt.EventQueue::postEvent@9 (line 251)
                      ; - sun.awt.PostEventQueue::flush@87 (line 2064)
                      ; - sun.awt.SunToolkit::flushPendingEvents@15 (line 502)
                      ; - java.awt.EventQueue::postEvent@4 (line 250)
                      ; - sun.awt.PostEventQueue::flush@87 (line 2064)
                      ; - sun.awt.SunToolkit::flushPendingEvents@15 (line 502)
                      ; - java.awt.EventQueue::getNextEvent@4 (line 535)
                      ; - java.awt.EventDispatchThread::pumpOneEventForFilters@20 (line 190)
  0x000001ea7199dc6c: 7014 98ff 

  0x000001ea7199dc70: ;   {post_call_nop}
  0x000001ea7199dc70: 0f1f 8400 | e838 0016 | 488b 9424 | 9800 0000 | 4c8b 8424 | a800 0000 | 4c8b 8c24 | a000 0000 
  0x000001ea7199dc90: ;   {optimized virtual_call}
  0x000001ea7199dc90: 6666 90e8 

  0x000001ea7199dc94: ; ImmutableOopMap {rbp=NarrowOop [40]=Oop [56]=NarrowOop [60]=NarrowOop [64]=Oop [72]=Oop [80]=Oop [88]=NarrowOop [92]=NarrowOop [96]=Oop [104]=Oop [112]=Oop [120]=Oop [128]=Oop [136]=Oop [144]=NarrowOop [148]=NarrowOop [152]=Oop [160]=Oop [168]=Oop }
                      ;*invokevirtual casTail {reexecute=0 rethrow=0 return_oop=0}
                      ; - java.util.concurrent.locks.AbstractQueuedSynchronizer::enqueue@37 (line 616)
                      ; - java.util.concurrent.locks.AbstractQueuedSynchronizer$ConditionObject::doSignal@46 (line 1556)
                      ; - java.util.concurrent.locks.AbstractQueuedSynchronizer$ConditionObject::signalAll@30 (line 1593)
                      ; - java.awt.EventQueue::postEvent@109 (line 332)
                      ; - java.awt.EventQueue::postEventPrivate@76 (line 279)
                      ; - java.awt.EventQueue::postEvent@9 (line 251)
                      ; - sun.awt.PostEventQueue::flush@87 (line 2064)
                      ; - sun.awt.SunToolkit::flushPendingEvents@15 (line 502)
                      ; - java.awt.EventQueue::postEvent@4 (line 250)
                      ; - sun.awt.PostEventQueue::flush@87 (line 2064)
                      ; - sun.awt.SunToolkit::flushPendingEvents@15 (line 502)
                      ; - java.awt.EventQueue::getNextEvent@4 (line 535)
                      ; - java.awt.EventDispatchThread::pumpOneEventForFilters@20 (line 190)
  0x000001ea7199dc94: 4814 98ff 

  0x000001ea7199dc98: ;   {post_call_nop}
  0x000001ea7199dc98: 0f1f 8400 | 1039 0017 | 85c0 0f84 | 144b 0000 | 448b 8c24 | 9000 0000 | 4d8d 5cec | 1441 807f 
  0x000001ea7199dcb8: 4800 0f85 | 3486 0000 | 4589 0b45 | 8bd1 49c1 | e203 4d8b | c34d 33c2 | 49c1 e816 | 7415 4d8b 
  0x000001ea7199dcd8: c349 c1e8 | 094d 0347 | 5041 8038 | ff75 0441 | c600 00f0 | 8344 24c0 | 0041 8b6c | ec0c 85ed 
  0x000001ea7199dcf8: 7d62 ba45 | ffff ff4c | 8b54 2428 | 4c89 5424 | 2044 8b54 | 2438 4489 | 5424 2c4c | 8b54 2448 
  0x000001ea7199dd18: 4c89 5424 | 304c 8b54 | 2468 4c89 | 5424 4844 | 8b54 243c | 4489 5424 | 3844 8b5c | 2458 4489 
  0x000001ea7199dd38: 5c24 3c4c | 8b54 2470 | 4c89 5424 | 6044 8b54 | 245c 4489 

  0x000001ea7199dd4c: ;   {runtime_call UncommonTrapBlob}
  0x000001ea7199dd4c: 5424 58e8 

  0x000001ea7199dd50: ; ImmutableOopMap {[32]=Oop [44]=NarrowOop [48]=Oop [56]=NarrowOop [60]=NarrowOop [72]=Oop [80]=Oop [88]=NarrowOop [96]=Oop [120]=Oop [128]=Oop [144]=NarrowOop }
                      ;*ifge {reexecute=1 rethrow=0 return_oop=0}
                      ; - (reexecute) java.util.concurrent.locks.AbstractQueuedSynchronizer::enqueue@52 (line 618)
                      ; - java.util.concurrent.locks.AbstractQueuedSynchronizer$ConditionObject::doSignal@46 (line 1556)
                      ; - java.util.concurrent.locks.AbstractQueuedSynchronizer$ConditionObject::signalAll@30 (line 1593)
                      ; - java.awt.EventQueue::postEvent@109 (line 332)
                      ; - java.awt.EventQueue::postEventPrivate@76 (line 279)
                      ; - java.awt.EventQueue::postEvent@9 (line 251)
                      ; - sun.awt.PostEventQueue::flush@87 (line 2064)
                      ; - sun.awt.SunToolkit::flushPendingEvents@15 (line 502)
                      ; - java.awt.EventQueue::postEvent@4 (line 250)
                      ; - sun.awt.PostEventQueue::flush@87 (line 2064)
                      ; - sun.awt.SunToolkit::flushPendingEvents@15 (line 502)
                      ; - java.awt.EventQueue::getNextEvent@4 (line 535)
                      ; - java.awt.EventDispatchThread::pumpOneEventForFilters@20 (line 190)
  0x000001ea7199dd50: 8c44 a5ff 

  0x000001ea7199dd54: ;   {post_call_nop}
  0x000001ea7199dd54: 0f1f 8400 | cc39 0018 | 448b 5c24 | 5c43 8b6c | dc2c 458b 

  0x000001ea7199dd68: ;   {metadata('java/util/concurrent/locks/ReentrantLock')}
  0x000001ea7199dd68: 54ec 0841 | 81fa b0c9 | 1d00 0f85 | 3030 0000 | 498d 14ec | 488b 6c24 

  0x000001ea7199dd80: ;   {optimized virtual_call}
  0x000001ea7199dd80: 5066 90e8 

  0x000001ea7199dd84: ; ImmutableOopMap {rbp=Oop [40]=Oop [56]=NarrowOop [60]=NarrowOop [64]=Oop [72]=Oop [80]=Oop [88]=NarrowOop [96]=Oop [104]=Oop [112]=Oop [120]=Oop }
                      ;*invokeinterface unlock {reexecute=0 rethrow=0 return_oop=0}
                      ; - java.awt.EventQueue::postEventPrivate@83 (line 281)
                      ; - java.awt.EventQueue::postEvent@9 (line 251)
                      ; - sun.awt.PostEventQueue::flush@87 (line 2064)
                      ; - sun.awt.SunToolkit::flushPendingEvents@15 (line 502)
                      ; - java.awt.EventQueue::postEvent@4 (line 250)
                      ; - sun.awt.PostEventQueue::flush@87 (line 2064)
                      ; - sun.awt.SunToolkit::flushPendingEvents@15 (line 502)
                      ; - java.awt.EventQueue::getNextEvent@4 (line 535)
                      ; - java.awt.EventDispatchThread::pumpOneEventForFilters@20 (line 190)
  0x000001ea7199dd84: 5813 98ff 

  0x000001ea7199dd88: ;   {post_call_nop}
  0x000001ea7199dd88: 0f1f 8400 | 003a 0019 | 4c8b 5424 | 7845 8b5a | 1045 85db | 0f85 7001 | 0000 4c8b | 5c24 7048 
  0x000001ea7199dda8: 8d9c 24d0 | 0000 004d | 8b13 418b | 9fc8 0600 | 0041 f6c2 | 020f 8537 | 0000 0081 | fb17 0700 
  0x000001ea7199ddc8: 000f 8f4b | 0000 004d | 3b5c 1ff8 | 7416 498b | c248 83c8 | 0149 83e2 | fef0 4d0f | b113 0f85 
  0x000001ea7199dde8: 2e00 0000 | 4d89 1c1f | 4183 87c8 | 0600 0008 | eb1e 4833 | c049 8b9f | a004 0000 | f049 0fb1 
  0x000001ea7199de08: 5a3e 740c | 483b d875 | 0949 ff82 | 8600 0000 | 33c0 0f85 | c03e 0000 | 4c8b 4c24 | 7048 33c9 
  0x000001ea7199de28: 4d8d 5918 | 4180 7f48 | 000f 8520 | 8500 0041 | 890b 498b | d149 8be9 

  0x000001ea7199de40: ;   {optimized virtual_call}
  0x000001ea7199de40: 6666 90e8 

  0x000001ea7199de44: ; ImmutableOopMap {rbp=Oop [40]=Oop [56]=NarrowOop [60]=NarrowOop [64]=Oop [72]=Oop [80]=Oop [88]=NarrowOop [96]=Oop [104]=Oop [112]=Oop }
                      ;*invokevirtual notifyAll {reexecute=0 rethrow=0 return_oop=0}
                      ; - sun.awt.PostEventQueue::flush@108 (line 2073)
                      ; - sun.awt.SunToolkit::flushPendingEvents@15 (line 502)
                      ; - java.awt.EventQueue::postEvent@4 (line 250)
                      ; - sun.awt.PostEventQueue::flush@87 (line 2064)
                      ; - sun.awt.SunToolkit::flushPendingEvents@15 (line 502)
                      ; - java.awt.EventQueue::getNextEvent@4 (line 535)
                      ; - java.awt.EventDispatchThread::pumpOneEventForFilters@20 (line 190)
  0x000001ea7199de44: 9812 98ff 

  0x000001ea7199de48: ;   {post_call_nop}
  0x000001ea7199de48: 0f1f 8400 | c03a 001a | 488d 8424 | d000 0000 | 418b 87c8 | 0600 004c | 8b55 0049 | 3b6c 07f8 
  0x000001ea7199de68: 0f85 2f00 | 0000 4183 | afc8 0600 | 0008 493b | 6c07 f00f | 8460 0000 | 0049 8bc2 | 4883 e0fc 
  0x000001ea7199de88: 4983 ca01 | f04c 0fb1 | 5500 0f85 | f78f 0000 | e944 0000 | 0049 83ba | 8600 0000 | 0075 3349 
  0x000001ea7199dea8: c742 3e00 | 0000 00f0 | 8344 24c0 | 0049 83ba | 8e00 0000 | 0074 2249 | 83ba 9e00 | 0000 0075 
  0x000001ea7199dec8: 1849 83e2 | fd4d 8997 | b805 0000 | 4183 ca01 | eb0a 49ff | 8a86 0000 | 0045 33d2 | 0f84 d300 
  0x000001ea7199dee8: 0000 488b | cd48 8d94 | 24d0 0000 | 004d 8bc7 

  0x000001ea7199def8: ;   {runtime_call}
  0x000001ea7199def8: 49ba a0ea | 55e5 fd7f | 0000 41ff 

  0x000001ea7199df04: ;   {post_call_nop}
  0x000001ea7199df04: d20f 1f84 | 0000 0000 | 00e9 ab00 | 0000 4f8d | 14dc 4c89 | 5424 78e9 | 3a05 0000 | 4c8b 5c24 
  0x000001ea7199df24: 7048 8d84 | 24d0 0000 | 0041 8b87 | c806 0000 | 4d8b 134d | 3b5c 07f8 | 0f85 2e00 | 0000 4183 
  0x000001ea7199df44: afc8 0600 | 0008 4d3b | 5c07 f00f | 845f 0000 | 0049 8bc2 | 4883 e0fc | 4983 ca01 | f04d 0fb1 
  0x000001ea7199df64: 130f 8517 | 8f00 00e9 | 4400 0000 | 4983 ba86 | 0000 0000 | 7533 49c7 | 423e 0000 | 0000 f083 
  0x000001ea7199df84: 4424 c000 | 4983 ba8e | 0000 0000 | 7422 4983 | ba9e 0000 | 0000 7518 | 4983 e2fd | 4d89 97b8 
  0x000001ea7199dfa4: 0500 0041 | 83ca 01eb | 0a49 ff8a | 8600 0000 | 4533 d20f | 85d3 3c00 | 0044 8b54 | 2458 4d8b 
  0x000001ea7199dfc4: c249 c1e0 | 0348 8b54 

  0x000001ea7199dfcc: ;   {optimized virtual_call}
  0x000001ea7199dfcc: 2460 90e8 

  0x000001ea7199dfd0: ; ImmutableOopMap {[40]=Oop [56]=NarrowOop [64]=Oop [72]=Oop [80]=Oop [104]=Oop }
                      ;*invokevirtual postEventPrivate {reexecute=0 rethrow=0 return_oop=0}
                      ; - java.awt.EventQueue::postEvent@9 (line 251)
                      ; - sun.awt.PostEventQueue::flush@87 (line 2064)
                      ; - sun.awt.SunToolkit::flushPendingEvents@15 (line 502)
                      ; - java.awt.EventQueue::getNextEvent@4 (line 535)
                      ; - java.awt.EventDispatchThread::pumpOneEventForFilters@20 (line 190)
  0x000001ea7199dfd0: cc7d 54f8 

  0x000001ea7199dfd4: ;   {post_call_nop}
  0x000001ea7199dfd4: 0f1f 8400 | 4c3c 001b | 4c8b 5424 | 6845 8b5a | 1045 85db | 0f85 7101 | 0000 4c8b | 5c24 4848 
  0x000001ea7199dff4: 8d9c 24d0 | 0000 004d | 8b13 418b | 9fc8 0600 | 0041 f6c2 | 020f 8537 | 0000 0081 | fb17 0700 
  0x000001ea7199e014: 000f 8f4b | 0000 004d | 3b5c 1ff8 | 7416 498b | c248 83c8 | 0149 83e2 | fef0 4d0f | b113 0f85 
  0x000001ea7199e034: 2e00 0000 | 4d89 1c1f | 4183 87c8 | 0600 0008 | eb1e 4833 | c049 8b9f | a004 0000 | f049 0fb1 
  0x000001ea7199e054: 5a3e 740c | 483b d875 | 0949 ff82 | 8600 0000 | 33c0 0f85 | 2039 0000 | 4c8b 4c24 | 4848 33db 
  0x000001ea7199e074: 4d8d 5918 | 4180 7f48 | 000f 8541 | 8300 0041 | 891b 498b | d149 8be9 

  0x000001ea7199e08c: ;   {optimized virtual_call}
  0x000001ea7199e08c: 6666 90e8 

  0x000001ea7199e090: ; ImmutableOopMap {rbp=Oop [40]=Oop [56]=NarrowOop [64]=Oop [72]=Oop [80]=Oop }
                      ;*invokevirtual notifyAll {reexecute=0 rethrow=0 return_oop=0}
                      ; - sun.awt.PostEventQueue::flush@108 (line 2073)
                      ; - sun.awt.SunToolkit::flushPendingEvents@15 (line 502)
                      ; - java.awt.EventQueue::getNextEvent@4 (line 535)
                      ; - java.awt.EventDispatchThread::pumpOneEventForFilters@20 (line 190)
  0x000001ea7199e090: 7c21 f0ff 

  0x000001ea7199e094: ;   {post_call_nop}
  0x000001ea7199e094: 0f1f 8400 | 0c3d 001c | 4c8b dd48 | 8d84 24d0 | 0000 0041 | 8b87 c806 | 0000 4d8b | 134d 3b5c 
  0x000001ea7199e0b4: 07f8 0f85 | 2e00 0000 | 4183 afc8 | 0600 0008 | 4d3b 5c07 | f00f 845f | 0000 0049 | 8bc2 4883 
  0x000001ea7199e0d4: e0fc 4983 | ca01 f04d | 0fb1 130f | 8590 8d00 | 00e9 4400 | 0000 4983 | ba86 0000 | 0000 7533 
  0x000001ea7199e0f4: 49c7 423e | 0000 0000 | f083 4424 | c000 4983 | ba8e 0000 | 0000 7422 | 4983 ba9e | 0000 0000 
  0x000001ea7199e114: 7518 4983 | e2fd 4d89 | 97b8 0500 | 0041 83ca | 01eb 0a49 | ff8a 8600 | 0000 4533 | d20f 8477 
  0x000001ea7199e134: c7ff ff49 | 8bcb 488d | 9424 d000 | 0000 4d8b 

  0x000001ea7199e144: ;   {runtime_call}
  0x000001ea7199e144: c749 baa0 | ea55 e5fd | 7f00 0041 

  0x000001ea7199e150: ;   {post_call_nop}
  0x000001ea7199e150: ffd2 0f1f | 8400 0000 | 0000 e94f | c7ff ff4f | 8d14 dc4c | 8954 2468 | 4c8b 5424 | 4845 8b5a 
  0x000001ea7199e170: 1444 895c | 243c 4c8b | 5424 6845 | 8b52 0c44 | 8954 2458 

  0x000001ea7199e184: ; implicit exception: dispatches to 0x000001ea719a408c
  0x000001ea7199e184: 478b 54dc | 4445 85d2 | 0f84 1227 | 0000 4b8d | 14d4 4f8d | 14dc 4c89 

  0x000001ea7199e19c: ;   {oop("PostEventQueue"{0x00000007ff993148})}
  0x000001ea7199e19c: 5424 6049 | b848 3199 | ff07 0000 

  0x000001ea7199e1a8: ;   {optimized virtual_call}
  0x000001ea7199e1a8: 0066 90e8 

  0x000001ea7199e1ac: ; ImmutableOopMap {[40]=Oop [56]=NarrowOop [60]=NarrowOop [64]=Oop [72]=Oop [80]=Oop [88]=NarrowOop [96]=Oop [104]=Oop }
                      ;*invokevirtual get {reexecute=0 rethrow=0 return_oop=1}
                      ; - sun.awt.SunToolkit::flushPendingEvents@3 (line 500)
                      ; - java.awt.EventQueue::postEvent@4 (line 250)
                      ; - sun.awt.PostEventQueue::flush@87 (line 2064)
                      ; - sun.awt.SunToolkit::flushPendingEvents@15 (line 502)
                      ; - java.awt.EventQueue::getNextEvent@4 (line 535)
                      ; - java.awt.EventDispatchThread::pumpOneEventForFilters@20 (line 190)
  0x000001ea7199e1ac: e0cc f1ff 

  0x000001ea7199e1b0: ;   {post_call_nop}
  0x000001ea7199e1b0: 0f1f 8400 | 283e 001d 

  0x000001ea7199e1b8: ; implicit exception: dispatches to 0x000001ea719a40b0
  0x000001ea7199e1b8: 448b 5008 

  0x000001ea7199e1bc: ;   {metadata('sun/awt/PostEventQueue')}
  0x000001ea7199e1bc: 4181 fa80 | ea02 010f | 8567 5000 | 0048 8944 | 2470 4c8b | 5c24 7048 | 8d9c 24d0 | 0000 004d 
  0x000001ea7199e1dc: 8b13 418b | 9fc8 0600 | 0041 f6c2 | 020f 8537 | 0000 0081 | fb17 0700 | 000f 8f4b | 0000 004d 
  0x000001ea7199e1fc: 3b5c 1ff8 | 7416 498b | c248 83c8 | 0149 83e2 | fef0 4d0f | b113 0f85 | 2e00 0000 | 4d89 1c1f 
  0x000001ea7199e21c: 4183 87c8 | 0600 0008 | eb1e 4833 | c049 8b9f | a004 0000 | f049 0fb1 | 5a3e 740c | 483b d875 
  0x000001ea7199e23c: 0949 ff82 | 8600 0000 | 33c0 0f85 | ac28 0000 | 4c8b 5424 | 7041 8b6a | 184c 8bd5 | 49c1 e203 
  0x000001ea7199e25c: 4c8b 5c24 | 504d 3bda | 0f84 b6fc | ffff 85ed | 0f85 fa3d | 0000 4c8b | 5424 7041 | 8b5a 0c85 
  0x000001ea7199e27c: db0f 85c5 | 0000 004c | 8b5c 2470 | 488d 8424 | d000 0000 | 418b 87c8 | 0600 004d | 8b13 4d3b 
  0x000001ea7199e29c: 5c07 f80f | 852e 0000 | 0041 83af | c806 0000 | 084d 3b5c | 07f0 0f84 | 5f00 0000 

  0x000001ea7199e2b8: ;   {other}
  0x000001ea7199e2b8: 498b c248 | 83e0 fc49 | 83ca 01f0 | 4d0f b113 | 0f85 9a8b | 0000 e944 | 0000 0049 | 83ba 8600 
  0x000001ea7199e2d8: 0000 0075 | 3349 c742 | 3e00 0000 | 00f0 8344 | 24c0 0049 | 83ba 8e00 | 0000 0074 | 2249 83ba 
  0x000001ea7199e2f8: 9e00 0000 | 0075 1849 | 83e2 fd4d | 8997 b805 | 0000 4183 | ca01 eb0a | 49ff 8a86 | 0000 0045 
  0x000001ea7199e318: 33d2 0f84 | 9dfc ffff | 498b cb48 | 8d94 24d0 | 0000 004d 

  0x000001ea7199e32c: ;   {runtime_call}
  0x000001ea7199e32c: 8bc7 49ba | a0ea 55e5 | fd7f 0000 

  0x000001ea7199e338: ;   {post_call_nop}
  0x000001ea7199e338: 41ff d20f | 1f84 0000 | 0000 00e9 | 75fc ffff | 4c8b 4c24 | 7048 33d2 | 4d8d 5110 | 4180 7f48 
  0x000001ea7199e358: 000f 85c8 | 8000 0041 | 8912 488b | 7c24 7048 | 8b54 2450 | 4c8d 5718 | 4180 7f48 | 000f 8519 
  0x000001ea7199e378: 8100 004c | 8bca 49c1 | e903 4589 | 0a4d 8bc2 | 4c33 c249 | c1e8 1674 | 154d 8bc2 | 49c1 e809 
  0x000001ea7199e398: 4d03 4750 | 4180 38ff | 7504 41c6 | 0000 4833 | d24c 8d5f | 0c41 807f | 4800 0f85 | 5d81 0000 
  0x000001ea7199e3b8: 4189 1348 | 8d84 24d0 | 0000 0041 | 8b87 c806 | 0000 488b | 0f49 3b7c | 07f8 0f85 | 2e00 0000 
  0x000001ea7199e3d8: 4183 afc8 | 0600 0008 | 493b 7c07 | f00f 845e | 0000 0048 | 8bc1 4883 | e0fc 4883 | c901 f048 
  0x000001ea7199e3f8: 0fb1 0f0f | 855a 8a00 | 00e9 4300 | 0000 4883 | b986 0000 | 0000 7532 | 48c7 413e | 0000 0000 
  0x000001ea7199e418: f083 4424 | c000 4883 | b98e 0000 | 0000 7421 | 4883 b99e | 0000 0000 | 7517 4883 | e1fd 4989 
  0x000001ea7199e438: ;   {other}
  0x000001ea7199e438: 8fb8 0500 | 0083 c901 | eb09 48ff | 8986 0000 | 0033 c90f | 8567 3800 | 004d 8d14 | dc4c 8954 
  0x000001ea7199e458: 2478 4c8b | 5424 7045 | 8b5a 1444 | 895c 245c | 4c8b 5424 | 7845 8b52 | 0c44 8994 | 2480 0000 
  0x000001ea7199e478: 0047 8b5c | dc44 498b | d348 c1e2 | 0344 8b54 | 245c 49c1 | e203 4c89 | 9424 8800 | 0000 488b 
  0x000001ea7199e498: ;   {static_call}
  0x000001ea7199e498: 6c24 50e8 

  0x000001ea7199e49c: ; ImmutableOopMap {rbp=Oop [40]=Oop [56]=NarrowOop [60]=NarrowOop [64]=Oop [72]=Oop [80]=Oop [88]=NarrowOop [92]=NarrowOop [96]=Oop [104]=Oop [112]=Oop [120]=Oop [128]=NarrowOop [136]=Oop }
                      ;*invokestatic flushPendingEvents {reexecute=0 rethrow=0 return_oop=0}
                      ; - java.awt.EventQueue::postEvent@4 (line 250)
                      ; - sun.awt.PostEventQueue::flush@87 (line 2064)
                      ; - sun.awt.SunToolkit::flushPendingEvents@15 (line 502)
                      ; - java.awt.EventQueue::postEvent@4 (line 250)
                      ; - sun.awt.PostEventQueue::flush@87 (line 2064)
                      ; - sun.awt.SunToolkit::flushPendingEvents@15 (line 502)
                      ; - java.awt.EventQueue::getNextEvent@4 (line 535)
                      ; - java.awt.EventDispatchThread::pumpOneEventForFilters@20 (line 190)
  0x000001ea7199e49c: 4012 98ff 

  0x000001ea7199e4a0: ;   {post_call_nop}
  0x000001ea7199e4a0: 0f1f 8400 | 1841 001e | 448b 9c24 | 8000 0000 

  0x000001ea7199e4b0: ; implicit exception: dispatches to 0x000001ea719a41bc
  0x000001ea7199e4b0: 478b 5cdc | 0844 895c | 2424 448b | 9424 8000 | 0000 43c6 | 44d4 1a01 | 448b 5c24 | 5c43 8b6c 
  0x000001ea7199e4d0: dc2c 458b 

  0x000001ea7199e4d4: ;   {metadata('java/util/concurrent/locks/ReentrantLock')}
  0x000001ea7199e4d4: 54ec 0841 | 81fa b0c9 | 1d00 0f85 | 6928 0000 | 4d8d 14ec | 458b 420c | 4585 c00f | 8427 2700 
  0x000001ea7199e4f4: 0044 8b94 | 2480 0000 | 0049 c1e2 | 034c 8994 | 2490 0000 | 0033 c041 | bb01 0000 | 00f0 470f 
  0x000001ea7199e514: b15c c418 | 410f 94c3 | 450f b6db | 4585 db0f | 8475 0800 | 0048 8b4c | 2450 4f8d | 4cc4 0c41 
  0x000001ea7199e534: 807f 4800 | 0f85 4e80 | 0000 4c8b | d949 c1eb | 0345 8919 | 4d8b d14c | 33d1 49c1 | ea16 7415 
  0x000001ea7199e554: 4d8b d149 | c1ea 094d | 0357 5041 | 803a ff75 | 0441 c602 | 0044 8b5c | 245c 438b | 6cdc 2485 
  0x000001ea7199e574: ed0f 8501 | 3800 0043 | 8b6c dc34 | 85ed 0f84 | 4c38 0000 | 448b 5c24 

  0x000001ea7199e58c: ;   {metadata('sun/awt/PeerEvent')}
  0x000001ea7199e58c: 2441 81fb | 50f9 0201 | 0f85 4508 | 0000 4c8b | 9424 9000 | 0000 4d8b | 5240 41f6 | c202 0f84 
  0x000001ea7199e5ac: 6008 0000 | 41ba 0300 | 0000 4489 | 9424 a000 | 0000 448b | 9c24 8000 | 0000 478b | 54dc 0c44 
  0x000001ea7199e5cc: 8994 24a4 | 0000 0047 | 8b54 d408 | 448b 5c24 | 5c47 8b5c | dc0c 4489 | 9c24 8400 | 0000 448b 
  0x000001ea7199e5ec: 8424 8000 | 0000 478b | 44c4 1444 | 8984 2498 | 0000 0041 | bb00 0000 | 944d 03da | 4d8b 5338 
  0x000001ea7199e60c: ;   {metadata('java/awt/Component')}
  0x000001ea7199e60c: 49bb 703f | 0295 0000 | 0000 4d3b | d375 7444 | 8b54 2424 

  0x000001ea7199e620: ;   {metadata('sun/awt/PeerEvent')}
  0x000001ea7199e620: 4181 fa50 | f902 010f | 8500 0800 | 004c 8b84 | 2490 0000 | 0048 8b94 | 2488 0000 | 0048 8bea 
  0x000001ea7199e640: ;   {optimized virtual_call}
  0x000001ea7199e640: 6666 90e8 

  0x000001ea7199e644: ; ImmutableOopMap {rbp=Oop [40]=Oop [56]=NarrowOop [60]=NarrowOop [64]=Oop [72]=Oop [80]=Oop [88]=NarrowOop [92]=NarrowOop [96]=Oop [104]=Oop [112]=Oop [120]=Oop [128]=NarrowOop [136]=Oop [144]=Oop }
                      ;*invokevirtual coalescePeerEvent {reexecute=0 rethrow=0 return_oop=0}
                      ; - java.awt.EventQueue::coalesceEvent@24 (line 442)
                      ; - java.awt.EventQueue::postEvent@3 (line 314)
                      ; - java.awt.EventQueue::postEventPrivate@76 (line 279)
                      ; - java.awt.EventQueue::postEvent@9 (line 251)
                      ; - sun.awt.PostEventQueue::flush@87 (line 2064)
                      ; - sun.awt.SunToolkit::flushPendingEvents@15 (line 502)
                      ; - java.awt.EventQueue::postEvent@4 (line 250)
                      ; - sun.awt.PostEventQueue::flush@87 (line 2064)
                      ; - sun.awt.SunToolkit::flushPendingEvents@15 (line 502)
                      ; - java.awt.EventQueue::getNextEvent@4 (line 535)
                      ; - java.awt.EventDispatchThread::pumpOneEventForFilters@20 (line 190)
  0x000001ea7199e644: 980a 98ff 

  0x000001ea7199e648: ;   {post_call_nop}
  0x000001ea7199e648: 0f1f 8400 | c042 001f | 85c0 0f85 | 04f7 ffff | 448b 9c24 | 8000 0000 | 478b 54dc | 1444 8994 
  0x000001ea7199e668: 2498 0000 | 0045 8bd3 | 478b 5cd4 | 0c44 899c | 24a4 0000 | 0044 8b5c | 245c 478b | 5cdc 0c44 
  0x000001ea7199e688: 899c 2484 | 0000 004d | 8b9f b001 | 0000 4d8b | d349 83c2 | 184d 3b97 | c001 0000 | 0f83 1216 
  0x000001ea7199e6a8: 0000 4d89 | 97b0 0100 | 0041 0f18 | 8200 0100 | 0049 c703 | 0100 0000 

  0x000001ea7199e6c0: ;   {metadata('sun/awt/EventQueueItem')}
  0x000001ea7199e6c0: 41c7 4308 | 08fc 0201 | 4589 630c | 4d89 6310 | 4c89 9c24 | a800 0000 | 448b 8424 | 8000 0000 
  0x000001ea7199e6e0: 4589 430c | 448b 9424 | 9800 0000 | 4181 faf7 | 0100 000f | 8494 eeff | ff41 81fa | fa01 0000 
  0x000001ea7199e700: 0f84 250f | 0000 4181 | c206 feff | ff41 81fa | 2801 0000 | 0f82 3610 | 0000 448b 

  0x000001ea7199e71c: ;   {metadata('sun/awt/PeerEvent')}
  0x000001ea7199e71c: 5424 2441 | 81fa 50f9 | 0201 0f85 | 5308 0000 | 41b9 0400 | 0000 e95c | eeff ff47 | 8b44 d40c 
  0x000001ea7199e73c: 4d8b d849 | c1e3 034c | 8b44 2450 | 4d3b d80f | 8543 0c00 | 0043 8b6c | d418 ffc5 | 85ed 0f8c 
  0x000001ea7199e75c: 943e 0000 | 4389 6cd4 | 18f0 8344 | 24c0 00e9 | 6cc1 ffff | 478b 54cc | 0c45 85d2 | 0f84 27c3 
  0x000001ea7199e77c: ffff 438b | 44cc 0c44 | 8bd8 4183 | e3fe f047 | 0fb1 5ccc | 0c40 0f94 | c540 0fb6 | ed85 ed0f 
  0x000001ea7199e79c: 847f 4000 | 0047 8b54 | cc18 4585 | d20f 84f6 | c2ff ff4f | 8d04 d447 | 8b5c d408 | 41ba 0000 
  0x000001ea7199e7bc: 0094 4d03 | d34d 8b52 

  0x000001ea7199e7c4: ;   {metadata('java/lang/BaseVirtualThread')}
  0x000001ea7199e7c4: 4049 bbd0 | 651a 9400 | 0000 004d | 3bd3 0f85 | b207 0000 

  0x000001ea7199e7d8: ;   {oop(a 'java/lang/System$1'{0x00000007ff9132a8})}
  0x000001ea7199e7d8: 48ba a832 | 91ff 0700 | 0000 488b 

  0x000001ea7199e7e4: ;   {optimized virtual_call}
  0x000001ea7199e7e4: 6c24 28e8 

  0x000001ea7199e7e8: ; ImmutableOopMap {rbp=Oop [40]=Oop [56]=NarrowOop [60]=NarrowOop [64]=Oop [72]=Oop [80]=Oop }
                      ;*invokeinterface unparkVirtualThread {reexecute=0 rethrow=0 return_oop=0}
                      ; - java.util.concurrent.locks.LockSupport::unpark@15 (line 181)
                      ; - java.util.concurrent.locks.AbstractQueuedSynchronizer::signalNext@30 (line 646)
                      ; - java.util.concurrent.locks.AbstractQueuedSynchronizer::release@12 (line 1100)
                      ; - java.util.concurrent.locks.ReentrantLock::unlock@5 (line 495)
                      ; - java.awt.EventQueue::getNextEvent@31 (line 545)
                      ; - java.awt.EventDispatchThread::pumpOneEventForFilters@20 (line 190)
  0x000001ea7199e7e8: f408 98ff 

  0x000001ea7199e7ec: ;   {post_call_nop}
  0x000001ea7199e7ec: 0f1f 8400 | 6444 0020 | e9ac c2ff | ff47 8b54 | dc0c 49c1 | e203 4c8b | 4424 504d | 3bd0 0f85 
  0x000001ea7199e80c: 180d 0000 | 438b 6cdc | 18ff c585 | ed0f 8ce5 | 4000 0043 | 896c dc18 | f083 4424 | c000 e9fc 
  0x000001ea7199e82c: cdff ff44 | 8b54 243c | 478b 5cd4 | 1441 81c3 | e0fc ffff | 4183 fb02 | 0f82 5510 | 0000 41bb 
  0x000001ea7199e84c: 0100 0000 | 4489 5c24 | 7ce9 23ce | ffff 41f6 | c201 0f84 | cd09 0000 | 41ba 0200 | 0000 4489 
  0x000001ea7199e86c: 5424 7ce9 | 09ce ffff | 478b 54cc | 0c45 85d2 | 0f84 b2c9 | ffff 438b | 44cc 0c44 | 8bd8 4183 
  0x000001ea7199e88c: e3fe f047 | 0fb1 5ccc | 0c40 0f94 | c540 0fb6 | ed85 ed0f | 849f 4000 | 0047 8b54 | cc18 4585 
  0x000001ea7199e8ac: d20f 8481 | c9ff ff4f | 8d04 d447 | 8b5c d408 | 41ba 0000 | 0094 4d03 | d34d 8b52 

  0x000001ea7199e8c8: ;   {metadata('java/lang/BaseVirtualThread')}
  0x000001ea7199e8c8: 4049 bbd0 | 651a 9400 | 0000 004d | 3bd3 0f85 | cb07 0000 

  0x000001ea7199e8dc: ;   {oop(a 'java/lang/System$1'{0x00000007ff9132a8})}
  0x000001ea7199e8dc: 48ba a832 | 91ff 0700 | 0000 488b 

  0x000001ea7199e8e8: ;   {optimized virtual_call}
  0x000001ea7199e8e8: 6c24 28e8 

  0x000001ea7199e8ec: ; ImmutableOopMap {rbp=Oop [40]=Oop [56]=NarrowOop [64]=Oop [72]=Oop [80]=Oop [88]=Oop }
                      ;*invokeinterface unparkVirtualThread {reexecute=0 rethrow=0 return_oop=0}
                      ; - java.util.concurrent.locks.LockSupport::unpark@15 (line 181)
                      ; - java.util.concurrent.locks.AbstractQueuedSynchronizer::signalNext@30 (line 646)
                      ; - java.util.concurrent.locks.AbstractQueuedSynchronizer::release@12 (line 1100)
                      ; - java.util.concurrent.locks.AbstractQueuedSynchronizer$ConditionObject::enableWait@62 (line 1615)
                      ; - java.util.concurrent.locks.AbstractQueuedSynchronizer$ConditionObject::await@26 (line 1740)
                      ; - java.awt.EventQueue::getNextEvent@52 (line 543)
                      ; - java.awt.EventDispatchThread::pumpOneEventForFilters@20 (line 190)
  0x000001ea7199e8ec: f007 98ff 

  0x000001ea7199e8f0: ;   {post_call_nop}
  0x000001ea7199e8f0: 0f1f 8400 | 6845 0021 | e937 c9ff | ff47 8b44 | dc0c 4585 | c00f 8467 | d6ff ff43 | 8b44 dc0c 
  0x000001ea7199e910: 448b d041 | 83e2 fef0 | 470f b154 | dc0c 400f | 94c5 400f | b6ed 85ed | 0f84 5640 | 0000 478b 
  0x000001ea7199e930: 5cdc 1845 | 85db 0f84 | 36d6 ffff | 478b 4cdc | 084f 8d04 | dc41 ba00 | 0000 944d | 03d1 4d8b 
  0x000001ea7199e950: ;   {metadata('java/lang/BaseVirtualThread')}
  0x000001ea7199e950: 5240 49bb | d065 1a94 | 0000 0000 | 4d3b d30f | 8564 0700 

  0x000001ea7199e964: ;   {oop(a 'java/lang/System$1'{0x00000007ff9132a8})}
  0x000001ea7199e964: 0048 baa8 | 3291 ff07 | 0000 0048 | 8b6c 2428 

  0x000001ea7199e974: ;   {optimized virtual_call}
  0x000001ea7199e974: 6666 90e8 

  0x000001ea7199e978: ; ImmutableOopMap {rbp=Oop [40]=Oop [56]=NarrowOop [64]=Oop [72]=Oop [80]=Oop [88]=Oop }
                      ;*invokeinterface unparkVirtualThread {reexecute=0 rethrow=0 return_oop=0}
                      ; - java.util.concurrent.locks.LockSupport::unpark@15 (line 181)
                      ; - java.util.concurrent.locks.AbstractQueuedSynchronizer::signalNext@30 (line 646)
                      ; - java.util.concurrent.locks.AbstractQueuedSynchronizer::release@12 (line 1100)
                      ; - java.util.concurrent.locks.ReentrantLock::unlock@5 (line 495)
                      ; - java.awt.EventQueue::postEventPrivate@83 (line 281)
                      ; - java.awt.EventQueue::postEvent@9 (line 251)
                      ; - sun.awt.PostEventQueue::flush@87 (line 2064)
                      ; - sun.awt.SunToolkit::flushPendingEvents@15 (line 502)
                      ; - java.awt.EventQueue::getNextEvent@4 (line 535)
                      ; - java.awt.EventDispatchThread::pumpOneEventForFilters@20 (line 190)
  0x000001ea7199e978: 6407 98ff 

  0x000001ea7199e97c: ;   {post_call_nop}
  0x000001ea7199e97c: 0f1f 8400 | f445 0022 | e9e9 d5ff | ff44 8b9c | 2494 0000 | 004f 8d14 | dc41 0fb6 | 6a3e 85ed 
  0x000001ea7199e99c: 0f85 1a40 | 0000 448b | 5c24 2441 | ba00 0000 | 944d 03d3 | 4d8b 5a50 

  0x000001ea7199e9b4: ;   {metadata('java/awt/event/PaintEvent')}
  0x000001ea7199e9b4: 49b8 488b | 0d95 0000 | 0000 4d3b | d80f 85e6 | 0500 0044 | 8b5c 2424 

  0x000001ea7199e9cc: ;   {metadata('sun/awt/event/IgnorePaintEvent')}
  0x000001ea7199e9cc: 4181 fbc8 | 8d0d 010f | 85f7 4800 | 004c 8b44 | 2470 488b | 5424 6848 | 8b6c 2428 

  0x000001ea7199e9e8: ;   {optimized virtual_call}
  0x000001ea7199e9e8: 6666 90e8 

  0x000001ea7199e9ec: ; ImmutableOopMap {rbp=Oop [40]=Oop [56]=NarrowOop [60]=NarrowOop [64]=Oop [72]=Oop [80]=Oop [88]=Oop [96]=NarrowOop [104]=Oop [112]=Oop }
                      ;*invokevirtual coalescePaintEvent {reexecute=0 rethrow=0 return_oop=0}
                      ; - java.awt.EventQueue::coalesceEvent@64 (line 451)
                      ; - java.awt.EventQueue::postEvent@3 (line 314)
                      ; - java.awt.EventQueue::postEventPrivate@76 (line 279)
                      ; - java.awt.EventQueue::postEvent@9 (line 251)
                      ; - sun.awt.PostEventQueue::flush@87 (line 2064)
                      ; - sun.awt.SunToolkit::flushPendingEvents@15 (line 502)
                      ; - java.awt.EventQueue::getNextEvent@4 (line 535)
                      ; - java.awt.EventDispatchThread::pumpOneEventForFilters@20 (line 190)
  0x000001ea7199e9ec: 4787 0000 

  0x000001ea7199e9f0: ;   {post_call_nop}
  0x000001ea7199e9f0: 0f1f 8400 | 6846 0023 | 85c0 0f85 | e8d4 ffff | 448b 5424 | 6047 8b5c | d40c 4489 | 5c24 7844 
  0x000001ea7199ea10: 8b5c 243c | 478b 54dc | 1444 8954 | 2464 478b | 5cdc 0c44 | 899c 2494 | 0000 00e9 | 04cd ffff 
  0x000001ea7199ea30: 478b 5cc4 | 0c45 85db | 0f84 0cdb | ffff 438b | 44c4 0c44 | 8bd0 4183 | e2fe f047 | 0fb1 54c4 
  0x000001ea7199ea50: 0c40 0f94 | c540 0fb6 | ed85 ed0f | 84af 3f00 | 0047 8b5c | c418 4585 | db0f 84db | daff ff4f 
  0x000001ea7199ea70: 8d04 dc47 | 8b54 dc08 | 41bb 0000 | 0094 4d03 | da4d 8b53 

  0x000001ea7199ea84: ;   {metadata('java/lang/BaseVirtualThread')}
  0x000001ea7199ea84: 4049 bbd0 | 651a 9400 | 0000 004d | 3bd3 0f85 | 5506 0000 

  0x000001ea7199ea98: ;   {oop(a 'java/lang/System$1'{0x00000007ff9132a8})}
  0x000001ea7199ea98: 48ba a832 | 91ff 0700 | 0000 488b 

  0x000001ea7199eaa4: ;   {optimized virtual_call}
  0x000001ea7199eaa4: 6c24 28e8 

  0x000001ea7199eaa8: ; ImmutableOopMap {rbp=Oop [40]=Oop [56]=NarrowOop [64]=Oop [80]=Oop }
                      ;*invokeinterface unparkVirtualThread {reexecute=0 rethrow=0 return_oop=0}
                      ; - java.util.concurrent.locks.LockSupport::unpark@15 (line 181)
                      ; - java.util.concurrent.locks.AbstractQueuedSynchronizer::signalNext@30 (line 646)
                      ; - java.util.concurrent.locks.AbstractQueuedSynchronizer::release@12 (line 1100)
                      ; - java.util.concurrent.locks.ReentrantLock::unlock@5 (line 495)
                      ; - java.awt.EventQueue::getNextEvent@61 (line 545)
                      ; - java.awt.EventDispatchThread::pumpOneEventForFilters@20 (line 190)
  0x000001ea7199eaa8: 3406 98ff 

  0x000001ea7199eaac: ;   {post_call_nop}
  0x000001ea7199eaac: 0f1f 8400 | 2447 0024 | e991 daff | ff47 8b5c | c40c 4d8b | d349 c1e2 | 034c 8b5c | 2450 4d3b 
  0x000001ea7199eacc: d30f 85e3 | 0a00 0043 | 8b6c c418 | ffc5 85ed | 0f8c 9e3f | 0000 4389 | 6cc4 18f0 | 8344 24c0 
  0x000001ea7199eaec: 00e9 cbe8 | ffff 4585 | d20f 8469 | 3a00 0048 | 8bbc 2480 | 0000 004f | 8d44 cc10 | 4180 7f48 
  0x000001ea7199eb0c: 000f 85dc | 7a00 0048 | 8bdf 48c1 | eb03 4189 | 1849 8bc8 | 4833 cf48 | c1e9 1674 | 1349 8bc8 
  0x000001ea7199eb2c: 48c1 e909 | 4903 4f50 | 8039 ff75 | 03c6 0100 | 4f8d 44d4 | 1041 807f | 4800 0f85 | 1a7b 0000 
  0x000001ea7199eb4c: 4c8b cf49 | c1e9 0345 | 8908 4d8b | d84c 33df | 49c1 eb16 | 7415 4d8b | d849 c1eb | 094d 035f 
  0x000001ea7199eb6c: 5041 803b | ff75 0441 | c603 00e9 | 6cd3 ffff | 448b 5c24 | 6447 8b54 | dc14 4181 | c2e0 fcff 
  0x000001ea7199eb8c: ff41 83fa | 020f 8296 | 0d00 0041 | bb01 0000 | 0044 899c | 24a0 0000 | 00e9 6be8 

  0x000001ea7199eba8: ;   {other}
  0x000001ea7199eba8: ffff 41ba | ffff ffff | e9f4 bdff | ff41 f6c2 | 010f 8489 | 0700 0041 | ba02 0000 | 0044 8994 
  0x000001ea7199ebc8: 24a0 0000 | 00e9 43e8 | ffff 478b | 5cc4 0c45 | 85db 0f84 | 49e5 ffff | 438b 44c4 | 0c44 8bd0 
  0x000001ea7199ebe8: 4183 e2fe | f047 0fb1 | 54c4 0c40 | 0f94 c540 | 0fb6 ed85 | ed0f 8449 | 3f00 0047 | 8b5c c418 
  0x000001ea7199ec08: 4585 db0f | 8418 e5ff | ff47 8b4c | dc08 4f8d | 04dc 41ba | 0000 0094 | 4d03 d14d 

  0x000001ea7199ec24: ;   {metadata('java/lang/BaseVirtualThread')}
  0x000001ea7199ec24: 8b52 4049 | bbd0 651a | 9400 0000 | 004d 3bd3 | 0f85 d405 

  0x000001ea7199ec38: ;   {oop(a 'java/lang/System$1'{0x00000007ff9132a8})}
  0x000001ea7199ec38: 0000 48ba | a832 91ff | 0700 0000 | 488b 6c24 

  0x000001ea7199ec48: ;   {optimized virtual_call}
  0x000001ea7199ec48: 2866 90e8 

  0x000001ea7199ec4c: ; ImmutableOopMap {rbp=Oop [40]=Oop [56]=NarrowOop [60]=NarrowOop [64]=Oop [72]=Oop [80]=Oop [88]=Oop [96]=NarrowOop [104]=Oop [112]=Oop [120]=Oop }
                      ;*invokeinterface unparkVirtualThread {reexecute=0 rethrow=0 return_oop=0}
                      ; - java.util.concurrent.locks.LockSupport::unpark@15 (line 181)
                      ; - java.util.concurrent.locks.AbstractQueuedSynchronizer::signalNext@30 (line 646)
                      ; - java.util.concurrent.locks.AbstractQueuedSynchronizer::release@12 (line 1100)
                      ; - java.util.concurrent.locks.ReentrantLock::unlock@5 (line 495)
                      ; - java.awt.EventQueue::postEventPrivate@83 (line 281)
                      ; - java.awt.EventQueue::postEvent@9 (line 251)
                      ; - sun.awt.PostEventQueue::flush@87 (line 2064)
                      ; - sun.awt.SunToolkit::flushPendingEvents@15 (line 502)
                      ; - java.awt.EventQueue::postEvent@4 (line 250)
                      ; - sun.awt.PostEventQueue::flush@87 (line 2064)
                      ; - sun.awt.SunToolkit::flushPendingEvents@15 (line 502)
                      ; - java.awt.EventQueue::getNextEvent@4 (line 535)
                      ; - java.awt.EventDispatchThread::pumpOneEventForFilters@20 (line 190)
  0x000001ea7199ec4c: 9004 98ff 

  0x000001ea7199ec50: ;   {post_call_nop}
  0x000001ea7199ec50: 0f1f 8400 | c848 0025 | e9cc e4ff | ff44 8b9c | 24a4 0000 | 004f 8d14 | dc41 0fb6 | 6a3e 85ed 
  0x000001ea7199ec70: 0f85 423f | 0000 448b | 4424 2441 | ba00 0000 | 944d 03d0 | 4d8b 5a50 

  0x000001ea7199ec88: ;   {metadata('java/awt/event/PaintEvent')}
  0x000001ea7199ec88: 49b8 488b | 0d95 0000 | 0000 4d3b | d80f 8576 | 0400 0044 | 8b54 2424 

  0x000001ea7199eca0: ;   {metadata('sun/awt/event/IgnorePaintEvent')}
  0x000001ea7199eca0: 4181 fac8 | 8d0d 010f | 85bf 4500 | 004c 8b84 | 2490 0000 | 0048 8b94 | 2488 0000 | 0048 8b6c 
  0x000001ea7199ecc0: ;   {optimized virtual_call}
  0x000001ea7199ecc0: 2428 90e8 

  0x000001ea7199ecc4: ; ImmutableOopMap {rbp=Oop [40]=Oop [56]=NarrowOop [60]=NarrowOop [64]=Oop [72]=Oop [80]=Oop [88]=Oop [96]=NarrowOop [100]=NarrowOop [104]=Oop [112]=Oop [120]=Oop [128]=NarrowOop [136]=Oop [144]=Oop }
                      ;*invokevirtual coalescePaintEvent {reexecute=0 rethrow=0 return_oop=0}
                      ; - java.awt.EventQueue::coalesceEvent@64 (line 451)
                      ; - java.awt.EventQueue::postEvent@3 (line 314)
                      ; - java.awt.EventQueue::postEventPrivate@76 (line 279)
                      ; - java.awt.EventQueue::postEvent@9 (line 251)
                      ; - sun.awt.PostEventQueue::flush@87 (line 2064)
                      ; - sun.awt.SunToolkit::flushPendingEvents@15 (line 502)
                      ; - java.awt.EventQueue::postEvent@4 (line 250)
                      ; - sun.awt.PostEventQueue::flush@87 (line 2064)
                      ; - sun.awt.SunToolkit::flushPendingEvents@15 (line 502)
                      ; - java.awt.EventQueue::getNextEvent@4 (line 535)
                      ; - java.awt.EventDispatchThread::pumpOneEventForFilters@20 (line 190)
  0x000001ea7199ecc4: 1804 98ff 

  0x000001ea7199ecc8: ;   {post_call_nop}
  0x000001ea7199ecc8: 0f1f 8400 | 4049 0026 | 85c0 0f85 | c4e3 ffff | 448b 9c24 | 8000 0000 | 478b 54dc | 0c44 8994 
  0x000001ea7199ece8: 2498 0000 | 0044 8b54 | 2464 478b | 5cd4 1444 | 899c 2484 | 0000 0045 | 8bda 478b | 54dc 0c44 
  0x000001ea7199ed08: 8994 24a4 | 0000 00e9 | d1e7 ffff | 4585 d20f | 8427 3b00 | 0048 8bbc | 24a8 0000 | 004f 8d44 
  0x000001ea7199ed28: cc10 4180 | 7f48 000f | 8594 7900 | 0048 8bcf | 48c1 e903 | 4189 0849 | 8bd8 4833 | df48 c1eb 
  0x000001ea7199ed48: 1674 1349 | 8bd8 48c1 | eb09 4903 | 5f50 803b | ff75 03c6 | 0300 4f8d | 44d4 1041 | 807f 4800 
  0x000001ea7199ed68: 0f85 cf79 | 0000 4c8b | df49 c1eb | 0345 8918 | 4d8b c84c | 33cf 49c1 | e916 7415 | 4d8b c849 
  0x000001ea7199ed88: c1e9 094d | 034f 5041 | 8039 ff75 | 0441 c601 | 00e9 fee2 | ffff 478b | 54c4 0c49 | c1e2 034c 
  0x000001ea7199eda8: 8b5c 2450 | 4d3b d30f | 85b0 0800 | 0043 8b6c | c418 ffc5 | 85ed 0f8c | 643e 0000 

  0x000001ea7199edc4: ;   {other}
  0x000001ea7199edc4: 4389 6cc4 | 18f0 8344 | 24c0 00e9 | 95f7 ffff | 41bb ffff | ffff e9bf | c9ff ff44 | 8b94 2480 
  0x000001ea7199ede4: 0000 0047 | 8b5c d414 | 4181 c3e0 | fcff ff41 | 83fb 020f | 826a 0c00 | 0041 ba01 | 0000 0044 
  0x000001ea7199ee04: 8994 24a0 | 0000 00e9 | aef7 ffff | 41f6 c201 | 0f84 4805 | 0000 41bb | 0200 0000 | 4489 9c24 
  0x000001ea7199ee24: a000 0000 | e991 f7ff | ff44 8b9c | 24a4 0000 | 004f 8d14 | dc41 0fb6 | 6a3e 85ed | 0f85 4a3e 
  0x000001ea7199ee44: 0000 448b | 5c24 2441 | ba00 0000 | 944d 03d3 | 4d8b 5a50 

  0x000001ea7199ee58: ;   {metadata('java/awt/event/PaintEvent')}
  0x000001ea7199ee58: 49b8 488b | 0d95 0000 | 0000 4d3b | d80f 85dd | 0300 0044 | 8b5c 2424 

  0x000001ea7199ee70: ;   {metadata('sun/awt/event/IgnorePaintEvent')}
  0x000001ea7199ee70: 4181 fbc8 | 8d0d 010f | 859b 4400 | 004c 8b84 | 2490 0000 | 0048 8b94 | 2488 0000 | 0048 8b6c 
  0x000001ea7199ee90: ;   {optimized virtual_call}
  0x000001ea7199ee90: 2428 90e8 

  0x000001ea7199ee94: ; ImmutableOopMap {rbp=Oop [40]=Oop [56]=NarrowOop [60]=NarrowOop [64]=Oop [72]=Oop [80]=Oop [88]=NarrowOop [92]=NarrowOop [96]=Oop [104]=Oop [112]=Oop [120]=Oop [128]=NarrowOop [136]=Oop [144]=Oop }
                      ;*invokevirtual coalescePaintEvent {reexecute=0 rethrow=0 return_oop=0}
                      ; - java.awt.EventQueue::coalesceEvent@64 (line 451)
                      ; - java.awt.EventQueue::postEvent@3 (line 314)
                      ; - java.awt.EventQueue::postEventPrivate@76 (line 279)
                      ; - java.awt.EventQueue::postEvent@9 (line 251)
                      ; - sun.awt.PostEventQueue::flush@87 (line 2064)
                      ; - sun.awt.SunToolkit::flushPendingEvents@15 (line 502)
                      ; - java.awt.EventQueue::postEvent@4 (line 250)
                      ; - sun.awt.PostEventQueue::flush@87 (line 2064)
                      ; - sun.awt.SunToolkit::flushPendingEvents@15 (line 502)
                      ; - java.awt.EventQueue::getNextEvent@4 (line 535)
                      ; - java.awt.EventDispatchThread::pumpOneEventForFilters@20 (line 190)
  0x000001ea7199ee94: 4802 98ff 

  0x000001ea7199ee98: ;   {post_call_nop}
  0x000001ea7199ee98: 0f1f 8400 | 104b 0027 | 85c0 0f85 | b4ee ffff | 448b 5424 | 5c47 8b54 | d40c 4489 | 9424 8400 
  0x000001ea7199eeb8: 0000 448b | 9c24 8000 | 0000 478b | 5cdc 1444 | 899c 2498 | 0000 0044 | 8b94 2480 | 0000 0047 
  0x000001ea7199eed8: 8b54 d40c | 4489 9424 | a400 0000 | e9a6 f7ff | ff41 baff | ffff ffe9 | 32da ffff | 4585 d20f 
  0x000001ea7199eef8: 8437 3b00 | 0048 8bbc | 24a8 0000 | 004b 8d5c | cc10 4180 | 7f48 000f | 858b 7800 | 0048 8bcf 
  0x000001ea7199ef18: 48c1 e903 | 890b 4c8b | c34c 33c7 | 49c1 e816 | 7415 4c8b | c349 c1e8 | 094d 0347 | 5041 8038 
  0x000001ea7199ef38: ff75 0441 | c600 004f | 8d44 d410 | 4180 7f48 | 000f 85ba | 7800 004c | 8bdf 49c1 | eb03 4589 
  0x000001ea7199ef58: 184d 8bc8 | 4c33 cf49 | c1e9 1674 | 154d 8bc8 | 49c1 e909 | 4d03 4f50 | 4180 39ff | 7504 41c6 
  0x000001ea7199ef78: 0100 e9dd | edff ff41 | b9ff ffff | ffe9 09e6 

  0x000001ea7199ef88: ;   {oop(a 'jdk/internal/misc/Unsafe'{0x00000007ff925ba8})}
  0x000001ea7199ef88: ffff 48ba | a85b 92ff | 0700 0000 | 488b 6c24 

  0x000001ea7199ef98: ;   {optimized virtual_call}
  0x000001ea7199ef98: 2866 90e8 

  0x000001ea7199ef9c: ; ImmutableOopMap {rbp=Oop [40]=Oop [56]=NarrowOop [60]=NarrowOop [64]=Oop [72]=Oop [80]=Oop }
                      ;*invokevirtual unpark {reexecute=0 rethrow=0 return_oop=0}
                      ; - java.util.concurrent.locks.LockSupport::unpark@27 (line 183)
                      ; - java.util.concurrent.locks.AbstractQueuedSynchronizer::signalNext@30 (line 646)
                      ; - java.util.concurrent.locks.AbstractQueuedSynchronizer::release@12 (line 1100)
                      ; - java.util.concurrent.locks.ReentrantLock::unlock@5 (line 495)
                      ; - java.awt.EventQueue::getNextEvent@31 (line 545)
                      ; - java.awt.EventDispatchThread::pumpOneEventForFilters@20 (line 190)
  0x000001ea7199ef9c: 4001 98ff 

  0x000001ea7199efa0: ;   {post_call_nop}
  0x000001ea7199efa0: 0f1f 8400 | 184c 0028 | e9f8 baff | ff4d 8b52 

  0x000001ea7199efb0: ;   {metadata('java/awt/event/MouseEvent')}
  0x000001ea7199efb0: 5849 bb88 | 2c0b 9500 | 0000 004d | 3bd3 0f85 | 70c7 ffff | 4c8b 5424 | 704d 8bc2 | 418b 6a0c 
  0x000001ea7199efd0: ; implicit exception: dispatches to 0x000001ea719a4760
  0x000001ea7199efd0: 458b 54ec | 0841 bb00 | 0000 944d | 03da 4d8b 

  0x000001ea7199efe0: ;   {metadata('java/awt/Component')}
  0x000001ea7199efe0: 5338 49bb | 703f 0295 | 0000 0000 | 4d3b d30f | 85a3 3d00 | 004d 8d14 | ec45 8b9a | c000 0000 
  0x000001ea7199f000: 418b cb47 | 8b5c dc0c | 4d8b d041 | 8b6a 1481 | fdf7 0100 | 0075 07bd | 0200 0000 | eb25 81fd 
  0x000001ea7199f020: fa01 0000 | 0f84 b60c | 0000 448d | 9506 feff | ff41 81fa | 2801 0000 | 0f82 d80c | 0000 bdff 
  0x000001ea7199f040: ffff ff83 | fdff 0f84 | e8c6 ffff | 413b eb0f | 8373 3d00 | 004d 8d14 | cc45 8b54 | aa10 4585 
  0x000001ea7199f060: d20f 84cd | c6ff ff4f | 8d5c d40c | 4180 7f48 | 000f 85f5 | 7700 0049 | 8bc8 48c1 | e903 4189 
  0x000001ea7199f080: 0b4d 8bcb | 4d33 c849 | c1e9 1674 | 154d 8bcb | 49c1 e909 | 4d03 4f50 | 4180 39ff | 7504 41c6 
  0x000001ea7199f0a0: 0100 e941 

  0x000001ea7199f0a4: ;   {oop(a 'jdk/internal/misc/Unsafe'{0x00000007ff925ba8})}
  0x000001ea7199f0a4: ceff ff48 | baa8 5b92 | ff07 0000 | 0048 8b6c 

  0x000001ea7199f0b4: ;   {optimized virtual_call}
  0x000001ea7199f0b4: 2428 90e8 

  0x000001ea7199f0b8: ; ImmutableOopMap {rbp=Oop [40]=Oop [56]=NarrowOop [64]=Oop [72]=Oop [80]=Oop [88]=Oop }
                      ;*invokevirtual unpark {reexecute=0 rethrow=0 return_oop=0}
                      ; - java.util.concurrent.locks.LockSupport::unpark@27 (line 183)
                      ; - java.util.concurrent.locks.AbstractQueuedSynchronizer::signalNext@30 (line 646)
                      ; - java.util.concurrent.locks.AbstractQueuedSynchronizer::release@12 (line 1100)
                      ; - java.util.concurrent.locks.AbstractQueuedSynchronizer$ConditionObject::enableWait@62 (line 1615)
                      ; - java.util.concurrent.locks.AbstractQueuedSynchronizer$ConditionObject::await@26 (line 1740)
                      ; - java.awt.EventQueue::getNextEvent@52 (line 543)
                      ; - java.awt.EventDispatchThread::pumpOneEventForFilters@20 (line 190)
  0x000001ea7199f0b8: 2400 98ff 

  0x000001ea7199f0bc: ;   {post_call_nop}
  0x000001ea7199f0bc: 0f1f 8400 | 344d 0029 | e96b c1ff 

  0x000001ea7199f0c8: ;   {oop(a 'jdk/internal/misc/Unsafe'{0x00000007ff925ba8})}
  0x000001ea7199f0c8: ff48 baa8 | 5b92 ff07 | 0000 0048 | 8b6c 2428 

  0x000001ea7199f0d8: ;   {optimized virtual_call}
  0x000001ea7199f0d8: 6666 90e8 

  0x000001ea7199f0dc: ; ImmutableOopMap {rbp=Oop [40]=Oop [56]=NarrowOop [64]=Oop [72]=Oop [80]=Oop [88]=Oop }
                      ;*invokevirtual unpark {reexecute=0 rethrow=0 return_oop=0}
                      ; - java.util.concurrent.locks.LockSupport::unpark@27 (line 183)
                      ; - java.util.concurrent.locks.AbstractQueuedSynchronizer::signalNext@30 (line 646)
                      ; - java.util.concurrent.locks.AbstractQueuedSynchronizer::release@12 (line 1100)
                      ; - java.util.concurrent.locks.ReentrantLock::unlock@5 (line 495)
                      ; - java.awt.EventQueue::postEventPrivate@83 (line 281)
                      ; - java.awt.EventQueue::postEvent@9 (line 251)
                      ; - sun.awt.PostEventQueue::flush@87 (line 2064)
                      ; - sun.awt.SunToolkit::flushPendingEvents@15 (line 502)
                      ; - java.awt.EventQueue::getNextEvent@4 (line 535)
                      ; - java.awt.EventDispatchThread::pumpOneEventForFilters@20 (line 190)
  0x000001ea7199f0dc: 0000 98ff 

  0x000001ea7199f0e0: ;   {post_call_nop}
  0x000001ea7199f0e0: 0f1f 8400 | 584d 002a | e985 ceff 

  0x000001ea7199f0ec: ;   {oop(a 'jdk/internal/misc/Unsafe'{0x00000007ff925ba8})}
  0x000001ea7199f0ec: ff48 baa8 | 5b92 ff07 | 0000 0048 | 8b6c 2428 

  0x000001ea7199f0fc: ;   {optimized virtual_call}
  0x000001ea7199f0fc: 6666 90e8 

  0x000001ea7199f100: ; ImmutableOopMap {rbp=Oop [40]=Oop [56]=NarrowOop [64]=Oop [80]=Oop }
                      ;*invokevirtual unpark {reexecute=0 rethrow=0 return_oop=0}
                      ; - java.util.concurrent.locks.LockSupport::unpark@27 (line 183)
                      ; - java.util.concurrent.locks.AbstractQueuedSynchronizer::signalNext@30 (line 646)
                      ; - java.util.concurrent.locks.AbstractQueuedSynchronizer::release@12 (line 1100)
                      ; - java.util.concurrent.locks.ReentrantLock::unlock@5 (line 495)
                      ; - java.awt.EventQueue::getNextEvent@61 (line 545)
                      ; - java.awt.EventDispatchThread::pumpOneEventForFilters@20 (line 190)
  0x000001ea7199f100: dcff 97ff 

  0x000001ea7199f104: ;   {post_call_nop}
  0x000001ea7199f104: 0f1f 8400 | 7c4d 002b | e939 d4ff | ff4d 8b52 

  0x000001ea7199f114: ;   {metadata('java/awt/event/MouseEvent')}
  0x000001ea7199f114: 5849 bb88 | 2c0b 9500 | 0000 004d | 3bd3 0f85 | bde3 ffff | 4c8b 9424 | 9000 0000 | 4d8b c241 
  0x000001ea7199f134: 8b6a 0c45 | 8b5c ec08 | 41ba 0000 | 0094 4d03 | d34d 8b52 

  0x000001ea7199f148: ;   {metadata('java/awt/Component')}
  0x000001ea7199f148: 3849 bb70 | 3f02 9500 | 0000 004d | 3bd3 0f85 | c43c 0000 | 4d8d 14ec | 458b 92c0 | 0000 0041 
  0x000001ea7199f168: 8bca 478b | 5cd4 0c4d | 8bd0 418b | 6a14 81fd | f701 0000 | 7507 bd02 | 0000 00eb | 2581 fdfa 
  0x000001ea7199f188: 0100 000f | 846a 0b00 | 0044 8d8d | 06fe ffff | 4181 f928 | 0100 000f | 829e 0b00 | 00bd ffff 
  0x000001ea7199f1a8: ffff 83fd | ff0f 8432 | e3ff ff41 | 3beb 0f83 | dc3c 0000 | 4d8d 14cc | 458b 54aa | 1045 85d2 
  0x000001ea7199f1c8: 0f84 17e3 | ffff 4b8d | 4cd4 0c41 | 807f 4800 | 0f85 ee76 | 0000 4d8b | d849 c1eb | 0344 8919 
  0x000001ea7199f1e8: 4c8b c94d | 33c8 49c1 | e916 7415 | 4c8b c949 | c1e9 094d | 034f 5041 | 8039 ff75 | 0441 c601 
  0x000001ea7199f208: 00e9 8ede 

  0x000001ea7199f20c: ;   {oop(a 'jdk/internal/misc/Unsafe'{0x00000007ff925ba8})}
  0x000001ea7199f20c: ffff 48ba | a85b 92ff | 0700 0000 | 488b 6c24 

  0x000001ea7199f21c: ;   {optimized virtual_call}
  0x000001ea7199f21c: 2866 90e8 

  0x000001ea7199f220: ; ImmutableOopMap {rbp=Oop [40]=Oop [56]=NarrowOop [60]=NarrowOop [64]=Oop [72]=Oop [80]=Oop [88]=Oop [96]=NarrowOop [104]=Oop [112]=Oop [120]=Oop }
                      ;*invokevirtual unpark {reexecute=0 rethrow=0 return_oop=0}
                      ; - java.util.concurrent.locks.LockSupport::unpark@27 (line 183)
                      ; - java.util.concurrent.locks.AbstractQueuedSynchronizer::signalNext@30 (line 646)
                      ; - java.util.concurrent.locks.AbstractQueuedSynchronizer::release@12 (line 1100)
                      ; - java.util.concurrent.locks.ReentrantLock::unlock@5 (line 495)
                      ; - java.awt.EventQueue::postEventPrivate@83 (line 281)
                      ; - java.awt.EventQueue::postEvent@9 (line 251)
                      ; - sun.awt.PostEventQueue::flush@87 (line 2064)
                      ; - sun.awt.SunToolkit::flushPendingEvents@15 (line 502)
                      ; - java.awt.EventQueue::postEvent@4 (line 250)
                      ; - sun.awt.PostEventQueue::flush@87 (line 2064)
                      ; - sun.awt.SunToolkit::flushPendingEvents@15 (line 502)
                      ; - java.awt.EventQueue::getNextEvent@4 (line 535)
                      ; - java.awt.EventDispatchThread::pumpOneEventForFilters@20 (line 190)
  0x000001ea7199f220: bcfe 97ff 

  0x000001ea7199f224: ;   {post_call_nop}
  0x000001ea7199f224: 0f1f 8400 | 9c4e 002c | e9f8 deff | ff41 f6c2 | 040f 84f4 | f5ff ff45 | 33db 4489 | 5c24 7ce9 
  0x000001ea7199f244: 35c4 ffff | 4d8b 5258 

  0x000001ea7199f24c: ;   {metadata('java/awt/event/MouseEvent')}
  0x000001ea7199f24c: 49bb 882c | 0b95 0000 | 0000 4d3b | d30f 8530 | f4ff ff4c | 8b94 2490 | 0000 004d | 8bc2 418b 
  0x000001ea7199f26c: 6a0c 458b | 54ec 0841 | bb00 0000 | 944d 03da | 4d8b 5338 

  0x000001ea7199f280: ;   {metadata('java/awt/Component')}
  0x000001ea7199f280: 49bb 703f | 0295 0000 | 0000 4d3b | d30f 8579 | 3c00 004d | 8d14 ec45 | 8b92 c000 | 0000 458b 
  0x000001ea7199f2a0: ca47 8b5c | d40c 4d8b | d041 8b6a | 1481 fdf7 | 0100 0075 | 07bd 0200 | 0000 eb25 | 81fd fa01 
  0x000001ea7199f2c0: 0000 0f84 | 610a 0000 | 448d 9506 | feff ff41 | 81fa 2801 | 0000 0f82 | 7a0a 0000 | bdff ffff 
  0x000001ea7199f2e0: ff83 fdff | 0f84 a5f3 | ffff 413b | eb0f 8369 | 3c00 0045 | 8bd1 49c1 | e203 458b | 54aa 1045 
  0x000001ea7199f300: 85d2 0f84 | 87f3 ffff | 4f8d 4cd4 | 0c41 807f | 4800 0f85 | 1776 0000 | 498b c848 | c1e9 0341 
  0x000001ea7199f320: 8909 4d8b | d94d 33d8 | 49c1 eb16 | 7415 4d8b | d949 c1eb | 094d 035f | 5041 803b | ff75 0441 
  0x000001ea7199f340: c603 00e9 | 14ea ffff | 41f6 c204 | 0f84 2af8 | ffff 4533 | db44 899c | 24a0 0000 | 00e9 b3e0 
  0x000001ea7199f360: ffff 41f6 | c204 0f84 | 73fa ffff | 4533 d244 | 8994 24a0 | 0000 00e9 | 42f2 ffff 

  0x000001ea7199f37c: ;   {metadata('java/awt/event/MouseEvent')}
  0x000001ea7199f37c: 4181 fb88 | 2c0b 010f | 8553 4000 | 0041 ba03 | 0000 00e9 | 15b6 ffff | 49c1 e203 | 498b ea49 
  0x000001ea7199f39c: 8bd2 41b8 | 0100 0000 

  0x000001ea7199f3a4: ;   {optimized virtual_call}
  0x000001ea7199f3a4: 6666 90e8 

  0x000001ea7199f3a8: ; ImmutableOopMap {rbp=Oop [40]=Oop [56]=NarrowOop [64]=Oop [80]=Oop }
                      ;*invokevirtual tryAcquire {reexecute=0 rethrow=0 return_oop=0}
                      ; - java.util.concurrent.locks.AbstractQueuedSynchronizer::acquire@2 (line 1029)
                      ; - java.util.concurrent.locks.ReentrantLock$Sync::lock@9 (line 154)
                      ; - java.util.concurrent.locks.ReentrantLock::lock@4 (line 323)
                      ; - java.awt.EventQueue::getNextEvent@11 (line 536)
                      ; - java.awt.EventDispatchThread::pumpOneEventForFilters@20 (line 190)
  0x000001ea7199f3a8: 34fd 97ff 

  0x000001ea7199f3ac: ;   {post_call_nop}
  0x000001ea7199f3ac: 0f1f 8400 | 2450 002d | 85c0 0f85 | 20b5 ffff | 488b d54c | 8b44 2430 | 41b9 0100 | 0000 33ff 
  0x000001ea7199f3cc: 33f6 33c9 | 4533 d24c | 8914 2448 | 8b6c 2428 

  0x000001ea7199f3dc: ;   {optimized virtual_call}
  0x000001ea7199f3dc: 6666 90e8 

  0x000001ea7199f3e0: ; ImmutableOopMap {rbp=Oop [40]=Oop [56]=NarrowOop [64]=Oop [80]=Oop }
                      ;*invokevirtual acquire {reexecute=0 rethrow=0 return_oop=0}
                      ; - java.util.concurrent.locks.AbstractQueuedSynchronizer::acquire@15 (line 1030)
                      ; - java.util.concurrent.locks.ReentrantLock$Sync::lock@9 (line 154)
                      ; - java.util.concurrent.locks.ReentrantLock::lock@4 (line 323)
                      ; - java.awt.EventQueue::getNextEvent@11 (line 536)
                      ; - java.awt.EventDispatchThread::pumpOneEventForFilters@20 (line 190)
  0x000001ea7199f3e0: fcfc 97ff 

  0x000001ea7199f3e4: ;   {post_call_nop}
  0x000001ea7199f3e4: 0f1f 8400 | 5c50 002e | e9eb b4ff | ff4b 8d2c | dc66 6666 | 0f1f 8400 | 0000 0000 | 448b 5c24 
  0x000001ea7199f404: 2447 3b64 | dc10 0f85 | ed03 0000 | 4d85 d20f | 843c 0400 | 0049 8bca | 48c1 e903 | 448b 4424 
  0x000001ea7199f424: 244f 8d5c | c410 4833 | c041 807f | 4800 0f85 | 5775 0000 | 448b c1f0 | 450f b103 | 400f 94c7 
  0x000001ea7199f444: 400f b6ff | 49c1 e003 | 498b db49 | 33d8 48c1 | eb16 7418 | 4d85 c074 | 1349 8bdb | 48c1 eb09 
  0x000001ea7199f464: 4903 5f50 | 803b ff75 | 03c6 0300 

  0x000001ea7199f470: ; ImmutableOopMap {r10=Oop rbp=Oop [36]=NarrowOop [40]=Oop [56]=NarrowOop [64]=Oop [72]=Oop [80]=Oop }
                      ;*ifeq {reexecute=1 rethrow=0 return_oop=0}
                      ; - (reexecute) java.util.concurrent.locks.AbstractQueuedSynchronizer::tryInitializeHead@56 (line 597)
                      ; - java.util.concurrent.locks.AbstractQueuedSynchronizer$ConditionObject::newConditionNode@4 (line 1665)
                      ; - java.util.concurrent.locks.AbstractQueuedSynchronizer$ConditionObject::await@15 (line 1737)
                      ; - java.awt.EventQueue::getNextEvent@52 (line 543)
                      ; - java.awt.EventDispatchThread::pumpOneEventForFilters@20 (line 190)
  0x000001ea7199f470: 4d8b 5f30 

  0x000001ea7199f474: ;   {poll}
  0x000001ea7199f474: 4185 0385 | ff0f 858c | 0300 0044 | 8b44 2424 | 473b 64c4 | 140f 8471 | ffff ffe9 | 0cbc ffff 
  0x000001ea7199f494: 4d8b c349 | c1e0 0348 | 8b54 2458 | 488b 6c24 

  0x000001ea7199f4a4: ;   {optimized virtual_call}
  0x000001ea7199f4a4: 2866 90e8 

  0x000001ea7199f4a8: ; ImmutableOopMap {rbp=Oop [40]=Oop [56]=NarrowOop [60]=NarrowOop [64]=Oop [72]=NarrowOop [76]=NarrowOop [80]=Oop [88]=Oop [96]=Oop [104]=Oop [112]=Oop [120]=NarrowOop [128]=Oop [140]=NarrowOop [144]=Oop }
                      ;*invokevirtual equals {reexecute=0 rethrow=0 return_oop=0}
                      ; - java.util.HashMap::removeNode@68 (line 827)
                      ; - java.util.HashMap::remove@9 (line 806)
                      ; - java.util.HashSet::remove@5 (line 246)
                      ; - sun.awt.AWTAutoShutdown::notifyThreadFree@24 (line 198)
                      ; - java.awt.EventQueue::getNextEvent@45 (line 542)
                      ; - java.awt.EventDispatchThread::pumpOneEventForFilters@20 (line 190)
  0x000001ea7199f4a8: 34fc 97ff 

  0x000001ea7199f4ac: ;   {post_call_nop}
  0x000001ea7199f4ac: 0f1f 8400 | 2451 0030 | 85c0 0f85 | 42b9 ffff | 448b 9424 | 8c00 0000 | 478b 54d4 | 1845 8bca 
  0x000001ea7199f4cc: 4585 d20f | 8467 3800 | 0044 8b94 | 248c 0000 | 0047 8b5c 

  0x000001ea7199f4e0: ;   {metadata('java/util/HashMap$Node')}
  0x000001ea7199f4e0: d408 4181 | fbe8 0d2d | 000f 85dd | 3c00 004c | 8b94 2490 | 0000 0049 | 8bea 4f8d | 14cc 4c89 
  0x000001ea7199f500: 9424 9000 | 0000 e9f5 | 0100 0044 | 8b5c 2424 

  0x000001ea7199f510: ;   {metadata('java/awt/event/MouseEvent')}
  0x000001ea7199f510: 4181 fb88 | 2c0b 010f | 85db 3e00 | 0041 bb03 | 0000 00e9 | 76c2 ffff | 4f8d 14dc | 498b ea49 
  0x000001ea7199f530: 8bd2 41b8 | 0100 0000 

  0x000001ea7199f538: ;   {optimized virtual_call}
  0x000001ea7199f538: 6666 90e8 

  0x000001ea7199f53c: ; ImmutableOopMap {rbp=Oop [40]=Oop [56]=NarrowOop [60]=NarrowOop [64]=Oop [72]=Oop [80]=Oop [88]=Oop [96]=NarrowOop [104]=Oop [112]=Oop }
                      ;*invokevirtual tryAcquire {reexecute=0 rethrow=0 return_oop=0}
                      ; - java.util.concurrent.locks.AbstractQueuedSynchronizer::acquire@2 (line 1029)
                      ; - java.util.concurrent.locks.ReentrantLock$Sync::lock@9 (line 154)
                      ; - java.util.concurrent.locks.ReentrantLock::lock@4 (line 323)
                      ; - java.awt.EventQueue::postEventPrivate@9 (line 265)
                      ; - java.awt.EventQueue::postEvent@9 (line 251)
                      ; - sun.awt.PostEventQueue::flush@87 (line 2064)
                      ; - sun.awt.SunToolkit::flushPendingEvents@15 (line 502)
                      ; - java.awt.EventQueue::getNextEvent@4 (line 535)
                      ; - java.awt.EventDispatchThread::pumpOneEventForFilters@20 (line 190)
  0x000001ea7199f53c: a0fb 97ff 

  0x000001ea7199f540: ;   {post_call_nop}
  0x000001ea7199f540: 0f1f 8400 | b851 0031 | 85c0 0f85 | dbc0 ffff | 488b d54c | 8b44 2430 | 41b9 0100 | 0000 33ff 
  0x000001ea7199f560: 33f6 33c9 | 4533 d24c | 8914 2448 | 8b6c 2428 

  0x000001ea7199f570: ;   {optimized virtual_call}
  0x000001ea7199f570: 6666 90e8 

  0x000001ea7199f574: ; ImmutableOopMap {rbp=Oop [40]=Oop [56]=NarrowOop [60]=NarrowOop [64]=Oop [72]=Oop [80]=Oop [88]=Oop [96]=NarrowOop [104]=Oop [112]=Oop }
                      ;*invokevirtual acquire {reexecute=0 rethrow=0 return_oop=0}
                      ; - java.util.concurrent.locks.AbstractQueuedSynchronizer::acquire@15 (line 1030)
                      ; - java.util.concurrent.locks.ReentrantLock$Sync::lock@9 (line 154)
                      ; - java.util.concurrent.locks.ReentrantLock::lock@4 (line 323)
                      ; - java.awt.EventQueue::postEventPrivate@9 (line 265)
                      ; - java.awt.EventQueue::postEvent@9 (line 251)
                      ; - sun.awt.PostEventQueue::flush@87 (line 2064)
                      ; - sun.awt.SunToolkit::flushPendingEvents@15 (line 502)
                      ; - java.awt.EventQueue::getNextEvent@4 (line 535)
                      ; - java.awt.EventDispatchThread::pumpOneEventForFilters@20 (line 190)
  0x000001ea7199f574: 68fb 97ff 

  0x000001ea7199f578: ;   {post_call_nop}
  0x000001ea7199f578: 0f1f 8400 | f051 0032 | e9a6 c0ff | ff81 fd20 | 0300 000f | 851f 2e00 | 0045 33d2 | e910 b4ff 
  0x000001ea7199f598: ff44 8b54 

  0x000001ea7199f59c: ;   {metadata('java/awt/event/MouseEvent')}
  0x000001ea7199f59c: 2424 4181 | fa88 2c0b | 010f 85f5 | 3f00 0041 | ba03 0000 | 00e9 70d3 | ffff 4f8d | 14c4 498b 
  0x000001ea7199f5bc: ea49 8bd2 | 41b8 0100 

  0x000001ea7199f5c4: ;   {optimized virtual_call}
  0x000001ea7199f5c4: 0000 90e8 

  0x000001ea7199f5c8: ; ImmutableOopMap {rbp=Oop [40]=Oop [56]=NarrowOop [60]=NarrowOop [64]=Oop [72]=Oop [80]=Oop [88]=Oop [96]=NarrowOop [100]=NarrowOop [104]=Oop [112]=Oop [120]=Oop [128]=NarrowOop [136]=Oop [144]=Oop }
                      ;*invokevirtual tryAcquire {reexecute=0 rethrow=0 return_oop=0}
                      ; - java.util.concurrent.locks.AbstractQueuedSynchronizer::acquire@2 (line 1029)
                      ; - java.util.concurrent.locks.ReentrantLock$Sync::lock@9 (line 154)
                      ; - java.util.concurrent.locks.ReentrantLock::lock@4 (line 323)
                      ; - java.awt.EventQueue::postEventPrivate@9 (line 265)
                      ; - java.awt.EventQueue::postEvent@9 (line 251)
                      ; - sun.awt.PostEventQueue::flush@87 (line 2064)
                      ; - sun.awt.SunToolkit::flushPendingEvents@15 (line 502)
                      ; - java.awt.EventQueue::postEvent@4 (line 250)
                      ; - sun.awt.PostEventQueue::flush@87 (line 2064)
                      ; - sun.awt.SunToolkit::flushPendingEvents@15 (line 502)
                      ; - java.awt.EventQueue::getNextEvent@4 (line 535)
                      ; - java.awt.EventDispatchThread::pumpOneEventForFilters@20 (line 190)
  0x000001ea7199f5c8: 14fb 97ff 

  0x000001ea7199f5cc: ;   {post_call_nop}
  0x000001ea7199f5cc: 0f1f 8400 | 4452 0033 | 85c0 0f85 | e1dd ffff | 488b d54c | 8b44 2430 | 41b9 0100 | 0000 33ff 
  0x000001ea7199f5ec: 33f6 33c9 | 4533 d24c | 8914 2448 | 8b6c 2428 

  0x000001ea7199f5fc: ;   {optimized virtual_call}
  0x000001ea7199f5fc: 6666 90e8 

  0x000001ea7199f600: ; ImmutableOopMap {rbp=Oop [40]=Oop [56]=NarrowOop [60]=NarrowOop [64]=Oop [72]=Oop [80]=Oop [88]=Oop [96]=NarrowOop [100]=NarrowOop [104]=Oop [112]=Oop [120]=Oop [128]=NarrowOop [136]=Oop [144]=Oop }
                      ;*invokevirtual acquire {reexecute=0 rethrow=0 return_oop=0}
                      ; - java.util.concurrent.locks.AbstractQueuedSynchronizer::acquire@15 (line 1030)
                      ; - java.util.concurrent.locks.ReentrantLock$Sync::lock@9 (line 154)
                      ; - java.util.concurrent.locks.ReentrantLock::lock@4 (line 323)
                      ; - java.awt.EventQueue::postEventPrivate@9 (line 265)
                      ; - java.awt.EventQueue::postEvent@9 (line 251)
                      ; - sun.awt.PostEventQueue::flush@87 (line 2064)
                      ; - sun.awt.SunToolkit::flushPendingEvents@15 (line 502)
                      ; - java.awt.EventQueue::postEvent@4 (line 250)
                      ; - sun.awt.PostEventQueue::flush@87 (line 2064)
                      ; - sun.awt.SunToolkit::flushPendingEvents@15 (line 502)
                      ; - java.awt.EventQueue::getNextEvent@4 (line 535)
                      ; - java.awt.EventDispatchThread::pumpOneEventForFilters@20 (line 190)
  0x000001ea7199f600: dcfa 97ff 

  0x000001ea7199f604: ;   {post_call_nop}
  0x000001ea7199f604: 0f1f 8400 | 7c52 0034 | e9ac ddff | ff44 8b54 | 2464 4181 | fa20 0300 | 000f 856d | 2f00 0045 
  0x000001ea7199f624: 33db e973 | c1ff ff44 | 8b5c 2424 

  0x000001ea7199f630: ;   {metadata('java/awt/event/MouseEvent')}
  0x000001ea7199f630: 4181 fb88 | 2c0b 010f | 8513 3e00 | 0041 b903 | 0000 00e9 | 4bdf ffff | 448b 9c24 | 8400 0000 
  0x000001ea7199f650: 4181 fb20 | 0300 000f | 8527 3200 | 0045 33d2 | e9c1 d2ff | ff4f 8d14 | c449 8bea | 498b d241 
  0x000001ea7199f670: b801 0000 

  0x000001ea7199f674: ;   {optimized virtual_call}
  0x000001ea7199f674: 0066 90e8 

  0x000001ea7199f678: ; ImmutableOopMap {rbp=Oop [40]=Oop [56]=NarrowOop [60]=NarrowOop [64]=Oop [72]=Oop [80]=Oop [88]=NarrowOop [92]=NarrowOop [96]=Oop [104]=Oop [112]=Oop [120]=Oop [128]=NarrowOop [136]=Oop [144]=Oop }
                      ;*invokevirtual tryAcquire {reexecute=0 rethrow=0 return_oop=0}
                      ; - java.util.concurrent.locks.AbstractQueuedSynchronizer::acquire@2 (line 1029)
                      ; - java.util.concurrent.locks.ReentrantLock$Sync::lock@9 (line 154)
                      ; - java.util.concurrent.locks.ReentrantLock::lock@4 (line 323)
                      ; - java.awt.EventQueue::postEventPrivate@9 (line 265)
                      ; - java.awt.EventQueue::postEvent@9 (line 251)
                      ; - sun.awt.PostEventQueue::flush@87 (line 2064)
                      ; - sun.awt.SunToolkit::flushPendingEvents@15 (line 502)
                      ; - java.awt.EventQueue::postEvent@4 (line 250)
                      ; - sun.awt.PostEventQueue::flush@87 (line 2064)
                      ; - sun.awt.SunToolkit::flushPendingEvents@15 (line 502)
                      ; - java.awt.EventQueue::getNextEvent@4 (line 535)
                      ; - java.awt.EventDispatchThread::pumpOneEventForFilters@20 (line 190)
  0x000001ea7199f678: 64fa 97ff 

  0x000001ea7199f67c: ;   {post_call_nop}
  0x000001ea7199f67c: 0f1f 8400 | f452 0035 | 85c0 0f85 | ddee ffff | 488b d54c | 8b44 2430 | 41b9 0100 | 0000 33ff 
  0x000001ea7199f69c: 33f6 33c9 | 4533 d24c | 8914 2448 | 8b6c 2428 

  0x000001ea7199f6ac: ;   {optimized virtual_call}
  0x000001ea7199f6ac: 6666 90e8 

  0x000001ea7199f6b0: ; ImmutableOopMap {rbp=Oop [40]=Oop [56]=NarrowOop [60]=NarrowOop [64]=Oop [72]=Oop [80]=Oop [88]=NarrowOop [92]=NarrowOop [96]=Oop [104]=Oop [112]=Oop [120]=Oop [128]=NarrowOop [136]=Oop [144]=Oop }
                      ;*invokevirtual acquire {reexecute=0 rethrow=0 return_oop=0}
                      ; - java.util.concurrent.locks.AbstractQueuedSynchronizer::acquire@15 (line 1030)
                      ; - java.util.concurrent.locks.ReentrantLock$Sync::lock@9 (line 154)
                      ; - java.util.concurrent.locks.ReentrantLock::lock@4 (line 323)
                      ; - java.awt.EventQueue::postEventPrivate@9 (line 265)
                      ; - java.awt.EventQueue::postEvent@9 (line 251)
                      ; - sun.awt.PostEventQueue::flush@87 (line 2064)
                      ; - sun.awt.SunToolkit::flushPendingEvents@15 (line 502)
                      ; - java.awt.EventQueue::postEvent@4 (line 250)
                      ; - sun.awt.PostEventQueue::flush@87 (line 2064)
                      ; - sun.awt.SunToolkit::flushPendingEvents@15 (line 502)
                      ; - java.awt.EventQueue::getNextEvent@4 (line 535)
                      ; - java.awt.EventDispatchThread::pumpOneEventForFilters@20 (line 190)
  0x000001ea7199f6b0: 2cfa 97ff 

  0x000001ea7199f6b4: ;   {post_call_nop}
  0x000001ea7199f6b4: 0f1f 8400 | 2c53 0036 | e9a8 eeff | ff0f 1f84 | 0000 0000 | 000f 1f80 | 0000 0000 | 4d8b 5730 
  0x000001ea7199f6d4: 4c8b 9c24 | 9000 0000 

  0x000001ea7199f6dc: ; ImmutableOopMap {r8=NarrowOop [40]=Oop [56]=NarrowOop [60]=NarrowOop [64]=Oop [72]=NarrowOop [76]=NarrowOop [80]=Oop [88]=Oop [96]=Oop [104]=Oop [112]=Oop [120]=NarrowOop [128]=Oop [144]=Oop }
                      ;*ifnonnull {reexecute=1 rethrow=0 return_oop=0}
                      ; - (reexecute) java.util.HashMap::removeNode@168 (line 841)
                      ; - java.util.HashMap::remove@9 (line 806)
                      ; - java.util.HashSet::remove@5 (line 246)
                      ; - sun.awt.AWTAutoShutdown::notifyThreadFree@24 (line 198)
                      ; - java.awt.EventQueue::getNextEvent@45 (line 542)
                      ; - java.awt.EventDispatchThread::pumpOneEventForFilters@20 (line 190)
  0x000001ea7199f6dc: 458b 4318 

  0x000001ea7199f6e0: ;   {poll}
  0x000001ea7199f6e0: 4185 0245 | 85c0 0f84 | 5036 0000 | 4f8d 14c4 | 488b ac24 | 9000 0000 | 4c89 9424 | 9000 0000 
  0x000001ea7199f700: 4c8b 9424 | 9000 0000 | 458b 520c | 443b 5424 | 7c75 bd4c | 8b94 2490 | 0000 0045 | 8b52 1044 
  0x000001ea7199f720: 8b5c 243c | 453b d374 | 1f4d 8bc2 | 49c1 e003 | 488b 5424 

  0x000001ea7199f734: ;   {optimized virtual_call}
  0x000001ea7199f734: 5866 90e8 

  0x000001ea7199f738: ; ImmutableOopMap {rbp=Oop [40]=Oop [56]=NarrowOop [60]=NarrowOop [64]=Oop [72]=NarrowOop [76]=NarrowOop [80]=Oop [88]=Oop [96]=Oop [104]=Oop [112]=Oop [120]=NarrowOop [128]=Oop [144]=Oop }
                      ;*invokevirtual equals {reexecute=0 rethrow=0 return_oop=0}
                      ; - java.util.HashMap::removeNode@143 (line 836)
                      ; - java.util.HashMap::remove@9 (line 806)
                      ; - java.util.HashSet::remove@5 (line 246)
                      ; - sun.awt.AWTAutoShutdown::notifyThreadFree@24 (line 198)
                      ; - java.awt.EventQueue::getNextEvent@45 (line 542)
                      ; - java.awt.EventDispatchThread::pumpOneEventForFilters@20 (line 190)
  0x000001ea7199f738: a4f9 97ff 

  0x000001ea7199f73c: ;   {post_call_nop}
  0x000001ea7199f73c: 0f1f 8400 | b453 0038 | 85c0 7488 | 4c8b cde9 | b6b6 ffff | 448b 9424 | 9800 0000 | 4181 fa20 
  0x000001ea7199f75c: 0300 000f | 856f 3300 | 0045 33c9 | e926 deff | ff4d 8d59 | 1841 807f | 4800 0f85 | 8a72 0000 
  0x000001ea7199f77c: 4189 2b44 | 8bc5 49c1 | e003 4d8b | d34d 33d0 | 49c1 ea16 | 741a 4d85 | c074 154d | 8bd3 49c1 
  0x000001ea7199f79c: ea09 4d03 | 5750 4180 | 3aff 7504 | 41c6 0200 | e9e1 b6ff | ff48 8b54 | 2458 488b 

  0x000001ea7199f7b8: ;   {optimized virtual_call}
  0x000001ea7199f7b8: 6c24 28e8 

  0x000001ea7199f7bc: ; ImmutableOopMap {rbp=Oop [40]=Oop [56]=NarrowOop [60]=NarrowOop [64]=Oop [72]=NarrowOop [76]=NarrowOop [80]=Oop [88]=Oop [96]=Oop [104]=Oop [112]=Oop }
                      ;*invokevirtual hashCode {reexecute=0 rethrow=0 return_oop=0}
                      ; - java.util.HashMap::hash@9 (line 338)
                      ; - java.util.HashMap::remove@2 (line 806)
                      ; - java.util.HashSet::remove@5 (line 246)
                      ; - sun.awt.AWTAutoShutdown::notifyThreadFree@24 (line 198)
                      ; - java.awt.EventQueue::getNextEvent@45 (line 542)
                      ; - java.awt.EventDispatchThread::pumpOneEventForFilters@20 (line 190)
  0x000001ea7199f7bc: 20f9 97ff 

  0x000001ea7199f7c0: ;   {post_call_nop}
  0x000001ea7199f7c0: 0f1f 8400 | 3854 0039 | e9a0 b5ff | ff44 8b54 

  0x000001ea7199f7d0: ;   {metadata('java/awt/event/MouseEvent')}
  0x000001ea7199f7d0: 2424 4181 | fa88 2c0b | 010f 85e5 | 3800 004c | 8b54 2448 | 41c6 4218 | 0144 8b44 | 2420 488b 
  0x000001ea7199f7f0: 4c24 5048 | 8b7c 2430 | e9cc acff | fff3 904d 

  0x000001ea7199f800: ; ImmutableOopMap {r10=Oop rbp=Oop [36]=NarrowOop [40]=Oop [56]=NarrowOop [64]=Oop [72]=Oop [80]=Oop }
                      ;*goto {reexecute=1 rethrow=0 return_oop=0}
                      ; - (reexecute) java.util.concurrent.locks.AbstractQueuedSynchronizer::tryInitializeHead@23 (line 588)
                      ; - java.util.concurrent.locks.AbstractQueuedSynchronizer$ConditionObject::newConditionNode@4 (line 1665)
                      ; - java.util.concurrent.locks.AbstractQueuedSynchronizer$ConditionObject::await@15 (line 1737)
                      ; - java.awt.EventQueue::getNextEvent@52 (line 543)
                      ; - java.awt.EventDispatchThread::pumpOneEventForFilters@20 (line 190)
                      ;   {poll}
  0x000001ea7199f800: 8b5f 3041 | 8503 e985 | b8ff ff8b | 4c24 244d | 8d4c cc14 | 4180 7f48 | 000f 8540 | 7200 004d 
  0x000001ea7199f820: 8bc2 49c1 | e803 4589 | 014d 8bd9 | 4d33 da49 | c1eb 1674 | 154d 8bd9 | 49c1 eb09 | 4d03 5f50 
  0x000001ea7199f840: 4180 3bff | 7504 41c6 | 0300 f083 | 4424 c000 | e94b b8ff | ff4d 8b97 | b001 0000 | 4d8b da49 
  0x000001ea7199f860: 83c3 204d | 3b9f c001 | 0000 0f83 | 2833 0000 | 4d89 9fb0 | 0100 0041 | 0f18 8300 | 0100 0049 
  0x000001ea7199f880: c702 0100 

  0x000001ea7199f884: ;   {metadata('java/util/concurrent/locks/AbstractQueuedSynchronizer$ExclusiveNode')}
  0x000001ea7199f884: 0000 41c7 | 4208 58df | 1101 4589 | 620c 4d89 | 6210 4d89 | 6218 e97a | fbff ff45 | 33db 4489 
  0x000001ea7199f8a4: 5c24 7ce9 | d1bd ffff | 488b bc24 | 8000 0000 | 4f8d 5ccc | 1041 807f | 4800 0f85 | fe71 0000 
  0x000001ea7199f8c4: 488b df48 | c1eb 0341 | 891b 498b | cb48 33cf | 48c1 e916 | 7413 498b | cb48 c1e9 | 0949 034f 
  0x000001ea7199f8e4: 5080 39ff | 7503 c601 | 004f 8d44 | cc0c 4180 | 7f48 000f | 8546 7200 | 004c 8bd7 | 49c1 ea03 
  0x000001ea7199f904: 4589 104d | 8bd8 4c33 | df49 c1eb | 1674 154d | 8bd8 49c1 | eb09 4d03 | 5f50 4180 | 3bff 7504 
  0x000001ea7199f924: 41c6 0300 | e9bb c5ff | ff45 33db | 4489 9c24 | a000 0000 | e9d8 daff | ff4d 8b97 | b001 0000 
  0x000001ea7199f944: 4d8b c249 | 83c0 284d | 3b87 c001 | 0000 0f83 | b433 0000 | 4d89 87b0 | 0100 0041 | 0f18 8000 
  0x000001ea7199f964: 0100 0049 | c702 0100 | 0000 410f | 1880 4001 | 0000 410f | 1880 8001 

  0x000001ea7199f97c: ;   {metadata('sun/awt/EventQueueItem'[])}
  0x000001ea7199f97c: 0000 41c7 | 4208 2827 | 1001 41c7 | 420c 0500 | 0000 4d89 | 6210 4d89 | 6218 4d89 | 6220 4489 
  0x000001ea7199f99c: 9c24 8800 | 0000 4c8d | 85c0 0000 | 0041 807f | 4800 0f85 | f271 0000 | 4d8b da49 | c1eb 0345 
  0x000001ea7199f9bc: 8918 4d8b | c84d 33ca | 49c1 e916 | 7415 4d8b | c849 c1e9 | 094d 034f | 5041 8039 | ff75 0441 
  0x000001ea7199f9dc: c601 00e9 | 1cbe ffff | 488b 9c24 | a800 0000 | 4b8d 4ccc | 0c41 807f | 4800 0f85 | 0d72 0000 
  0x000001ea7199f9fc: 4c8b c349 | c1e8 0344 | 8901 4c8b | d14c 33d3 | 49c1 ea16 | 7415 4c8b | d149 c1ea | 094d 0357 
  0x000001ea7199fa1c: 5041 803a | ff75 0441 | c602 004f | 8d5c cc10 | 4180 7f48 | 000f 853f | 7200 004c | 8bc3 49c1 
  0x000001ea7199fa3c: e803 4589 | 034d 8bd3 | 4c33 d349 | c1ea 1674 | 154d 8bd3 | 49c1 ea09 | 4d03 5750 | 4180 3aff 
  0x000001ea7199fa5c: 7504 41c6 | 0200 e935 | d6ff ff45 | 33d2 4489 | 9424 a000 | 0000 e947 | ebff ff4d | 8b9f b001 
  0x000001ea7199fa7c: ;   {other}
  0x000001ea7199fa7c: 0000 4d8b | c349 83c0 | 284d 3b87 | c001 0000 | 0f83 d632 | 0000 4d89 | 87b0 0100 | 0041 0f18 
  0x000001ea7199fa9c: 8000 0100 | 0049 c703 | 0100 0000 | 410f 1880 | 4001 0000 | 410f 1880 | 8001 0000 

  0x000001ea7199fab8: ;   {metadata('sun/awt/EventQueueItem'[])}
  0x000001ea7199fab8: 41c7 4308 | 2827 1001 | 41c7 430c | 0500 0000 | 4d89 6310 | 4d89 6318 | 4d89 6320 | 4489 9424 
  0x000001ea7199fad8: 9c00 0000 | 4d8b d34d | 8bc2 4c8d | 95c0 0000 | 0041 807f | 4800 0f85 | db71 0000 | 4d8b c849 
  0x000001ea7199faf8: c1e9 0345 | 890a 4d8b | da4d 33d8 | 49c1 eb16 | 7415 4d8b | da49 c1eb | 094d 035f | 5041 803b 
  0x000001ea7199fb18: ff75 0441 | c603 00e9 | 61ce ffff | 488b 9c24 | a800 0000 | 4b8d 4ccc | 1041 807f | 4800 0f85 
  0x000001ea7199fb38: f671 0000 | 4c8b c349 | c1e8 0344 | 8901 4c8b | d94c 33db | 49c1 eb16 | 7415 4c8b | d949 c1eb 
  0x000001ea7199fb58: 094d 035f | 5041 803b | ff75 0441 | c603 004f | 8d5c cc0c | 4180 7f48 | 000f 8528 | 7200 004c 
  0x000001ea7199fb78: 8bc3 49c1 | e803 4589 | 034d 8bd3 | 4c33 d349 | c1ea 1674 | 154d 8bd3 | 49c1 ea09 | 4d03 5750 
  0x000001ea7199fb98: 4180 3aff | 7504 41c6 | 0200 e9b5 

  0x000001ea7199fba4: ;   {metadata('sun/awt/EventQueueItem')}
  0x000001ea7199fba4: e1ff ff48 | ba08 fc02 | 9500 0000 | 0048 8b6c 

  0x000001ea7199fbb4: ;   {runtime_call C2 Runtime new_instance_blob}
  0x000001ea7199fbb4: 2428 90e8 

  0x000001ea7199fbb8: ; ImmutableOopMap {rbp=Oop [40]=Oop [56]=NarrowOop [60]=NarrowOop [64]=Oop [72]=Oop [80]=Oop [88]=Oop [96]=NarrowOop [104]=Oop [112]=Oop [148]=NarrowOop }
                      ;*new {reexecute=0 rethrow=0 return_oop=1}
                      ; - java.awt.EventQueue::postEvent@10 (line 318)
                      ; - java.awt.EventQueue::postEventPrivate@76 (line 279)
                      ; - java.awt.EventQueue::postEvent@9 (line 251)
                      ; - sun.awt.PostEventQueue::flush@87 (line 2064)
                      ; - sun.awt.SunToolkit::flushPendingEvents@15 (line 502)
                      ; - java.awt.EventQueue::getNextEvent@4 (line 535)
                      ; - java.awt.EventDispatchThread::pumpOneEventForFilters@20 (line 190)
  0x000001ea7199fbb8: a47b a5ff 

  0x000001ea7199fbbc: ;   {post_call_nop}
  0x000001ea7199fbbc: 0f1f 8400 | 3458 003b | 4c8b d8e9 | a9bb ffff 

  0x000001ea7199fbcc: ;   {metadata('java/util/concurrent/locks/AbstractQueuedSynchronizer$ConditionNode')}
  0x000001ea7199fbcc: 48ba 8007 | 1295 0000 | 0000 488b 

  0x000001ea7199fbd8: ;   {runtime_call C2 Runtime new_instance_blob}
  0x000001ea7199fbd8: 6c24 28e8 

  0x000001ea7199fbdc: ; ImmutableOopMap {rbp=Oop [40]=Oop [56]=NarrowOop [64]=Oop [72]=Oop [80]=Oop }
                      ;*new {reexecute=0 rethrow=0 return_oop=1}
                      ; - java.util.concurrent.locks.AbstractQueuedSynchronizer$ConditionObject::newConditionNode@10 (line 1667)
                      ; - java.util.concurrent.locks.AbstractQueuedSynchronizer$ConditionObject::await@15 (line 1737)
                      ; - java.awt.EventQueue::getNextEvent@52 (line 543)
                      ; - java.awt.EventDispatchThread::pumpOneEventForFilters@20 (line 190)
  0x000001ea7199fbdc: 807b a5ff 

  0x000001ea7199fbe0: ;   {post_call_nop}
  0x000001ea7199fbe0: 0f1f 8400 | 5858 003c | e9f7 b4ff | ff4d 8b97 | b001 0000 | 4d8b da49 | 83c3 284d | 3b9f c001 
  0x000001ea7199fc00: 0000 0f83 | 6032 0000 | 4d89 9fb0 | 0100 0041 | 0f18 8300 | 0100 0049 | c702 0100 | 0000 410f 
  0x000001ea7199fc20: 1883 4001 | 0000 410f | 1883 8001 

  0x000001ea7199fc2c: ;   {metadata('sun/awt/EventQueueItem'[])}
  0x000001ea7199fc2c: 0000 41c7 | 4208 2827 | 1001 41c7 | 420c 0500 | 0000 4d89 | 6210 4d89 | 6218 4d89 | 6220 4489 
  0x000001ea7199fc4c: 8c24 9c00 | 0000 4d8b | c24c 8d8d | c000 0000 | 4180 7f48 | 000f 8591 | 7100 004d | 8bd0 49c1 
  0x000001ea7199fc6c: ea03 4589 | 114d 8bd9 | 4d33 d849 | c1eb 1674 | 154d 8bd9 | 49c1 eb09 | 4d03 5f50 | 4180 3bff 
  0x000001ea7199fc8c: 7504 41c6 | 0300 e95e 

  0x000001ea7199fc94: ;   {metadata('sun/awt/EventQueueItem')}
  0x000001ea7199fc94: d9ff ff48 | ba08 fc02 | 9500 0000 | 0048 8b6c 

  0x000001ea7199fca4: ;   {runtime_call C2 Runtime new_instance_blob}
  0x000001ea7199fca4: 2428 90e8 

  0x000001ea7199fca8: ; ImmutableOopMap {rbp=Oop [40]=Oop [56]=NarrowOop [60]=NarrowOop [64]=Oop [72]=Oop [80]=Oop [88]=Oop [96]=NarrowOop [100]=NarrowOop [104]=Oop [112]=Oop [120]=Oop [128]=NarrowOop [136]=Oop [144]=Oop [164]=NarrowOop }
                      ;*new {reexecute=0 rethrow=0 return_oop=1}
                      ; - java.awt.EventQueue::postEvent@10 (line 318)
                      ; - java.awt.EventQueue::postEventPrivate@76 (line 279)
                      ; - java.awt.EventQueue::postEvent@9 (line 251)
                      ; - sun.awt.PostEventQueue::flush@87 (line 2064)
                      ; - sun.awt.SunToolkit::flushPendingEvents@15 (line 502)
                      ; - java.awt.EventQueue::postEvent@4 (line 250)
                      ; - sun.awt.PostEventQueue::flush@87 (line 2064)
                      ; - sun.awt.SunToolkit::flushPendingEvents@15 (line 502)
                      ; - java.awt.EventQueue::getNextEvent@4 (line 535)
                      ; - java.awt.EventDispatchThread::pumpOneEventForFilters@20 (line 190)
  0x000001ea7199fca8: b47a a5ff 

  0x000001ea7199fcac: ;   {post_call_nop}
  0x000001ea7199fcac: 0f1f 8400 | 2459 003d | 4c8b d8e9 | 6ad8 ffff 

  0x000001ea7199fcbc: ;   {metadata('sun/awt/EventQueueItem')}
  0x000001ea7199fcbc: 48ba 08fc | 0295 0000 | 0000 488b 

  0x000001ea7199fcc8: ;   {runtime_call C2 Runtime new_instance_blob}
  0x000001ea7199fcc8: 6c24 28e8 

  0x000001ea7199fccc: ; ImmutableOopMap {rbp=Oop [40]=Oop [56]=NarrowOop [60]=NarrowOop [64]=Oop [72]=Oop [80]=Oop [88]=NarrowOop [92]=NarrowOop [96]=Oop [104]=Oop [112]=Oop [120]=Oop [128]=NarrowOop [136]=Oop [144]=Oop [164]=NarrowOop }
                      ;*new {reexecute=0 rethrow=0 return_oop=1}
                      ; - java.awt.EventQueue::postEvent@10 (line 318)
                      ; - java.awt.EventQueue::postEventPrivate@76 (line 279)
                      ; - java.awt.EventQueue::postEvent@9 (line 251)
                      ; - sun.awt.PostEventQueue::flush@87 (line 2064)
                      ; - sun.awt.SunToolkit::flushPendingEvents@15 (line 502)
                      ; - java.awt.EventQueue::postEvent@4 (line 250)
                      ; - sun.awt.PostEventQueue::flush@87 (line 2064)
                      ; - sun.awt.SunToolkit::flushPendingEvents@15 (line 502)
                      ; - java.awt.EventQueue::getNextEvent@4 (line 535)
                      ; - java.awt.EventDispatchThread::pumpOneEventForFilters@20 (line 190)
  0x000001ea7199fccc: 907a a5ff 

  0x000001ea7199fcd0: ;   {post_call_nop}
  0x000001ea7199fcd0: 0f1f 8400 | 4859 003e | 4c8b d8e9 | f0e9 ffff | 458b 4a08 

  0x000001ea7199fce4: ;   {metadata('java/awt/event/MouseEvent')}
  0x000001ea7199fce4: 4181 f988 | 2c0b 010f | 8593 3600 | 00bd 0300 | 0000 e948 | f3ff ff45 

  0x000001ea7199fcfc: ;   {metadata('java/awt/event/MouseEvent')}
  0x000001ea7199fcfc: 8b52 0841 | 81fa 882c | 0b01 0f85 | 2838 0000 | bd03 0000 | 00e9 94f4 | ffff 81fd | 2003 0000 
  0x000001ea7199fd1c: 0f85 b632 | 0000 33ed | e91a f3ff | ff41 8b4a 

  0x000001ea7199fd2c: ;   {metadata('java/awt/event/MouseEvent')}
  0x000001ea7199fd2c: 0881 f988 | 2c0b 010f | 8583 3700 | 00bd 0300 | 0000 e99e | f5ff ff81 | fd20 0300 | 000f 85f1 
  0x000001ea7199fd4c: 3200 0033 | ede9 54f4 | ffff 81fd | 2003 0000 | 0f85 8633 | 0000 33ed | e978 f5ff | ffba 6eff 
  0x000001ea7199fd6c: ffff 488b 

  0x000001ea7199fd70: ;   {runtime_call UncommonTrapBlob}
  0x000001ea7199fd70: 6c24 28e8 

  0x000001ea7199fd74: ; ImmutableOopMap {rbp=Oop [56]=NarrowOop }
                      ;*iflt {reexecute=1 rethrow=0 return_oop=0}
                      ; - (reexecute) java.awt.EventQueue::getNextEventPrivate@3 (line 554)
                      ; - java.awt.EventQueue::getNextEvent@17 (line 538)
                      ; - java.awt.EventDispatchThread::pumpOneEventForFilters@20 (line 190)
  0x000001ea7199fd74: 6824 a5ff 

  0x000001ea7199fd78: ;   {post_call_nop}
  0x000001ea7199fd78: 0f1f 8400 | f059 003f | bae4 ffff | ff48 8b6c | 2428 4489 

  0x000001ea7199fd8c: ;   {runtime_call UncommonTrapBlob}
  0x000001ea7199fd8c: 4c24 2ce8 

  0x000001ea7199fd90: ; ImmutableOopMap {rbp=Oop [44]=NarrowOop [56]=NarrowOop }
                      ;*aaload {reexecute=0 rethrow=0 return_oop=0}
                      ; - java.awt.EventQueue::getNextEventPrivate@11 (line 555)
                      ; - java.awt.EventQueue::getNextEvent@17 (line 538)
                      ; - java.awt.EventDispatchThread::pumpOneEventForFilters@20 (line 190)
  0x000001ea7199fd90: 4c24 a5ff 

  0x000001ea7199fd94: ;   {post_call_nop}
  0x000001ea7199fd94: 0f1f 8400 | 0c5a 0040 | baf6 ffff | ff49 8be9 | 4489 5c24 

  0x000001ea7199fda8: ;   {runtime_call UncommonTrapBlob}
  0x000001ea7199fda8: 2466 90e8 

  0x000001ea7199fdac: ; ImmutableOopMap {rbp=Oop [36]=NarrowOop }
                      ;*invokevirtual get {reexecute=0 rethrow=0 return_oop=0}
                      ; - sun.awt.SunToolkit::flushPendingEvents@3 (line 500)
                      ; - java.awt.EventQueue::getNextEvent@4 (line 535)
                      ; - java.awt.EventDispatchThread::pumpOneEventForFilters@20 (line 190)
  0x000001ea7199fdac: 3024 a5ff 

  0x000001ea7199fdb0: ;   {post_call_nop}
  0x000001ea7199fdb0: 0f1f 8400 | 285a 0041 | baf6 ffff | ff48 8b6c | 2428 448b | 5424 3845 | 8bda 4489 

  0x000001ea7199fdcc: ;   {runtime_call UncommonTrapBlob}
  0x000001ea7199fdcc: 5c24 24e8 

  0x000001ea7199fdd0: ; ImmutableOopMap {rbp=Oop [36]=NarrowOop [56]=NarrowOop }
                      ;*invokevirtual lock {reexecute=0 rethrow=0 return_oop=0}
                      ; - java.util.concurrent.locks.ReentrantLock::lock@4 (line 323)
                      ; - java.awt.EventQueue::getNextEvent@11 (line 536)
                      ; - java.awt.EventDispatchThread::pumpOneEventForFilters@20 (line 190)
  0x000001ea7199fdd0: 0c24 a5ff 

  0x000001ea7199fdd4: ;   {post_call_nop}
  0x000001ea7199fdd4: 0f1f 8400 | 4c5a 0042 | 458b eb48 | 8bef 488b | f149 8bd9 | 418b f849 | 8bc9 488d | 9424 d000 
  0x000001ea7199fdf4: 0000 4d8b 

  0x000001ea7199fdf8: ;   {runtime_call}
  0x000001ea7199fdf8: c749 baa0 | ea55 e5fd | 7f00 0041 

  0x000001ea7199fe04: ;   {post_call_nop}
  0x000001ea7199fe04: ffd2 0f1f | 8400 0000 | 0000 448b | c74c 8bcb | 488b ce48 | 8bfd 458b | dde9 c1a7 | ffff 4889 
  0x000001ea7199fe24: 7c24 3048 | 894c 2428 | 4c89 4c24 | 2041 8be8 | 498b d14c | 8d84 24d0 

  0x000001ea7199fe3c: ;   {runtime_call C2 Runtime complete_monitor_locking_blob}
  0x000001ea7199fe3c: 0000 00e8 

  0x000001ea7199fe40: ; ImmutableOopMap {[32]=Oop [40]=Oop }
                      ;*synchronization entry
                      ; - java.awt.EventDispatchThread::getEventQueue@-1 (line 222)
                      ; - java.awt.EventDispatchThread::pumpOneEventForFilters@8 (line 188)
  0x000001ea7199fe40: 9c66 a5ff 

  0x000001ea7199fe44: ;   {post_call_nop}
  0x000001ea7199fe44: 0f1f 8400 | bc5a 0043 | 448b c54c | 8b4c 2420 | 488b 4c24 | 2848 8b7c | 2430 e9e4 | a6ff ff49 
  0x000001ea7199fe64: 8bd3 4c8d | 8424 d000 | 0000 488b 

  0x000001ea7199fe70: ;   {runtime_call C2 Runtime complete_monitor_locking_blob}
  0x000001ea7199fe70: 6c24 28e8 

  0x000001ea7199fe74: ; ImmutableOopMap {rbp=Oop [40]=Oop [56]=NarrowOop [64]=Oop [72]=Oop [80]=Oop }
                      ;*monitorenter {reexecute=0 rethrow=0 return_oop=0}
                      ; - sun.awt.PostEventQueue::flush@7 (line 2043)
                      ; - sun.awt.SunToolkit::flushPendingEvents@15 (line 502)
                      ; - java.awt.EventQueue::getNextEvent@4 (line 535)
                      ; - java.awt.EventDispatchThread::pumpOneEventForFilters@20 (line 190)
  0x000001ea7199fe74: 6866 a5ff 

  0x000001ea7199fe78: ;   {post_call_nop}
  0x000001ea7199fe78: 0f1f 8400 | f05a 0044 | e93f a8ff | ffba deff | ffff 4c8b | 5424 284c | 8954 2420 | 448b 5c24 
  0x000001ea7199fe98: 3844 895c 

  0x000001ea7199fe9c: ;   {runtime_call UncommonTrapBlob}
  0x000001ea7199fe9c: 242c 90e8 

  0x000001ea7199fea0: ; ImmutableOopMap {rbp=NarrowOop [32]=Oop [44]=NarrowOop [56]=NarrowOop }
                      ;*invokeinterface lock {reexecute=0 rethrow=0 return_oop=0}
                      ; - java.awt.EventQueue::getNextEvent@11 (line 536)
                      ; - java.awt.EventDispatchThread::pumpOneEventForFilters@20 (line 190)
  0x000001ea7199fea0: 3c23 a5ff 

  0x000001ea7199fea4: ;   {post_call_nop}
  0x000001ea7199fea4: 0f1f 8400 | 1c5b 0045 | bade ffff | ff4c 8b54 | 2428 4c89 

  0x000001ea7199feb8: ;   {runtime_call UncommonTrapBlob}
  0x000001ea7199feb8: 5424 20e8 

  0x000001ea7199febc: ; ImmutableOopMap {rbp=NarrowOop [32]=Oop [56]=NarrowOop [60]=NarrowOop }
                      ;*invokeinterface unlock {reexecute=0 rethrow=0 return_oop=0}
                      ; - java.awt.EventQueue::getNextEvent@31 (line 545)
                      ; - java.awt.EventDispatchThread::pumpOneEventForFilters@20 (line 190)
  0x000001ea7199febc: 2023 a5ff 

  0x000001ea7199fec0: ;   {post_call_nop}
  0x000001ea7199fec0: 0f1f 8400 | 385b 0046 | ba6e ffff | ff48 8b6c | 2428 4489 

  0x000001ea7199fed4: ;   {runtime_call UncommonTrapBlob}
  0x000001ea7199fed4: 4424 20e8 

  0x000001ea7199fed8: ; ImmutableOopMap {rbp=Oop }
                      ;*aload_0 {reexecute=0 rethrow=0 return_oop=0}
                      ; - java.awt.EventDispatchThread::pumpOneEventForFilters@7 (line 188)
  0x000001ea7199fed8: 0423 a5ff 

  0x000001ea7199fedc: ;   {post_call_nop}
  0x000001ea7199fedc: 0f1f 8400 | 545b 0047 | baf6 ffff | ff48 8b6c | 2428 448b | 5c24 3844 | 895c 2424 

  0x000001ea7199fef8: ;   {runtime_call UncommonTrapBlob}
  0x000001ea7199fef8: 6666 90e8 

  0x000001ea7199fefc: ; ImmutableOopMap {rbp=Oop [36]=NarrowOop [72]=Oop [80]=Oop [88]=Oop }
                      ;*invokevirtual get {reexecute=0 rethrow=0 return_oop=0}
                      ; - sun.awt.SunToolkit::flushPendingEvents@3 (line 500)
                      ; - java.awt.EventQueue::postEvent@4 (line 250)
                      ; - sun.awt.PostEventQueue::flush@87 (line 2064)
                      ; - sun.awt.SunToolkit::flushPendingEvents@15 (line 502)
                      ; - java.awt.EventQueue::getNextEvent@4 (line 535)
                      ; - java.awt.EventDispatchThread::pumpOneEventForFilters@20 (line 190)
  0x000001ea7199fefc: e022 a5ff 

  0x000001ea7199ff00: ;   {post_call_nop}
  0x000001ea7199ff00: 0f1f 8400 | 785b 0048 | baf6 ffff | ff48 8b6c | 2428 448b | 5424 3845 | 8bda 4489 

  0x000001ea7199ff1c: ;   {runtime_call UncommonTrapBlob}
  0x000001ea7199ff1c: 5c24 24e8 

  0x000001ea7199ff20: ; ImmutableOopMap {rbp=Oop [36]=NarrowOop [60]=NarrowOop [72]=Oop [80]=Oop [88]=Oop [96]=NarrowOop }
                      ;*invokevirtual lock {reexecute=0 rethrow=0 return_oop=0}
                      ; - java.util.concurrent.locks.ReentrantLock::lock@4 (line 323)
                      ; - java.awt.EventQueue::postEventPrivate@9 (line 265)
                      ; - java.awt.EventQueue::postEvent@9 (line 251)
                      ; - sun.awt.PostEventQueue::flush@87 (line 2064)
                      ; - sun.awt.SunToolkit::flushPendingEvents@15 (line 502)
                      ; - java.awt.EventQueue::getNextEvent@4 (line 535)
                      ; - java.awt.EventDispatchThread::pumpOneEventForFilters@20 (line 190)
  0x000001ea7199ff20: bc22 a5ff 

  0x000001ea7199ff24: ;   {post_call_nop}
  0x000001ea7199ff24: 0f1f 8400 | 9c5b 0049 | ba45 ffff | ff48 8b6c | 2428 448b | 5c24 3844 | 895c 2424 

  0x000001ea7199ff40: ;   {runtime_call UncommonTrapBlob}
  0x000001ea7199ff40: 6666 90e8 

  0x000001ea7199ff44: ; ImmutableOopMap {rbp=Oop [36]=NarrowOop [72]=Oop [88]=Oop }
                      ;*ifne {reexecute=1 rethrow=0 return_oop=0}
                      ; - (reexecute) java.util.concurrent.ForkJoinPool::unmanagedBlock@11 (line 4367)
                      ; - java.util.concurrent.ForkJoinPool::managedBlock@32 (line 4313)
                      ; - java.util.concurrent.locks.AbstractQueuedSynchronizer$ConditionObject::await@107 (line 1752)
                      ; - java.awt.EventQueue::getNextEvent@52 (line 543)
                      ; - java.awt.EventDispatchThread::pumpOneEventForFilters@20 (line 190)
  0x000001ea7199ff44: 9822 a5ff 

  0x000001ea7199ff48: ;   {post_call_nop}
  0x000001ea7199ff48: 0f1f 8400 | c05b 004a | bae4 ffff | ff4c 8b54 | 2428 4c89 | 5424 2044 | 8b54 2438 | 458b da44 
  0x000001ea7199ff68: 895c 242c | 4c8b 5424 | 484c 8954 | 2430 4c8b | 5424 504c | 8954 2440 | 4c8b 5424 | 584c 8954 
  0x000001ea7199ff88: 2448 448b | 5424 6044 | 8954 2450 

  0x000001ea7199ff94: ;   {runtime_call UncommonTrapBlob}
  0x000001ea7199ff94: 6666 90e8 

  0x000001ea7199ff98: ; ImmutableOopMap {rbp=NarrowOop [32]=Oop [44]=NarrowOop [48]=Oop [60]=NarrowOop [64]=Oop [72]=Oop [80]=NarrowOop [128]=Oop }
                      ;*aaload {reexecute=0 rethrow=0 return_oop=0}
                      ; - java.awt.EventQueue::postEvent@47 (line 324)
                      ; - java.awt.EventQueue::postEventPrivate@76 (line 279)
                      ; - java.awt.EventQueue::postEvent@9 (line 251)
                      ; - sun.awt.PostEventQueue::flush@87 (line 2064)
                      ; - sun.awt.SunToolkit::flushPendingEvents@15 (line 502)
                      ; - java.awt.EventQueue::getNextEvent@4 (line 535)
                      ; - java.awt.EventDispatchThread::pumpOneEventForFilters@20 (line 190)
  0x000001ea7199ff98: 4422 a5ff 

  0x000001ea7199ff9c: ;   {post_call_nop}
  0x000001ea7199ff9c: 0f1f 8400 | 145c 004b | 498b d34c | 8d84 24d0 | 0000 0048 | 8b6c 2428 

  0x000001ea7199ffb4: ;   {runtime_call C2 Runtime complete_monitor_locking_blob}
  0x000001ea7199ffb4: 6666 90e8 

  0x000001ea7199ffb8: ; ImmutableOopMap {rbp=Oop [40]=Oop [56]=NarrowOop [60]=NarrowOop [64]=Oop [72]=Oop [80]=Oop [88]=Oop [96]=NarrowOop [104]=Oop [112]=Oop }
                      ;*monitorenter {reexecute=0 rethrow=0 return_oop=0}
                      ; - sun.awt.PostEventQueue::flush@7 (line 2043)
                      ; - sun.awt.SunToolkit::flushPendingEvents@15 (line 502)
                      ; - java.awt.EventQueue::postEvent@4 (line 250)
                      ; - sun.awt.PostEventQueue::flush@87 (line 2064)
                      ; - sun.awt.SunToolkit::flushPendingEvents@15 (line 502)
                      ; - java.awt.EventQueue::getNextEvent@4 (line 535)
                      ; - java.awt.EventDispatchThread::pumpOneEventForFilters@20 (line 190)
  0x000001ea7199ffb8: 2465 a5ff 

  0x000001ea7199ffbc: ;   {post_call_nop}
  0x000001ea7199ffbc: 0f1f 8400 | 345c 004c | e917 c2ff | ffba deff | ffff 4c8b | 5424 284c | 8954 2420 | 448b 5424 
  0x000001ea7199ffdc: 3845 8bda | 4489 5c24 | 2c4c 8b54 | 2448 4c89 

  0x000001ea7199ffec: ;   {runtime_call UncommonTrapBlob}
  0x000001ea7199ffec: 5424 30e8 

  0x000001ea7199fff0: ; ImmutableOopMap {rbp=NarrowOop [32]=Oop [44]=NarrowOop [48]=Oop [60]=NarrowOop [80]=Oop [88]=Oop [96]=NarrowOop }
                      ;*invokeinterface lock {reexecute=0 rethrow=0 return_oop=0}
                      ; - java.awt.EventQueue::postEventPrivate@9 (line 265)
                      ; - java.awt.EventQueue::postEvent@9 (line 251)
                      ; - sun.awt.PostEventQueue::flush@87 (line 2064)
                      ; - sun.awt.SunToolkit::flushPendingEvents@15 (line 502)
                      ; - java.awt.EventQueue::getNextEvent@4 (line 535)
                      ; - java.awt.EventDispatchThread::pumpOneEventForFilters@20 (line 190)
  0x000001ea7199fff0: ec21 a5ff 

  0x000001ea7199fff4: ;   {post_call_nop}
  0x000001ea7199fff4: 0f1f 8400 | 6c5c 004d | bade ffff | ff4c 8b54 | 2428 4c89 | 5424 2044 | 8b5c 2438 | 4489 5c24 
  0x000001ea719a0014: ;   {runtime_call UncommonTrapBlob}
  0x000001ea719a0014: 2c66 90e8 

  0x000001ea719a0018: ; ImmutableOopMap {rbp=NarrowOop [32]=Oop [44]=NarrowOop [72]=Oop [80]=Oop [88]=Oop }
                      ;*invokeinterface unlock {reexecute=0 rethrow=0 return_oop=0}
                      ; - java.awt.EventQueue::postEventPrivate@83 (line 281)
                      ; - java.awt.EventQueue::postEvent@9 (line 251)
                      ; - sun.awt.PostEventQueue::flush@87 (line 2064)
                      ; - sun.awt.SunToolkit::flushPendingEvents@15 (line 502)
                      ; - java.awt.EventQueue::getNextEvent@4 (line 535)
                      ; - java.awt.EventDispatchThread::pumpOneEventForFilters@20 (line 190)
  0x000001ea719a0018: c421 a5ff 

  0x000001ea719a001c: ;   {post_call_nop}
  0x000001ea719a001c: 0f1f 8400 | 945c 004e | baf6 ffff | ff48 8b6c | 2428 448b | 5424 3845 | 8bda 4489 

  0x000001ea719a0038: ;   {runtime_call UncommonTrapBlob}
  0x000001ea719a0038: 5c24 24e8 

  0x000001ea719a003c: ; ImmutableOopMap {rbp=Oop [36]=NarrowOop [72]=Oop [80]=Oop [88]=Oop [96]=NarrowOop }
                      ;*getfield head {reexecute=1 rethrow=0 return_oop=0}
                      ; - (reexecute) java.awt.EventQueue::noEvents@13 (line 512)
                      ; - java.awt.EventQueue::postEvent@55 (line 325)
                      ; - java.awt.EventQueue::postEventPrivate@76 (line 279)
                      ; - java.awt.EventQueue::postEvent@9 (line 251)
                      ; - sun.awt.PostEventQueue::flush@87 (line 2064)
                      ; - sun.awt.SunToolkit::flushPendingEvents@15 (line 502)
                      ; - java.awt.EventQueue::getNextEvent@4 (line 535)
                      ; - java.awt.EventDispatchThread::pumpOneEventForFilters@20 (line 190)
  0x000001ea719a003c: a021 a5ff 

  0x000001ea719a0040: ;   {post_call_nop}
  0x000001ea719a0040: 0f1f 8400 | b85c 004f | baf6 ffff | ff48 8b6c | 2428 448b | 5c24 3844 | 895c 2424 | 4c8b 5424 
  0x000001ea719a0060: 484c 8954 | 2428 448b | 5c24 6045 | 8bd3 4489 

  0x000001ea719a0070: ;   {runtime_call UncommonTrapBlob}
  0x000001ea719a0070: 5424 48e8 

  0x000001ea719a0074: ; ImmutableOopMap {rbp=Oop [36]=NarrowOop [40]=Oop [60]=NarrowOop [72]=NarrowOop [80]=Oop [88]=Oop [96]=NarrowOop }
                      ;*monitorenter {reexecute=0 rethrow=0 return_oop=0}
                      ; - sun.awt.AWTAutoShutdown::notifyThreadBusy@11 (line 170)
                      ; - java.awt.EventQueue::postEvent@102 (line 330)
                      ; - java.awt.EventQueue::postEventPrivate@76 (line 279)
                      ; - java.awt.EventQueue::postEvent@9 (line 251)
                      ; - sun.awt.PostEventQueue::flush@87 (line 2064)
                      ; - sun.awt.SunToolkit::flushPendingEvents@15 (line 502)
                      ; - java.awt.EventQueue::getNextEvent@4 (line 535)
                      ; - java.awt.EventDispatchThread::pumpOneEventForFilters@20 (line 190)
  0x000001ea719a0074: 6821 a5ff 

  0x000001ea719a0078: ;   {post_call_nop}
  0x000001ea719a0078: 0f1f 8400 | f05c 0050 | baf6 ffff | ff48 8b6c | 2428 448b | 5424 3845 | 8bda 4489 | 5c24 244c 
  0x000001ea719a0098: 8b54 2448 | 4c89 5424 | 284c 8b54 | 2450 4c89 | 5424 3044 | 8b54 2460 | 4489 5424 | 4844 8b54 
  0x000001ea719a00b8: 2464 458b | da44 895c 

  0x000001ea719a00c0: ;   {runtime_call UncommonTrapBlob}
  0x000001ea719a00c0: 2450 90e8 

  0x000001ea719a00c4: ; ImmutableOopMap {rbp=Oop [36]=NarrowOop [40]=Oop [48]=Oop [60]=NarrowOop [72]=NarrowOop [80]=NarrowOop [88]=Oop [96]=NarrowOop [100]=NarrowOop }
                      ;*monitorenter {reexecute=0 rethrow=0 return_oop=0}
                      ; - sun.awt.AWTAutoShutdown::notifyThreadBusy@18 (line 171)
                      ; - java.awt.EventQueue::postEvent@102 (line 330)
                      ; - java.awt.EventQueue::postEventPrivate@76 (line 279)
                      ; - java.awt.EventQueue::postEvent@9 (line 251)
                      ; - sun.awt.PostEventQueue::flush@87 (line 2064)
                      ; - sun.awt.SunToolkit::flushPendingEvents@15 (line 502)
                      ; - java.awt.EventQueue::getNextEvent@4 (line 535)
                      ; - java.awt.EventDispatchThread::pumpOneEventForFilters@20 (line 190)
  0x000001ea719a00c4: 1821 a5ff 

  0x000001ea719a00c8: ;   {post_call_nop}
  0x000001ea719a00c8: 0f1f 8400 | 405d 0051 | baf6 ffff | ff48 8b6c 

  0x000001ea719a00d8: ;   {runtime_call UncommonTrapBlob}
  0x000001ea719a00d8: 2428 90e8 

  0x000001ea719a00dc: ; ImmutableOopMap {rbp=Oop [56]=NarrowOop [60]=NarrowOop }
                      ;*monitorenter {reexecute=0 rethrow=0 return_oop=0}
                      ; - sun.awt.AWTAutoShutdown::notifyThreadFree@11 (line 196)
                      ; - java.awt.EventQueue::getNextEvent@45 (line 542)
                      ; - java.awt.EventDispatchThread::pumpOneEventForFilters@20 (line 190)
  0x000001ea719a00dc: 0021 a5ff 

  0x000001ea719a00e0: ;   {post_call_nop}
  0x000001ea719a00e0: 0f1f 8400 | 585d 0052 | baf6 ffff | ff48 8b6c | 2428 448b | 5c24 4845 | 8bd3 4489 

  0x000001ea719a00fc: ;   {runtime_call UncommonTrapBlob}
  0x000001ea719a00fc: 5424 30e8 

  0x000001ea719a0100: ; ImmutableOopMap {rbp=Oop [48]=NarrowOop [56]=NarrowOop [60]=NarrowOop [72]=NarrowOop }
                      ;*monitorenter {reexecute=0 rethrow=0 return_oop=0}
                      ; - sun.awt.AWTAutoShutdown::notifyThreadFree@18 (line 197)
                      ; - java.awt.EventQueue::getNextEvent@45 (line 542)
                      ; - java.awt.EventDispatchThread::pumpOneEventForFilters@20 (line 190)
  0x000001ea719a0100: dc20 a5ff 

  0x000001ea719a0104: ;   {post_call_nop}
  0x000001ea719a0104: 0f1f 8400 | 7c5d 0053 | ba45 ffff | ff48 8b6c | 2428 448b | 5c24 3844 | 895c 2424 | 448b 5c24 
  0x000001ea719a0124: 4844 8b54 | 244c 4489 | 5c24 3045 | 8bda 4489 

  0x000001ea719a0134: ;   {runtime_call UncommonTrapBlob}
  0x000001ea719a0134: 5c24 34e8 

  0x000001ea719a0138: ; ImmutableOopMap {rbp=Oop [36]=NarrowOop [48]=NarrowOop [52]=NarrowOop [112]=Oop [120]=NarrowOop [144]=Oop }
                      ;*ifeq {reexecute=1 rethrow=0 return_oop=0}
                      ; - (reexecute) java.util.HashMap::removeNode@211 (line 846)
                      ; - java.util.HashMap::remove@9 (line 806)
                      ; - java.util.HashSet::remove@5 (line 246)
                      ; - sun.awt.AWTAutoShutdown::notifyThreadFree@24 (line 198)
                      ; - java.awt.EventQueue::getNextEvent@45 (line 542)
                      ; - java.awt.EventDispatchThread::pumpOneEventForFilters@20 (line 190)
  0x000001ea719a0138: a420 a5ff 

  0x000001ea719a013c: ;   {post_call_nop}
  0x000001ea719a013c: 0f1f 8400 | b45d 0054 | baf6 ffff | ff48 8b6c | 2428 4c8b | 5424 484c | 8954 2430 

  0x000001ea719a0158: ;   {runtime_call UncommonTrapBlob}
  0x000001ea719a0158: 6666 90e8 

  0x000001ea719a015c: ; ImmutableOopMap {rbp=Oop [48]=Oop [56]=NarrowOop [72]=Oop }
                      ;*invokevirtual tryInitializeHead {reexecute=0 rethrow=0 return_oop=0}
                      ; - java.util.concurrent.locks.AbstractQueuedSynchronizer$ConditionObject::newConditionNode@4 (line 1665)
                      ; - java.util.concurrent.locks.AbstractQueuedSynchronizer$ConditionObject::await@15 (line 1737)
                      ; - java.awt.EventQueue::getNextEvent@52 (line 543)
                      ; - java.awt.EventDispatchThread::pumpOneEventForFilters@20 (line 190)
  0x000001ea719a015c: 8020 a5ff 

  0x000001ea719a0160: ;   {post_call_nop}
  0x000001ea719a0160: 0f1f 8400 | d85d 0055 | baf6 ffff | ff48 8b6c | 2428 448b | 5c24 3844 | 895c 2424 | 4c8b 5424 
  0x000001ea719a0180: 584c 8954 

  0x000001ea719a0184: ;   {runtime_call UncommonTrapBlob}
  0x000001ea719a0184: 2438 90e8 

  0x000001ea719a0188: ; ImmutableOopMap {rbp=Oop [36]=NarrowOop [56]=Oop [72]=Oop [88]=Oop }
                      ;*invokevirtual reacquire {reexecute=0 rethrow=0 return_oop=0}
                      ; - java.util.concurrent.locks.AbstractQueuedSynchronizer$ConditionObject::await@148 (line 1763)
                      ; - java.awt.EventQueue::getNextEvent@52 (line 543)
                      ; - java.awt.EventDispatchThread::pumpOneEventForFilters@20 (line 190)
  0x000001ea719a0188: 5420 a5ff 

  0x000001ea719a018c: ;   {post_call_nop}
  0x000001ea719a018c: 0f1f 8400 | 045e 0056 | baf6 ffff | ff48 8b6c 

  0x000001ea719a019c: ;   {runtime_call UncommonTrapBlob}
  0x000001ea719a019c: 2428 90e8 

  0x000001ea719a01a0: ; ImmutableOopMap {rbp=Oop [56]=NarrowOop }
                      ;*invokevirtual get {reexecute=0 rethrow=0 return_oop=0}
                      ; - sun.awt.SunToolkit::flushPendingEvents@3 (line 500)
                      ; - java.awt.EventQueue::getNextEvent@4 (line 535)
                      ; - java.awt.EventDispatchThread::pumpOneEventForFilters@20 (line 190)
  0x000001ea719a01a0: 3c20 a5ff 

  0x000001ea719a01a4: ;   {post_call_nop}
  0x000001ea719a01a4: 0f1f 8400 | 1c5e 0057 | ba6e ffff | ff48 8b6c | 2428 448b | 5c24 3844 | 895c 2424 | 4c8b 5424 
  0x000001ea719a01c4: 484c 8954 | 2428 4c8b | 5424 504c | 8954 2430 | 4c8b 5424 | 584c 8954 | 2440 448b | 5c24 6045 
  0x000001ea719a01e4: 8bd3 4489 | 5424 4844 | 895c 2458 

  0x000001ea719a01f0: ;   {runtime_call UncommonTrapBlob}
  0x000001ea719a01f0: 6666 90e8 

  0x000001ea719a01f4: ; ImmutableOopMap {rbp=Oop [36]=NarrowOop [40]=Oop [48]=Oop [60]=NarrowOop [64]=Oop [72]=NarrowOop [88]=NarrowOop [128]=Oop }
                      ;*if_icmpge {reexecute=1 rethrow=0 return_oop=0}
                      ; - (reexecute) java.awt.EventQueue::noEvents@4 (line 511)
                      ; - java.awt.EventQueue::postEvent@55 (line 325)
                      ; - java.awt.EventQueue::postEventPrivate@76 (line 279)
                      ; - java.awt.EventQueue::postEvent@9 (line 251)
                      ; - sun.awt.PostEventQueue::flush@87 (line 2064)
                      ; - sun.awt.SunToolkit::flushPendingEvents@15 (line 502)
                      ; - java.awt.EventQueue::getNextEvent@4 (line 535)
                      ; - java.awt.EventDispatchThread::pumpOneEventForFilters@20 (line 190)
  0x000001ea719a01f4: e81f a5ff 

  0x000001ea719a01f8: ;   {post_call_nop}
  0x000001ea719a01f8: 0f1f 8400 | 705e 0058 | bae4 ffff | ff4c 8b54 | 2428 4c89 | 5424 2044 | 8b54 2438 | 458b da44 
  0x000001ea719a0218: 895c 242c | 4c8b 5424 | 484c 8954 | 2430 4c8b | 5424 504c | 8954 2440 | 4c8b 5424 | 584c 8954 
  0x000001ea719a0238: 2448 448b | 5424 6044 | 8954 2450 

  0x000001ea719a0244: ;   {runtime_call UncommonTrapBlob}
  0x000001ea719a0244: 6666 90e8 

  0x000001ea719a0248: ; ImmutableOopMap {rbp=NarrowOop [32]=Oop [44]=NarrowOop [48]=Oop [60]=NarrowOop [64]=Oop [72]=Oop [80]=NarrowOop [96]=NarrowOop [128]=Oop }
                      ;*aaload {reexecute=0 rethrow=0 return_oop=0}
                      ; - java.awt.EventQueue::noEvents@12 (line 512)
                      ; - java.awt.EventQueue::postEvent@55 (line 325)
                      ; - java.awt.EventQueue::postEventPrivate@76 (line 279)
                      ; - java.awt.EventQueue::postEvent@9 (line 251)
                      ; - sun.awt.PostEventQueue::flush@87 (line 2064)
                      ; - sun.awt.SunToolkit::flushPendingEvents@15 (line 502)
                      ; - java.awt.EventQueue::getNextEvent@4 (line 535)
                      ; - java.awt.EventDispatchThread::pumpOneEventForFilters@20 (line 190)
  0x000001ea719a0248: 941f a5ff 

  0x000001ea719a024c: ;   {post_call_nop}
  0x000001ea719a024c: 0f1f 8400 | c45e 0059 | 498b d34c | 8d84 24d0 | 0000 0048 | 8b6c 2428 

  0x000001ea719a0264: ;   {runtime_call C2 Runtime complete_monitor_locking_blob}
  0x000001ea719a0264: 6666 90e8 

  0x000001ea719a0268: ; ImmutableOopMap {rbp=Oop [40]=Oop [56]=NarrowOop [60]=NarrowOop [64]=Oop [72]=Oop [80]=Oop [88]=Oop [96]=NarrowOop [100]=NarrowOop [104]=Oop [112]=Oop }
                      ;*monitorenter {reexecute=0 rethrow=0 return_oop=0}
                      ; - sun.awt.AWTAutoShutdown::notifyThreadBusy@11 (line 170)
                      ; - java.awt.EventQueue::postEvent@102 (line 330)
                      ; - java.awt.EventQueue::postEventPrivate@76 (line 279)
                      ; - java.awt.EventQueue::postEvent@9 (line 251)
                      ; - sun.awt.PostEventQueue::flush@87 (line 2064)
                      ; - sun.awt.SunToolkit::flushPendingEvents@15 (line 502)
                      ; - java.awt.EventQueue::getNextEvent@4 (line 535)
                      ; - java.awt.EventDispatchThread::pumpOneEventForFilters@20 (line 190)
  0x000001ea719a0268: 7462 a5ff 

  0x000001ea719a026c: ;   {post_call_nop}
  0x000001ea719a026c: 0f1f 8400 | e45e 005a | e9fc b7ff | ff49 8bd3 | 4c8d 8424 | d800 0000 | 488b 6c24 

  0x000001ea719a0288: ;   {runtime_call C2 Runtime complete_monitor_locking_blob}
  0x000001ea719a0288: 2866 90e8 

  0x000001ea719a028c: ; ImmutableOopMap {rbp=Oop [40]=Oop [56]=NarrowOop [60]=NarrowOop [64]=Oop [72]=Oop [80]=Oop [88]=Oop [96]=NarrowOop [100]=NarrowOop [104]=Oop [112]=Oop [120]=NarrowOop [128]=Oop }
                      ;*monitorenter {reexecute=0 rethrow=0 return_oop=0}
                      ; - sun.awt.AWTAutoShutdown::notifyThreadBusy@18 (line 171)
                      ; - java.awt.EventQueue::postEvent@102 (line 330)
                      ; - java.awt.EventQueue::postEventPrivate@76 (line 279)
                      ; - java.awt.EventQueue::postEvent@9 (line 251)
                      ; - sun.awt.PostEventQueue::flush@87 (line 2064)
                      ; - sun.awt.SunToolkit::flushPendingEvents@15 (line 502)
                      ; - java.awt.EventQueue::getNextEvent@4 (line 535)
                      ; - java.awt.EventDispatchThread::pumpOneEventForFilters@20 (line 190)
  0x000001ea719a028c: 5062 a5ff 

  0x000001ea719a0290: ;   {post_call_nop}
  0x000001ea719a0290: 0f1f 8400 | 085f 005b | e97e b8ff | ffba deff | ffff 4c8b | 5424 284c | 8954 2420 | 448b 5424 
  0x000001ea719a02b0: 3845 8bda | 4489 5c24 | 2c4c 8b54 | 2448 4c89 | 5424 304c | 8b54 2450 | 4c89 5424 | 404c 8b54 
  0x000001ea719a02d0: 2458 4c89 | 5424 4844 | 8b54 2460 | 4489 5424 | 5044 8b54 | 2464 448b | 5c24 7844 | 8954 245c 
  0x000001ea719a02f0: 4489 5c24 

  0x000001ea719a02f4: ;   {runtime_call UncommonTrapBlob}
  0x000001ea719a02f4: 6066 90e8 

  0x000001ea719a02f8: ; ImmutableOopMap {rbp=NarrowOop [32]=Oop [44]=NarrowOop [48]=Oop [60]=NarrowOop [64]=Oop [72]=Oop [80]=NarrowOop [92]=NarrowOop [96]=NarrowOop [100]=NarrowOop [120]=NarrowOop }
                      ;*invokeinterface add {reexecute=0 rethrow=0 return_oop=0}
                      ; - sun.awt.AWTAutoShutdown::notifyThreadBusy@57 (line 178)
                      ; - java.awt.EventQueue::postEvent@102 (line 330)
                      ; - java.awt.EventQueue::postEventPrivate@76 (line 279)
                      ; - java.awt.EventQueue::postEvent@9 (line 251)
                      ; - sun.awt.PostEventQueue::flush@87 (line 2064)
                      ; - sun.awt.SunToolkit::flushPendingEvents@15 (line 502)
                      ; - java.awt.EventQueue::getNextEvent@4 (line 535)
                      ; - java.awt.EventDispatchThread::pumpOneEventForFilters@20 (line 190)
  0x000001ea719a02f8: e41e a5ff 

  0x000001ea719a02fc: ;   {post_call_nop}
  0x000001ea719a02fc: 0f1f 8400 | 745f 005c | 498b cb48 | 8d94 24d0 | 0000 004d 

  0x000001ea719a0310: ;   {runtime_call}
  0x000001ea719a0310: 8bc7 49ba | a0ea 55e5 | fd7f 0000 

  0x000001ea719a031c: ;   {post_call_nop}
  0x000001ea719a031c: 41ff d20f | 1f84 0000 | 0000 00e9 | b3b9 ffff | 488b cd48 | 8d94 24d8 | 0000 004d 

  0x000001ea719a0338: ;   {runtime_call}
  0x000001ea719a0338: 8bc7 49ba | a0ea 55e5 | fd7f 0000 

  0x000001ea719a0344: ;   {post_call_nop}
  0x000001ea719a0344: 41ff d20f | 1f84 0000 | 0000 00e9 | eeb8 ffff | bade ffff | ff4c 8b54 | 2428 4c89 | 5424 2044 
  0x000001ea719a0364: 8b5c 2438 | 4489 5c24 | 2c4c 8b54 | 2448 4c89 

  0x000001ea719a0374: ;   {runtime_call UncommonTrapBlob}
  0x000001ea719a0374: 5424 30e8 

  0x000001ea719a0378: ; ImmutableOopMap {rbp=NarrowOop [32]=Oop [44]=NarrowOop [48]=Oop [80]=Oop [88]=Oop [96]=NarrowOop }
                      ;*invokeinterface signalAll {reexecute=0 rethrow=0 return_oop=0}
                      ; - java.awt.EventQueue::postEvent@109 (line 332)
                      ; - java.awt.EventQueue::postEventPrivate@76 (line 279)
                      ; - java.awt.EventQueue::postEvent@9 (line 251)
                      ; - sun.awt.PostEventQueue::flush@87 (line 2064)
                      ; - sun.awt.SunToolkit::flushPendingEvents@15 (line 502)
                      ; - java.awt.EventQueue::getNextEvent@4 (line 535)
                      ; - java.awt.EventDispatchThread::pumpOneEventForFilters@20 (line 190)
  0x000001ea719a0378: 641e a5ff 

  0x000001ea719a037c: ;   {post_call_nop}
  0x000001ea719a037c: 0f1f 8400 | f45f 005d | 498b d34c | 8d84 24d0 | 0000 0048 | 8b6c 2428 

  0x000001ea719a0394: ;   {runtime_call C2 Runtime complete_monitor_locking_blob}
  0x000001ea719a0394: 6666 90e8 

  0x000001ea719a0398: ; ImmutableOopMap {rbp=Oop [40]=Oop [56]=NarrowOop [60]=NarrowOop [64]=Oop [72]=NarrowOop [80]=Oop [88]=Oop [96]=Oop }
                      ;*monitorenter {reexecute=0 rethrow=0 return_oop=0}
                      ; - sun.awt.AWTAutoShutdown::notifyThreadFree@11 (line 196)
                      ; - java.awt.EventQueue::getNextEvent@45 (line 542)
                      ; - java.awt.EventDispatchThread::pumpOneEventForFilters@20 (line 190)
  0x000001ea719a0398: 4461 a5ff 

  0x000001ea719a039c: ;   {post_call_nop}
  0x000001ea719a039c: 0f1f 8400 | 1460 005e | e9b9 a8ff | ff49 8bd3 | 4c8d 8424 | d800 0000 | 488b 6c24 

  0x000001ea719a03b8: ;   {runtime_call C2 Runtime complete_monitor_locking_blob}
  0x000001ea719a03b8: 2866 90e8 

  0x000001ea719a03bc: ; ImmutableOopMap {rbp=Oop [40]=Oop [56]=NarrowOop [60]=NarrowOop [64]=Oop [72]=NarrowOop [76]=NarrowOop [80]=Oop [88]=Oop [96]=Oop [104]=Oop }
                      ;*monitorenter {reexecute=0 rethrow=0 return_oop=0}
                      ; - sun.awt.AWTAutoShutdown::notifyThreadFree@18 (line 197)
                      ; - java.awt.EventQueue::getNextEvent@45 (line 542)
                      ; - java.awt.EventDispatchThread::pumpOneEventForFilters@20 (line 190)
  0x000001ea719a03bc: 2061 a5ff 

  0x000001ea719a03c0: ;   {post_call_nop}
  0x000001ea719a03c0: 0f1f 8400 | 3860 005f | e935 a9ff | ffba deff | ffff 4c8b | 5424 284c | 8954 2420 | 448b 5424 
  0x000001ea719a03e0: 3844 8954 | 242c 448b | 5424 4844 | 8954 2430 | 448b 5c24 | 4c44 895c | 2434 448b | 5424 3c44 
  0x000001ea719a0400: 8954 2438 

  0x000001ea719a0404: ;   {runtime_call UncommonTrapBlob}
  0x000001ea719a0404: 6666 90e8 

  0x000001ea719a0408: ; ImmutableOopMap {rbp=NarrowOop [32]=Oop [44]=NarrowOop [48]=NarrowOop [52]=NarrowOop [56]=NarrowOop }
                      ;*invokeinterface remove {reexecute=0 rethrow=0 return_oop=0}
                      ; - sun.awt.AWTAutoShutdown::notifyThreadFree@24 (line 198)
                      ; - java.awt.EventQueue::getNextEvent@45 (line 542)
                      ; - java.awt.EventDispatchThread::pumpOneEventForFilters@20 (line 190)
  0x000001ea719a0408: d41d a5ff 

  0x000001ea719a040c: ;   {post_call_nop}
  0x000001ea719a040c: 0f1f 8400 | 8460 0060 | bade ffff | ff4c 8b54 | 2428 4c89 | 5424 2044 | 8b5c 2438 | 4489 5c24 
  0x000001ea719a042c: 2c44 8b5c | 2448 448b | 5424 4c44 | 895c 2438 | 4489 5424 

  0x000001ea719a0440: ;   {runtime_call UncommonTrapBlob}
  0x000001ea719a0440: 4066 90e8 

  0x000001ea719a0444: ; ImmutableOopMap {rbp=NarrowOop [32]=Oop [44]=NarrowOop [56]=NarrowOop [60]=NarrowOop [64]=NarrowOop [72]=NarrowOop [76]=NarrowOop }
                      ;*invokevirtual remove {reexecute=0 rethrow=0 return_oop=0}
                      ; - java.util.HashSet::remove@5 (line 246)
                      ; - sun.awt.AWTAutoShutdown::notifyThreadFree@24 (line 198)
                      ; - java.awt.EventQueue::getNextEvent@45 (line 542)
                      ; - java.awt.EventDispatchThread::pumpOneEventForFilters@20 (line 190)
  0x000001ea719a0444: 981d a5ff 

  0x000001ea719a0448: ;   {post_call_nop}
  0x000001ea719a0448: 0f1f 8400 | c060 0061 | 4d8b d349 | 8bca 488d | 9424 d000 | 0000 4d8b 

  0x000001ea719a0460: ;   {runtime_call}
  0x000001ea719a0460: c749 baa0 | ea55 e5fd | 7f00 0041 

  0x000001ea719a046c: ;   {post_call_nop}
  0x000001ea719a046c: ffd2 0f1f | 8400 0000 | 0000 e9c4 | abff ff4d | 8bd3 498b | ca48 8d94 | 24d8 0000 | 004d 8bc7 
  0x000001ea719a048c: ;   {runtime_call}
  0x000001ea719a048c: 49ba a0ea | 55e5 fd7f | 0000 41ff 

  0x000001ea719a0498: ;   {post_call_nop}
  0x000001ea719a0498: d20f 1f84 | 0000 0000 | 00e9 fcaa | ffff bade | ffff ff4c | 8b54 2428 | 4c89 5424 

  0x000001ea719a04b4: ;   {runtime_call UncommonTrapBlob}
  0x000001ea719a04b4: 2066 90e8 

  0x000001ea719a04b8: ; ImmutableOopMap {rbp=NarrowOop [32]=Oop [56]=NarrowOop }
                      ;*invokeinterface await {reexecute=0 rethrow=0 return_oop=0}
                      ; - java.awt.EventQueue::getNextEvent@52 (line 543)
                      ; - java.awt.EventDispatchThread::pumpOneEventForFilters@20 (line 190)
  0x000001ea719a04b8: 241d a5ff 

  0x000001ea719a04bc: ;   {post_call_nop}
  0x000001ea719a04bc: 0f1f 8400 | 3461 0062 | ba45 ffff | ff48 8b6c | 2428 448b | 5c24 3844 | 895c 2424 | 4889 4424 
  0x000001ea719a04dc: ;   {runtime_call UncommonTrapBlob}
  0x000001ea719a04dc: 3866 90e8 

  0x000001ea719a04e0: ; ImmutableOopMap {rbp=Oop [36]=NarrowOop [56]=Oop [72]=Oop [88]=Oop }
                      ;*ifeq {reexecute=1 rethrow=0 return_oop=0}
                      ; - (reexecute) java.util.concurrent.locks.AbstractQueuedSynchronizer$ConditionObject::enableWait@65 (line 1615)
                      ; - java.util.concurrent.locks.AbstractQueuedSynchronizer$ConditionObject::await@26 (line 1740)
                      ; - java.awt.EventQueue::getNextEvent@52 (line 543)
                      ; - java.awt.EventDispatchThread::pumpOneEventForFilters@20 (line 190)
  0x000001ea719a04e0: fc1c a5ff 

  0x000001ea719a04e4: ;   {post_call_nop}
  0x000001ea719a04e4: 0f1f 8400 | 5c61 0063 | bade ffff | ff4c 8b54 | 2428 4c89 

  0x000001ea719a04f8: ;   {runtime_call UncommonTrapBlob}
  0x000001ea719a04f8: 5424 20e8 

  0x000001ea719a04fc: ; ImmutableOopMap {rbp=NarrowOop [32]=Oop [56]=NarrowOop }
                      ;*invokeinterface unlock {reexecute=0 rethrow=0 return_oop=0}
                      ; - java.awt.EventQueue::getNextEvent@61 (line 545)
                      ; - java.awt.EventDispatchThread::pumpOneEventForFilters@20 (line 190)
  0x000001ea719a04fc: e01c a5ff 

  0x000001ea719a0500: ;   {post_call_nop}
  0x000001ea719a0500: 0f1f 8400 | 7861 0064 | 498b d34c | 8d84 24d0 | 0000 0048 | 8b6c 2428 

  0x000001ea719a0518: ;   {runtime_call C2 Runtime complete_monitor_locking_blob}
  0x000001ea719a0518: 6666 90e8 

  0x000001ea719a051c: ; ImmutableOopMap {rbp=Oop [40]=Oop [56]=NarrowOop [64]=Oop [72]=Oop [80]=Oop }
                      ;*monitorenter {reexecute=0 rethrow=0 return_oop=0}
                      ; - sun.awt.PostEventQueue::flush@7 (line 2043)
                      ; - sun.awt.SunToolkit::flushPendingEvents@15 (line 502)
                      ; - java.awt.EventQueue::getNextEvent@4 (line 535)
                      ; - java.awt.EventDispatchThread::pumpOneEventForFilters@20 (line 190)
  0x000001ea719a051c: c05f a5ff 

  0x000001ea719a0520: ;   {post_call_nop}
  0x000001ea719a0520: 0f1f 8400 | 9861 0065 | e9df c0ff | ffba deff | ffff 4c8b | 5424 284c | 8954 2420 

  0x000001ea719a053c: ;   {runtime_call UncommonTrapBlob}
  0x000001ea719a053c: 6666 90e8 

  0x000001ea719a0540: ; ImmutableOopMap {rbp=NarrowOop [32]=Oop [56]=NarrowOop }
                      ;*invokeinterface lock {reexecute=0 rethrow=0 return_oop=0}
                      ; - java.awt.EventQueue::getNextEvent@11 (line 536)
                      ; - java.awt.EventDispatchThread::pumpOneEventForFilters@20 (line 190)
  0x000001ea719a0540: 9c1c a5ff 

  0x000001ea719a0544: ;   {post_call_nop}
  0x000001ea719a0544: 0f1f 8400 | bc61 0066 | bad6 ffff | ff4c 8b54 | 2428 4c89 | 5424 2044 | 8b54 2438 | 4489 5424 
  0x000001ea719a0564: 2c44 8b54 | 2448 448b | 5c24 4c44 | 8954 2438 | 4489 5c24 

  0x000001ea719a0578: ;   {runtime_call UncommonTrapBlob}
  0x000001ea719a0578: 3c66 90e8 

  0x000001ea719a057c: ; ImmutableOopMap {rbp=NarrowOop [32]=Oop [44]=NarrowOop [56]=NarrowOop [60]=NarrowOop [112]=Oop [120]=NarrowOop [144]=Oop }
                      ;*aastore {reexecute=1 rethrow=0 return_oop=0}
                      ; - (reexecute) java.util.HashMap::removeNode@246 (line 849)
                      ; - java.util.HashMap::remove@9 (line 806)
                      ; - java.util.HashSet::remove@5 (line 246)
                      ; - sun.awt.AWTAutoShutdown::notifyThreadFree@24 (line 198)
                      ; - java.awt.EventQueue::getNextEvent@45 (line 542)
                      ; - java.awt.EventDispatchThread::pumpOneEventForFilters@20 (line 190)
  0x000001ea719a057c: 601c a5ff 

  0x000001ea719a0580: ;   {post_call_nop}
  0x000001ea719a0580: 0f1f 8400 | f861 0067 | bade ffff | ff4c 8b54 | 2428 4c89 | 5424 2044 | 8b54 2438 | 458b da44 
  0x000001ea719a05a0: 895c 242c | 4c8b 5424 | 484c 8954 | 2430 4c8b | 5424 504c | 8954 2440 | 4c8b 5424 | 584c 8954 
  0x000001ea719a05c0: 2448 448b | 5424 6044 | 8954 2450 | 448b 5424 | 6444 8b5c | 2478 4489 | 5424 5c44 | 895c 2460 
  0x000001ea719a05e0: ;   {runtime_call UncommonTrapBlob}
  0x000001ea719a05e0: 6666 90e8 

  0x000001ea719a05e4: ; ImmutableOopMap {rbp=NarrowOop [32]=Oop [44]=NarrowOop [48]=Oop [60]=NarrowOop [64]=Oop [72]=Oop [80]=NarrowOop [92]=NarrowOop [96]=NarrowOop [100]=NarrowOop [120]=NarrowOop }
                      ;*invokeinterface isEmpty {reexecute=0 rethrow=0 return_oop=0}
                      ; - sun.awt.AWTAutoShutdown::isReadyToShutdown@11 (line 236)
                      ; - sun.awt.AWTAutoShutdown::notifyThreadBusy@34 (line 174)
                      ; - java.awt.EventQueue::postEvent@102 (line 330)
                      ; - java.awt.EventQueue::postEventPrivate@76 (line 279)
                      ; - java.awt.EventQueue::postEvent@9 (line 251)
                      ; - sun.awt.PostEventQueue::flush@87 (line 2064)
                      ; - sun.awt.SunToolkit::flushPendingEvents@15 (line 502)
                      ; - java.awt.EventQueue::getNextEvent@4 (line 535)
                      ; - java.awt.EventDispatchThread::pumpOneEventForFilters@20 (line 190)
  0x000001ea719a05e4: f81b a5ff 

  0x000001ea719a05e8: ;   {post_call_nop}
  0x000001ea719a05e8: 0f1f 8400 | 6062 0068 | bade ffff | ff4c 8b54 | 2428 4c89 | 5424 2044 | 8b54 2438 | 4489 5424 
  0x000001ea719a0608: 2c44 8b54 | 2448 448b | 5c24 4c44 | 8954 2438 | 4489 5c24 

  0x000001ea719a061c: ;   {runtime_call UncommonTrapBlob}
  0x000001ea719a061c: 3c66 90e8 

  0x000001ea719a0620: ; ImmutableOopMap {rbp=NarrowOop [32]=Oop [44]=NarrowOop [56]=NarrowOop [60]=NarrowOop [72]=NarrowOop [76]=NarrowOop }
                      ;*invokeinterface isEmpty {reexecute=0 rethrow=0 return_oop=0}
                      ; - sun.awt.AWTAutoShutdown::isReadyToShutdown@11 (line 236)
                      ; - sun.awt.AWTAutoShutdown::notifyThreadFree@31 (line 199)
                      ; - java.awt.EventQueue::getNextEvent@45 (line 542)
                      ; - java.awt.EventDispatchThread::pumpOneEventForFilters@20 (line 190)
  0x000001ea719a0620: bc1b a5ff 

  0x000001ea719a0624: ;   {post_call_nop}
  0x000001ea719a0624: 0f1f 8400 | 9c62 0069 | baf6 ffff | ff48 8b6c | 2428 448b | 5424 3845 | 8bda 4489 | 5c24 244c 
  0x000001ea719a0644: 8b54 2448 | 4c89 5424 | 284c 8b54 | 2458 4c89 | 5424 4044 | 8b54 2460 | 4489 5424 

  0x000001ea719a0660: ;   {runtime_call UncommonTrapBlob}
  0x000001ea719a0660: 3866 90e8 

  0x000001ea719a0664: ; ImmutableOopMap {rbp=Oop [36]=NarrowOop [40]=Oop [56]=NarrowOop [60]=NarrowOop [64]=Oop [80]=Oop [100]=NarrowOop [112]=Oop [120]=Oop [128]=NarrowOop }
                      ;*invokevirtual lock {reexecute=0 rethrow=0 return_oop=0}
                      ; - java.util.concurrent.locks.ReentrantLock::lock@4 (line 323)
                      ; - java.awt.EventQueue::postEventPrivate@9 (line 265)
                      ; - java.awt.EventQueue::postEvent@9 (line 251)
                      ; - sun.awt.PostEventQueue::flush@87 (line 2064)
                      ; - sun.awt.SunToolkit::flushPendingEvents@15 (line 502)
                      ; - java.awt.EventQueue::postEvent@4 (line 250)
                      ; - sun.awt.PostEventQueue::flush@87 (line 2064)
                      ; - sun.awt.SunToolkit::flushPendingEvents@15 (line 502)
                      ; - java.awt.EventQueue::getNextEvent@4 (line 535)
                      ; - java.awt.EventDispatchThread::pumpOneEventForFilters@20 (line 190)
  0x000001ea719a0664: 781b a5ff 

  0x000001ea719a0668: ;   {post_call_nop}
  0x000001ea719a0668: 0f1f 8400 | e062 006a | bae4 ffff | ff4c 8b54 | 2428 4c89 | 5424 2044 | 8b5c 2438 | 4489 5c24 
  0x000001ea719a0688: 2c4c 8b54 | 2448 4c89 | 5424 304c | 8b54 2458 | 4c89 5424 | 4844 8b5c | 2460 4489 | 5c24 384c 
  0x000001ea719a06a8: 8b54 2470 | 4c89 5424 | 584c 8b54 | 2478 4c89 | 5424 6844 | 8b94 2480 | 0000 0044 | 8954 2470 
  0x000001ea719a06c8: ;   {runtime_call UncommonTrapBlob}
  0x000001ea719a06c8: 6666 90e8 

  0x000001ea719a06cc: ; ImmutableOopMap {rbp=NarrowOop [32]=Oop [44]=NarrowOop [48]=Oop [56]=NarrowOop [60]=NarrowOop [72]=Oop [80]=Oop [88]=Oop [100]=NarrowOop [104]=Oop [112]=NarrowOop [168]=Oop }
                      ;*aaload {reexecute=0 rethrow=0 return_oop=0}
                      ; - java.awt.EventQueue::postEvent@47 (line 324)
                      ; - java.awt.EventQueue::postEventPrivate@76 (line 279)
                      ; - java.awt.EventQueue::postEvent@9 (line 251)
                      ; - sun.awt.PostEventQueue::flush@87 (line 2064)
                      ; - sun.awt.SunToolkit::flushPendingEvents@15 (line 502)
                      ; - java.awt.EventQueue::postEvent@4 (line 250)
                      ; - sun.awt.PostEventQueue::flush@87 (line 2064)
                      ; - sun.awt.SunToolkit::flushPendingEvents@15 (line 502)
                      ; - java.awt.EventQueue::getNextEvent@4 (line 535)
                      ; - java.awt.EventDispatchThread::pumpOneEventForFilters@20 (line 190)
  0x000001ea719a06cc: 101b a5ff 

  0x000001ea719a06d0: ;   {post_call_nop}
  0x000001ea719a06d0: 0f1f 8400 | 4863 006b | bade ffff | ff4c 8b54 | 2428 4c89 | 5424 2044 | 8b5c 2438 | 4489 5c24 
  0x000001ea719a06f0: 2c4c 8b54 | 2448 4c89 | 5424 304c | 8b54 2458 | 4c89 5424 | 4844 8b5c | 2460 4489 

  0x000001ea719a070c: ;   {runtime_call UncommonTrapBlob}
  0x000001ea719a070c: 5c24 38e8 

  0x000001ea719a0710: ; ImmutableOopMap {rbp=NarrowOop [32]=Oop [44]=NarrowOop [48]=Oop [56]=NarrowOop [60]=NarrowOop [72]=Oop [80]=Oop [100]=NarrowOop [112]=Oop [120]=Oop [128]=NarrowOop }
                      ;*invokeinterface lock {reexecute=0 rethrow=0 return_oop=0}
                      ; - java.awt.EventQueue::postEventPrivate@9 (line 265)
                      ; - java.awt.EventQueue::postEvent@9 (line 251)
                      ; - sun.awt.PostEventQueue::flush@87 (line 2064)
                      ; - sun.awt.SunToolkit::flushPendingEvents@15 (line 502)
                      ; - java.awt.EventQueue::postEvent@4 (line 250)
                      ; - sun.awt.PostEventQueue::flush@87 (line 2064)
                      ; - sun.awt.SunToolkit::flushPendingEvents@15 (line 502)
                      ; - java.awt.EventQueue::getNextEvent@4 (line 535)
                      ; - java.awt.EventDispatchThread::pumpOneEventForFilters@20 (line 190)
  0x000001ea719a0710: cc1a a5ff 

  0x000001ea719a0714: ;   {post_call_nop}
  0x000001ea719a0714: 0f1f 8400 | 8c63 006c | bade ffff | ff4c 8b54 | 2428 4c89 | 5424 2044 | 8b54 2438 | 458b da44 
  0x000001ea719a0734: 895c 242c | 4c8b 5424 | 484c 8954 | 2430 4c8b | 5424 584c | 8954 2448 | 448b 5424 | 6044 8954 
  0x000001ea719a0754: ;   {runtime_call UncommonTrapBlob}
  0x000001ea719a0754: 2438 90e8 

  0x000001ea719a0758: ; ImmutableOopMap {rbp=NarrowOop [32]=Oop [44]=NarrowOop [48]=Oop [56]=NarrowOop [60]=NarrowOop [72]=Oop [80]=Oop [112]=Oop [120]=Oop }
                      ;*invokeinterface unlock {reexecute=0 rethrow=0 return_oop=0}
                      ; - java.awt.EventQueue::postEventPrivate@83 (line 281)
                      ; - java.awt.EventQueue::postEvent@9 (line 251)
                      ; - sun.awt.PostEventQueue::flush@87 (line 2064)
                      ; - sun.awt.SunToolkit::flushPendingEvents@15 (line 502)
                      ; - java.awt.EventQueue::postEvent@4 (line 250)
                      ; - sun.awt.PostEventQueue::flush@87 (line 2064)
                      ; - sun.awt.SunToolkit::flushPendingEvents@15 (line 502)
                      ; - java.awt.EventQueue::getNextEvent@4 (line 535)
                      ; - java.awt.EventDispatchThread::pumpOneEventForFilters@20 (line 190)
  0x000001ea719a0758: 841a a5ff 

  0x000001ea719a075c: ;   {post_call_nop}
  0x000001ea719a075c: 0f1f 8400 | d463 006d | ba6e ffff | ff48 8b6c | 2428 448b | 5c24 3844 | 895c 2424 | 4c8b 5424 
  0x000001ea719a077c: 484c 8954 | 2428 4c8b | 5424 584c | 8954 2440 | 4c89 5424 

  0x000001ea719a0790: ;   {runtime_call UncommonTrapBlob}
  0x000001ea719a0790: 4866 90e8 

  0x000001ea719a0794: ; ImmutableOopMap {rbp=Oop [36]=NarrowOop [40]=Oop [64]=Oop [72]=Oop }
                      ;*ifne {reexecute=1 rethrow=0 return_oop=0}
                      ; - (reexecute) java.util.concurrent.locks.AbstractQueuedSynchronizer$ConditionNode::block@4 (line 520)
                      ; - java.util.concurrent.ForkJoinPool::unmanagedBlock@15 (line 4367)
                      ; - java.util.concurrent.ForkJoinPool::managedBlock@32 (line 4313)
                      ; - java.util.concurrent.locks.AbstractQueuedSynchronizer$ConditionObject::await@107 (line 1752)
                      ; - java.awt.EventQueue::getNextEvent@52 (line 543)
                      ; - java.awt.EventDispatchThread::pumpOneEventForFilters@20 (line 190)
  0x000001ea719a0794: 481a a5ff 

  0x000001ea719a0798: ;   {post_call_nop}
  0x000001ea719a0798: 0f1f 8400 | 1064 006e | baf6 ffff | ff48 8b6c | 2428 448b | 5424 3845 | 8bda 4489 | 5c24 244c 
  0x000001ea719a07b8: 8b54 2448 | 4c89 5424 | 284c 8b54 | 2458 4c89 | 5424 4044 | 8b54 2460 | 4489 5424 

  0x000001ea719a07d4: ;   {runtime_call UncommonTrapBlob}
  0x000001ea719a07d4: 3866 90e8 

  0x000001ea719a07d8: ; ImmutableOopMap {rbp=Oop [36]=NarrowOop [40]=Oop [56]=NarrowOop [60]=NarrowOop [64]=Oop [80]=Oop [112]=Oop [120]=Oop [128]=NarrowOop }
                      ;*getfield head {reexecute=1 rethrow=0 return_oop=0}
                      ; - (reexecute) java.awt.EventQueue::noEvents@13 (line 512)
                      ; - java.awt.EventQueue::postEvent@55 (line 325)
                      ; - java.awt.EventQueue::postEventPrivate@76 (line 279)
                      ; - java.awt.EventQueue::postEvent@9 (line 251)
                      ; - sun.awt.PostEventQueue::flush@87 (line 2064)
                      ; - sun.awt.SunToolkit::flushPendingEvents@15 (line 502)
                      ; - java.awt.EventQueue::postEvent@4 (line 250)
                      ; - sun.awt.PostEventQueue::flush@87 (line 2064)
                      ; - sun.awt.SunToolkit::flushPendingEvents@15 (line 502)
                      ; - java.awt.EventQueue::getNextEvent@4 (line 535)
                      ; - java.awt.EventDispatchThread::pumpOneEventForFilters@20 (line 190)
  0x000001ea719a07d8: 041a a5ff 

  0x000001ea719a07dc: ;   {post_call_nop}
  0x000001ea719a07dc: 0f1f 8400 | 5464 006f | baf6 ffff | ff48 8b6c | 2428 448b | 5424 3845 | 8bda 4489 | 5c24 244c 
  0x000001ea719a07fc: 8b54 2448 | 4c89 5424 | 284c 8b54 | 2458 4c89 | 5424 4044 | 8b54 2460 | 4489 5424 | 3844 8b9c 
  0x000001ea719a081c: 2480 0000 | 0045 8bd3 | 4489 5424 

  0x000001ea719a0828: ;   {runtime_call UncommonTrapBlob}
  0x000001ea719a0828: 6866 90e8 

  0x000001ea719a082c: ; ImmutableOopMap {rbp=Oop [36]=NarrowOop [40]=Oop [56]=NarrowOop [60]=NarrowOop [64]=Oop [80]=Oop [100]=NarrowOop [104]=NarrowOop [112]=Oop [120]=Oop [128]=NarrowOop }
                      ;*monitorenter {reexecute=0 rethrow=0 return_oop=0}
                      ; - sun.awt.AWTAutoShutdown::notifyThreadBusy@11 (line 170)
                      ; - java.awt.EventQueue::postEvent@102 (line 330)
                      ; - java.awt.EventQueue::postEventPrivate@76 (line 279)
                      ; - java.awt.EventQueue::postEvent@9 (line 251)
                      ; - sun.awt.PostEventQueue::flush@87 (line 2064)
                      ; - sun.awt.SunToolkit::flushPendingEvents@15 (line 502)
                      ; - java.awt.EventQueue::postEvent@4 (line 250)
                      ; - sun.awt.PostEventQueue::flush@87 (line 2064)
                      ; - sun.awt.SunToolkit::flushPendingEvents@15 (line 502)
                      ; - java.awt.EventQueue::getNextEvent@4 (line 535)
                      ; - java.awt.EventDispatchThread::pumpOneEventForFilters@20 (line 190)
  0x000001ea719a082c: b019 a5ff 

  0x000001ea719a0830: ;   {post_call_nop}
  0x000001ea719a0830: 0f1f 8400 | a864 0070 | baf6 ffff | ff48 8b6c | 2428 448b | 5c24 3844 | 895c 2424 | 4c8b 5424 
  0x000001ea719a0850: 484c 8954 | 2428 4c8b | 5424 584c | 8954 2440 | 448b 5c24 | 6044 895c | 2438 4c8b | 5424 704c 
  0x000001ea719a0870: 8954 2448 | 448b 9c24 | 8000 0000 | 458b d344 | 8954 2468 | 448b 9c24 | 8400 0000 | 458b d344 
  0x000001ea719a0890: 8954 2470 

  0x000001ea719a0894: ;   {runtime_call UncommonTrapBlob}
  0x000001ea719a0894: 6666 90e8 

  0x000001ea719a0898: ; ImmutableOopMap {rbp=Oop [36]=NarrowOop [40]=Oop [56]=NarrowOop [60]=NarrowOop [64]=Oop [72]=Oop [80]=Oop [100]=NarrowOop [104]=NarrowOop [112]=NarrowOop [120]=Oop [128]=NarrowOop [132]=NarrowOop }
                      ;*monitorenter {reexecute=0 rethrow=0 return_oop=0}
                      ; - sun.awt.AWTAutoShutdown::notifyThreadBusy@18 (line 171)
                      ; - java.awt.EventQueue::postEvent@102 (line 330)
                      ; - java.awt.EventQueue::postEventPrivate@76 (line 279)
                      ; - java.awt.EventQueue::postEvent@9 (line 251)
                      ; - sun.awt.PostEventQueue::flush@87 (line 2064)
                      ; - sun.awt.SunToolkit::flushPendingEvents@15 (line 502)
                      ; - java.awt.EventQueue::postEvent@4 (line 250)
                      ; - sun.awt.PostEventQueue::flush@87 (line 2064)
                      ; - sun.awt.SunToolkit::flushPendingEvents@15 (line 502)
                      ; - java.awt.EventQueue::getNextEvent@4 (line 535)
                      ; - java.awt.EventDispatchThread::pumpOneEventForFilters@20 (line 190)
  0x000001ea719a0898: 4419 a5ff 

  0x000001ea719a089c: ;   {post_call_nop}
  0x000001ea719a089c: 0f1f 8400 | 1465 0071 | baf6 ffff | ff48 8b6c | 2428 448b | 5c24 3844 | 895c 2424 

  0x000001ea719a08b8: ;   {runtime_call UncommonTrapBlob}
  0x000001ea719a08b8: 6666 90e8 

  0x000001ea719a08bc: ; ImmutableOopMap {rbp=Oop [36]=NarrowOop [72]=Oop [80]=Oop [104]=Oop }
                      ;*invokevirtual get {reexecute=0 rethrow=0 return_oop=0}
                      ; - sun.awt.SunToolkit::flushPendingEvents@3 (line 500)
                      ; - java.awt.EventQueue::postEvent@4 (line 250)
                      ; - sun.awt.PostEventQueue::flush@87 (line 2064)
                      ; - sun.awt.SunToolkit::flushPendingEvents@15 (line 502)
                      ; - java.awt.EventQueue::getNextEvent@4 (line 535)
                      ; - java.awt.EventDispatchThread::pumpOneEventForFilters@20 (line 190)
  0x000001ea719a08bc: 2019 a5ff 

  0x000001ea719a08c0: ;   {post_call_nop}
  0x000001ea719a08c0: 0f1f 8400 | 3865 0072 | ba6e ffff | ff48 8b6c | 2428 448b | 5c24 3844 | 895c 2424 | 4c8b 5424 
  0x000001ea719a08e0: 484c 8954 | 2428 4c8b | 5424 584c | 8954 2440 | 448b 5c24 | 6044 895c | 2438 4c8b | 5424 704c 
  0x000001ea719a0900: 8954 2448 | 4c8b 5424 | 784c 8954 | 2458 448b | 9424 8000 | 0000 4489 

  0x000001ea719a0918: ;   {runtime_call UncommonTrapBlob}
  0x000001ea719a0918: 5424 60e8 

  0x000001ea719a091c: ; ImmutableOopMap {rbp=Oop [36]=NarrowOop [40]=Oop [56]=NarrowOop [60]=NarrowOop [64]=Oop [72]=Oop [80]=Oop [88]=Oop [96]=NarrowOop [100]=NarrowOop [168]=Oop }
                      ;*if_icmpge {reexecute=1 rethrow=0 return_oop=0}
                      ; - (reexecute) java.awt.EventQueue::noEvents@4 (line 511)
                      ; - java.awt.EventQueue::postEvent@55 (line 325)
                      ; - java.awt.EventQueue::postEventPrivate@76 (line 279)
                      ; - java.awt.EventQueue::postEvent@9 (line 251)
                      ; - sun.awt.PostEventQueue::flush@87 (line 2064)
                      ; - sun.awt.SunToolkit::flushPendingEvents@15 (line 502)
                      ; - java.awt.EventQueue::postEvent@4 (line 250)
                      ; - sun.awt.PostEventQueue::flush@87 (line 2064)
                      ; - sun.awt.SunToolkit::flushPendingEvents@15 (line 502)
                      ; - java.awt.EventQueue::getNextEvent@4 (line 535)
                      ; - java.awt.EventDispatchThread::pumpOneEventForFilters@20 (line 190)
  0x000001ea719a091c: c018 a5ff 

  0x000001ea719a0920: ;   {post_call_nop}
  0x000001ea719a0920: 0f1f 8400 | 9865 0073 | bae4 ffff | ff4c 8b54 | 2428 4c89 | 5424 2044 | 8b5c 2438 | 4489 5c24 
  0x000001ea719a0940: 2c4c 8b54 | 2448 4c89 | 5424 304c | 8b54 2458 | 4c89 5424 | 4844 8b5c | 2460 4489 | 5c24 384c 
  0x000001ea719a0960: 8b54 2470 | 4c89 5424 | 584c 8b54 | 2478 4c89 | 5424 6844 | 8b9c 2480 | 0000 0045 | 8bd3 4489 
  0x000001ea719a0980: ;   {runtime_call UncommonTrapBlob}
  0x000001ea719a0980: 5424 70e8 

  0x000001ea719a0984: ; ImmutableOopMap {rbp=NarrowOop [32]=Oop [44]=NarrowOop [48]=Oop [56]=NarrowOop [60]=NarrowOop [72]=Oop [80]=Oop [88]=Oop [100]=NarrowOop [104]=Oop [112]=NarrowOop [128]=NarrowOop [168]=Oop }
                      ;*aaload {reexecute=0 rethrow=0 return_oop=0}
                      ; - java.awt.EventQueue::noEvents@12 (line 512)
                      ; - java.awt.EventQueue::postEvent@55 (line 325)
                      ; - java.awt.EventQueue::postEventPrivate@76 (line 279)
                      ; - java.awt.EventQueue::postEvent@9 (line 251)
                      ; - sun.awt.PostEventQueue::flush@87 (line 2064)
                      ; - sun.awt.SunToolkit::flushPendingEvents@15 (line 502)
                      ; - java.awt.EventQueue::postEvent@4 (line 250)
                      ; - sun.awt.PostEventQueue::flush@87 (line 2064)
                      ; - sun.awt.SunToolkit::flushPendingEvents@15 (line 502)
                      ; - java.awt.EventQueue::getNextEvent@4 (line 535)
                      ; - java.awt.EventDispatchThread::pumpOneEventForFilters@20 (line 190)
  0x000001ea719a0984: 5818 a5ff 

  0x000001ea719a0988: ;   {post_call_nop}
  0x000001ea719a0988: 0f1f 8400 | 0066 0074 | 498b d34c | 8d84 24d0 | 0000 0048 | 8b6c 2428 

  0x000001ea719a09a0: ;   {runtime_call C2 Runtime complete_monitor_locking_blob}
  0x000001ea719a09a0: 6666 90e8 

  0x000001ea719a09a4: ; ImmutableOopMap {rbp=Oop [40]=Oop [56]=NarrowOop [60]=NarrowOop [64]=Oop [72]=Oop [80]=Oop [88]=Oop [96]=NarrowOop [100]=NarrowOop [104]=Oop [112]=Oop [120]=Oop [128]=NarrowOop [132]=NarrowOop [136]=Oop [144]=Oop }
                      ;*monitorenter {reexecute=0 rethrow=0 return_oop=0}
                      ; - sun.awt.AWTAutoShutdown::notifyThreadBusy@11 (line 170)
                      ; - java.awt.EventQueue::postEvent@102 (line 330)
                      ; - java.awt.EventQueue::postEventPrivate@76 (line 279)
                      ; - java.awt.EventQueue::postEvent@9 (line 251)
                      ; - sun.awt.PostEventQueue::flush@87 (line 2064)
                      ; - sun.awt.SunToolkit::flushPendingEvents@15 (line 502)
                      ; - java.awt.EventQueue::postEvent@4 (line 250)
                      ; - sun.awt.PostEventQueue::flush@87 (line 2064)
                      ; - sun.awt.SunToolkit::flushPendingEvents@15 (line 502)
                      ; - java.awt.EventQueue::getNextEvent@4 (line 535)
                      ; - java.awt.EventDispatchThread::pumpOneEventForFilters@20 (line 190)
  0x000001ea719a09a4: 385b a5ff 

  0x000001ea719a09a8: ;   {post_call_nop}
  0x000001ea719a09a8: 0f1f 8400 | 2066 0075 | e958 c2ff | ff49 8bd3 | 4c8d 8424 | d800 0000 | 488b 6c24 

  0x000001ea719a09c4: ;   {runtime_call C2 Runtime complete_monitor_locking_blob}
  0x000001ea719a09c4: 2866 90e8 

  0x000001ea719a09c8: ; ImmutableOopMap {rbp=Oop [40]=Oop [56]=NarrowOop [60]=NarrowOop [64]=Oop [72]=Oop [80]=Oop [88]=Oop [96]=NarrowOop [100]=NarrowOop [104]=Oop [112]=Oop [120]=Oop [128]=NarrowOop [132]=NarrowOop [136]=Oop [144]=Oop [152]=NarrowOop [160]=Oop }
                      ;*monitorenter {reexecute=0 rethrow=0 return_oop=0}
                      ; - sun.awt.AWTAutoShutdown::notifyThreadBusy@18 (line 171)
                      ; - java.awt.EventQueue::postEvent@102 (line 330)
                      ; - java.awt.EventQueue::postEventPrivate@76 (line 279)
                      ; - java.awt.EventQueue::postEvent@9 (line 251)
                      ; - sun.awt.PostEventQueue::flush@87 (line 2064)
                      ; - sun.awt.SunToolkit::flushPendingEvents@15 (line 502)
                      ; - java.awt.EventQueue::postEvent@4 (line 250)
                      ; - sun.awt.PostEventQueue::flush@87 (line 2064)
                      ; - sun.awt.SunToolkit::flushPendingEvents@15 (line 502)
                      ; - java.awt.EventQueue::getNextEvent@4 (line 535)
                      ; - java.awt.EventDispatchThread::pumpOneEventForFilters@20 (line 190)
  0x000001ea719a09c8: 145b a5ff 

  0x000001ea719a09cc: ;   {post_call_nop}
  0x000001ea719a09cc: 0f1f 8400 | 4466 0076 | e9dd c2ff | ffba deff | ffff 4c8b | 5424 284c | 8954 2420 | 448b 5424 
  0x000001ea719a09ec: 3845 8bda | 4489 5c24 | 2c4c 8b54 | 2448 4c89 | 5424 304c | 8b54 2458 | 4c89 5424 | 4844 8b54 
  0x000001ea719a0a0c: 2460 4489 | 5424 384c | 8b54 2470 | 4c89 5424 | 584c 8b54 | 2478 4c89 | 5424 6844 | 8b94 2480 
  0x000001ea719a0a2c: 0000 0044 | 8954 2470 | 448b 9424 | 8400 0000 | 448b 9c24 | 9800 0000 | 4489 5424 | 7c44 899c 
  0x000001ea719a0a4c: 2480 0000 

  0x000001ea719a0a50: ;   {runtime_call UncommonTrapBlob}
  0x000001ea719a0a50: 0066 90e8 

  0x000001ea719a0a54: ; ImmutableOopMap {rbp=NarrowOop [32]=Oop [44]=NarrowOop [48]=Oop [56]=NarrowOop [60]=NarrowOop [72]=Oop [80]=Oop [88]=Oop [100]=NarrowOop [104]=Oop [112]=NarrowOop [124]=NarrowOop [128]=NarrowOop [132]=NarrowOop [152]=NarrowOop }
                      ;*invokeinterface add {reexecute=0 rethrow=0 return_oop=0}
                      ; - sun.awt.AWTAutoShutdown::notifyThreadBusy@57 (line 178)
                      ; - java.awt.EventQueue::postEvent@102 (line 330)
                      ; - java.awt.EventQueue::postEventPrivate@76 (line 279)
                      ; - java.awt.EventQueue::postEvent@9 (line 251)
                      ; - sun.awt.PostEventQueue::flush@87 (line 2064)
                      ; - sun.awt.SunToolkit::flushPendingEvents@15 (line 502)
                      ; - java.awt.EventQueue::postEvent@4 (line 250)
                      ; - sun.awt.PostEventQueue::flush@87 (line 2064)
                      ; - sun.awt.SunToolkit::flushPendingEvents@15 (line 502)
                      ; - java.awt.EventQueue::getNextEvent@4 (line 535)
                      ; - java.awt.EventDispatchThread::pumpOneEventForFilters@20 (line 190)
  0x000001ea719a0a54: 8817 a5ff 

  0x000001ea719a0a58: ;   {post_call_nop}
  0x000001ea719a0a58: 0f1f 8400 | d066 0077 | 488b cd48 | 8d94 24d8 | 0000 004d 

  0x000001ea719a0a6c: ;   {runtime_call}
  0x000001ea719a0a6c: 8bc7 49ba | a0ea 55e5 | fd7f 0000 

  0x000001ea719a0a78: ;   {post_call_nop}
  0x000001ea719a0a78: 41ff d20f | 1f84 0000 | 0000 00e9 | 5ac3 ffff | 498b cb48 | 8d94 24d0 | 0000 004d 

  0x000001ea719a0a94: ;   {runtime_call}
  0x000001ea719a0a94: 8bc7 49ba | a0ea 55e5 | fd7f 0000 

  0x000001ea719a0aa0: ;   {post_call_nop}
  0x000001ea719a0aa0: 41ff d20f | 1f84 0000 | 0000 00e9 | d2c3 ffff | bade ffff | ff4c 8b54 | 2428 4c89 | 5424 2044 
  0x000001ea719a0ac0: 8b54 2438 | 458b da44 | 895c 242c | 4c8b 5424 | 484c 8954 | 2430 4c8b | 5424 584c | 8954 2448 
  0x000001ea719a0ae0: 448b 5424 | 6044 8954 

  0x000001ea719a0ae8: ;   {runtime_call UncommonTrapBlob}
  0x000001ea719a0ae8: 2438 90e8 

  0x000001ea719a0aec: ; ImmutableOopMap {rbp=NarrowOop [32]=Oop [44]=NarrowOop [48]=Oop [56]=NarrowOop [60]=NarrowOop [72]=Oop [80]=Oop [112]=Oop [120]=Oop [128]=NarrowOop }
                      ;*invokeinterface signalAll {reexecute=0 rethrow=0 return_oop=0}
                      ; - java.awt.EventQueue::postEvent@109 (line 332)
                      ; - java.awt.EventQueue::postEventPrivate@76 (line 279)
                      ; - java.awt.EventQueue::postEvent@9 (line 251)
                      ; - sun.awt.PostEventQueue::flush@87 (line 2064)
                      ; - sun.awt.SunToolkit::flushPendingEvents@15 (line 502)
                      ; - java.awt.EventQueue::postEvent@4 (line 250)
                      ; - sun.awt.PostEventQueue::flush@87 (line 2064)
                      ; - sun.awt.SunToolkit::flushPendingEvents@15 (line 502)
                      ; - java.awt.EventQueue::getNextEvent@4 (line 535)
                      ; - java.awt.EventDispatchThread::pumpOneEventForFilters@20 (line 190)
  0x000001ea719a0aec: f016 a5ff 

  0x000001ea719a0af0: ;   {post_call_nop}
  0x000001ea719a0af0: 0f1f 8400 | 6867 0078 | 498b d34c | 8d84 24d0 | 0000 0048 | 8b6c 2428 

  0x000001ea719a0b08: ;   {runtime_call C2 Runtime complete_monitor_locking_blob}
  0x000001ea719a0b08: 6666 90e8 

  0x000001ea719a0b0c: ; ImmutableOopMap {rbp=Oop [40]=Oop [56]=NarrowOop [60]=NarrowOop [64]=Oop [72]=Oop [80]=Oop [88]=NarrowOop [96]=Oop [104]=Oop [112]=Oop }
                      ;*monitorenter {reexecute=0 rethrow=0 return_oop=0}
                      ; - sun.awt.PostEventQueue::flush@7 (line 2043)
                      ; - sun.awt.SunToolkit::flushPendingEvents@15 (line 502)
                      ; - java.awt.EventQueue::postEvent@4 (line 250)
                      ; - sun.awt.PostEventQueue::flush@87 (line 2064)
                      ; - sun.awt.SunToolkit::flushPendingEvents@15 (line 502)
                      ; - java.awt.EventQueue::getNextEvent@4 (line 535)
                      ; - java.awt.EventDispatchThread::pumpOneEventForFilters@20 (line 190)
  0x000001ea719a0b0c: d059 a5ff 

  0x000001ea719a0b10: ;   {post_call_nop}
  0x000001ea719a0b10: 0f1f 8400 | 8867 0079 | e92f d7ff | ffba 45ff | ffff 4c8b | 5c24 284c | 895c 2420 | 448b 5c24 
  0x000001ea719a0b30: 3844 895c | 2428 448b | 4424 3c44 | 8944 242c | 4489 5424 

  0x000001ea719a0b44: ;   {runtime_call UncommonTrapBlob}
  0x000001ea719a0b44: 3066 90e8 

  0x000001ea719a0b48: ; ImmutableOopMap {rbp=NarrowOop [32]=Oop [40]=NarrowOop [44]=NarrowOop [48]=NarrowOop [80]=Oop }
                      ;*if_acmpeq {reexecute=1 rethrow=0 return_oop=0}
                      ; - (reexecute) java.util.concurrent.locks.ReentrantLock$Sync::tryRelease@14 (line 175)
                      ; - java.util.concurrent.locks.AbstractQueuedSynchronizer::release@2 (line 1099)
                      ; - java.util.concurrent.locks.ReentrantLock::unlock@5 (line 495)
                      ; - java.awt.EventQueue::getNextEvent@31 (line 545)
                      ; - java.awt.EventDispatchThread::pumpOneEventForFilters@20 (line 190)
  0x000001ea719a0b48: 9416 a5ff 

  0x000001ea719a0b4c: ;   {post_call_nop}
  0x000001ea719a0b4c: 0f1f 8400 | c467 007a | ba45 ffff | ff48 8b6c | 2428 8944 

  0x000001ea719a0b60: ;   {runtime_call UncommonTrapBlob}
  0x000001ea719a0b60: 2428 90e8 

  0x000001ea719a0b64: ; ImmutableOopMap {rbp=Oop [56]=NarrowOop [60]=NarrowOop }
                      ;*ifeq {reexecute=1 rethrow=0 return_oop=0}
                      ; - (reexecute) java.awt.EventDispatchThread::pumpOneEventForFilters@60 (line 199)
  0x000001ea719a0b64: 7816 a5ff 

  0x000001ea719a0b68: ;   {post_call_nop}
  0x000001ea719a0b68: 0f1f 8400 | e067 007b | bade ffff | ff4c 8b54 | 2428 4c89 | 5424 2044 | 8b5c 2438 | 4489 5c24 
  0x000001ea719a0b88: 2c4c 8b54 | 2448 4c89 | 5424 304c | 8b54 2458 | 4c89 5424 | 4844 8b5c | 2460 4489 | 5c24 384c 
  0x000001ea719a0ba8: 8b54 2470 | 4c89 5424 | 584c 8b54 | 2478 4c89 | 5424 6844 | 8b94 2480 | 0000 0044 | 8954 2470 
  0x000001ea719a0bc8: 448b 9424 | 8400 0000 | 448b 9c24 | 9800 0000 | 4489 5424 | 7c44 899c | 2480 0000 

  0x000001ea719a0be4: ;   {runtime_call UncommonTrapBlob}
  0x000001ea719a0be4: 0066 90e8 

  0x000001ea719a0be8: ; ImmutableOopMap {rbp=NarrowOop [32]=Oop [44]=NarrowOop [48]=Oop [56]=NarrowOop [60]=NarrowOop [72]=Oop [80]=Oop [88]=Oop [100]=NarrowOop [104]=Oop [112]=NarrowOop [124]=NarrowOop [128]=NarrowOop [132]=NarrowOop [152]=NarrowOop }
                      ;*invokeinterface isEmpty {reexecute=0 rethrow=0 return_oop=0}
                      ; - sun.awt.AWTAutoShutdown::isReadyToShutdown@11 (line 236)
                      ; - sun.awt.AWTAutoShutdown::notifyThreadBusy@34 (line 174)
                      ; - java.awt.EventQueue::postEvent@102 (line 330)
                      ; - java.awt.EventQueue::postEventPrivate@76 (line 279)
                      ; - java.awt.EventQueue::postEvent@9 (line 251)
                      ; - sun.awt.PostEventQueue::flush@87 (line 2064)
                      ; - sun.awt.SunToolkit::flushPendingEvents@15 (line 502)
                      ; - java.awt.EventQueue::postEvent@4 (line 250)
                      ; - sun.awt.PostEventQueue::flush@87 (line 2064)
                      ; - sun.awt.SunToolkit::flushPendingEvents@15 (line 502)
                      ; - java.awt.EventQueue::getNextEvent@4 (line 535)
                      ; - java.awt.EventDispatchThread::pumpOneEventForFilters@20 (line 190)
  0x000001ea719a0be8: f415 a5ff 

  0x000001ea719a0bec: ;   {post_call_nop}
  0x000001ea719a0bec: 0f1f 8400 | 6468 007c | 498b cb48 | 8d94 24d0 | 0000 004d 

  0x000001ea719a0c00: ;   {runtime_call}
  0x000001ea719a0c00: 8bc7 49ba | a0ea 55e5 | fd7f 0000 

  0x000001ea719a0c0c: ;   {post_call_nop}
  0x000001ea719a0c0c: 41ff d20f | 1f84 0000 | 0000 00e9 | 639b ffff | baf6 ffff | ff48 8b6c | 2428 448b | 5424 3844 
  0x000001ea719a0c2c: 8954 2424 | 4c8b 5424 | 484c 8954 | 2428 448b | 5424 3c44 | 8954 2438 | 448b 5c24 | 5844 895c 
  0x000001ea719a0c4c: 243c 448b | 5c24 5c44 | 895c 2458 

  0x000001ea719a0c58: ;   {runtime_call UncommonTrapBlob}
  0x000001ea719a0c58: 6666 90e8 

  0x000001ea719a0c5c: ; ImmutableOopMap {rbp=Oop [36]=NarrowOop [40]=Oop [56]=NarrowOop [60]=NarrowOop [80]=Oop [88]=NarrowOop [104]=Oop [112]=Oop [120]=Oop [128]=NarrowOop }
                      ;*invokevirtual lock {reexecute=0 rethrow=0 return_oop=0}
                      ; - java.util.concurrent.locks.ReentrantLock::lock@4 (line 323)
                      ; - java.awt.EventQueue::postEventPrivate@9 (line 265)
                      ; - java.awt.EventQueue::postEvent@9 (line 251)
                      ; - sun.awt.PostEventQueue::flush@87 (line 2064)
                      ; - sun.awt.SunToolkit::flushPendingEvents@15 (line 502)
                      ; - java.awt.EventQueue::postEvent@4 (line 250)
                      ; - sun.awt.PostEventQueue::flush@87 (line 2064)
                      ; - sun.awt.SunToolkit::flushPendingEvents@15 (line 502)
                      ; - java.awt.EventQueue::getNextEvent@4 (line 535)
                      ; - java.awt.EventDispatchThread::pumpOneEventForFilters@20 (line 190)
  0x000001ea719a0c5c: 8015 a5ff 

  0x000001ea719a0c60: ;   {post_call_nop}
  0x000001ea719a0c60: 0f1f 8400 | d868 007d | bae4 ffff | ff4c 8b5c | 2428 4c89 | 5c24 2089 | 4c24 3044 | 8954 2434 
  0x000001ea719a0c80: ;   {runtime_call UncommonTrapBlob}
  0x000001ea719a0c80: 6666 90e8 

  0x000001ea719a0c84: ; ImmutableOopMap {rbp=NarrowOop [32]=Oop [48]=NarrowOop [56]=NarrowOop }
                      ;*aastore {reexecute=1 rethrow=0 return_oop=0}
                      ; - (reexecute) java.awt.EventQueue::uncacheEQItem@51 (line 477)
                      ; - java.awt.EventQueue::getNextEventPrivate@60 (line 561)
                      ; - java.awt.EventQueue::getNextEvent@17 (line 538)
                      ; - java.awt.EventDispatchThread::pumpOneEventForFilters@20 (line 190)
  0x000001ea719a0c84: 5815 a5ff 

  0x000001ea719a0c88: ;   {post_call_nop}
  0x000001ea719a0c88: 0f1f 8400 | 0069 007e | bae4 ffff | ff4c 8b54 | 2428 4c89 | 5424 2044 | 8b54 2438 | 4489 5424 
  0x000001ea719a0ca8: 2c4c 8b54 | 2448 4c89 | 5424 304c | 8b54 2468 | 4c89 5424 | 4844 8b54 | 243c 4489 | 5424 3844 
  0x000001ea719a0cc8: 8b5c 2458 | 4489 5c24 | 3c4c 8b54 | 2470 4c89 | 5424 604c | 8b54 2478 | 4c89 5424 | 6844 8b9c 
  0x000001ea719a0ce8: 2480 0000 | 0044 895c 

  0x000001ea719a0cf0: ;   {runtime_call UncommonTrapBlob}
  0x000001ea719a0cf0: 2470 90e8 

  0x000001ea719a0cf4: ; ImmutableOopMap {rbp=NarrowOop [32]=Oop [44]=NarrowOop [48]=Oop [56]=NarrowOop [60]=NarrowOop [72]=Oop [80]=Oop [92]=NarrowOop [96]=Oop [104]=Oop [112]=NarrowOop [168]=Oop }
                      ;*aaload {reexecute=0 rethrow=0 return_oop=0}
                      ; - java.awt.EventQueue::postEvent@47 (line 324)
                      ; - java.awt.EventQueue::postEventPrivate@76 (line 279)
                      ; - java.awt.EventQueue::postEvent@9 (line 251)
                      ; - sun.awt.PostEventQueue::flush@87 (line 2064)
                      ; - sun.awt.SunToolkit::flushPendingEvents@15 (line 502)
                      ; - java.awt.EventQueue::postEvent@4 (line 250)
                      ; - sun.awt.PostEventQueue::flush@87 (line 2064)
                      ; - sun.awt.SunToolkit::flushPendingEvents@15 (line 502)
                      ; - java.awt.EventQueue::getNextEvent@4 (line 535)
                      ; - java.awt.EventDispatchThread::pumpOneEventForFilters@20 (line 190)
  0x000001ea719a0cf4: e814 a5ff 

  0x000001ea719a0cf8: ;   {post_call_nop}
  0x000001ea719a0cf8: 0f1f 8400 | 7069 007f | 498b c948 | 8d94 24d0 | 0000 004d 

  0x000001ea719a0d0c: ;   {runtime_call}
  0x000001ea719a0d0c: 8bc7 49ba | a0ea 55e5 | fd7f 0000 

  0x000001ea719a0d18: ;   {post_call_nop}
  0x000001ea719a0d18: 41ff d20f | 1f84 0000 | 0000 00e9 | ada7 ffff | 498b d34c | 8d84 24d0 | 0000 0048 | 8b6c 2428 
  0x000001ea719a0d38: ;   {runtime_call C2 Runtime complete_monitor_locking_blob}
  0x000001ea719a0d38: 6666 90e8 

  0x000001ea719a0d3c: ; ImmutableOopMap {rbp=Oop [40]=Oop [56]=NarrowOop [64]=Oop [72]=Oop [80]=Oop }
                      ;*monitorenter {reexecute=0 rethrow=0 return_oop=0}
                      ; - sun.awt.PostEventQueue::flush@101 (line 2070)
                      ; - sun.awt.SunToolkit::flushPendingEvents@15 (line 502)
                      ; - java.awt.EventQueue::getNextEvent@4 (line 535)
                      ; - java.awt.EventDispatchThread::pumpOneEventForFilters@20 (line 190)
  0x000001ea719a0d3c: a057 a5ff 

  0x000001ea719a0d40: ;   {post_call_nop}
  0x000001ea719a0d40: 0f1f 8400 | b869 0080 | e9b5 b2ff | ffba deff | ffff 4c8b | 5424 284c | 8954 2420 | 448b 5424 
  0x000001ea719a0d60: 3844 8954 | 242c 4c8b | 5424 484c | 8954 2430 | 4c8b 5424 | 684c 8954 | 2448 448b | 5424 3c44 
  0x000001ea719a0d80: 8954 2438 | 448b 5c24 | 5844 895c | 243c 448b | 5424 5c44 | 8954 2458 

  0x000001ea719a0d98: ;   {runtime_call UncommonTrapBlob}
  0x000001ea719a0d98: 6666 90e8 

  0x000001ea719a0d9c: ; ImmutableOopMap {rbp=NarrowOop [32]=Oop [44]=NarrowOop [48]=Oop [56]=NarrowOop [60]=NarrowOop [72]=Oop [80]=Oop [88]=NarrowOop [112]=Oop [120]=Oop [128]=NarrowOop }
                      ;*invokeinterface lock {reexecute=0 rethrow=0 return_oop=0}
                      ; - java.awt.EventQueue::postEventPrivate@9 (line 265)
                      ; - java.awt.EventQueue::postEvent@9 (line 251)
                      ; - sun.awt.PostEventQueue::flush@87 (line 2064)
                      ; - sun.awt.SunToolkit::flushPendingEvents@15 (line 502)
                      ; - java.awt.EventQueue::postEvent@4 (line 250)
                      ; - sun.awt.PostEventQueue::flush@87 (line 2064)
                      ; - sun.awt.SunToolkit::flushPendingEvents@15 (line 502)
                      ; - java.awt.EventQueue::getNextEvent@4 (line 535)
                      ; - java.awt.EventDispatchThread::pumpOneEventForFilters@20 (line 190)
  0x000001ea719a0d9c: 4014 a5ff 

  0x000001ea719a0da0: ;   {post_call_nop}
  0x000001ea719a0da0: 0f1f 8400 | 186a 0081 | bade ffff | ff4c 8b54 | 2428 4c89 | 5424 2044 | 8b54 2438 | 4489 5424 
  0x000001ea719a0dc0: 2c4c 8b54 | 2448 4c89 | 5424 3044 | 8b54 243c | 4489 5424 | 3844 8b5c | 2458 4489 

  0x000001ea719a0ddc: ;   {runtime_call UncommonTrapBlob}
  0x000001ea719a0ddc: 5c24 3ce8 

  0x000001ea719a0de0: ; ImmutableOopMap {rbp=NarrowOop [32]=Oop [44]=NarrowOop [48]=Oop [56]=NarrowOop [60]=NarrowOop [80]=Oop [104]=Oop [112]=Oop [120]=Oop }
                      ;*invokeinterface unlock {reexecute=0 rethrow=0 return_oop=0}
                      ; - java.awt.EventQueue::postEventPrivate@83 (line 281)
                      ; - java.awt.EventQueue::postEvent@9 (line 251)
                      ; - sun.awt.PostEventQueue::flush@87 (line 2064)
                      ; - sun.awt.SunToolkit::flushPendingEvents@15 (line 502)
                      ; - java.awt.EventQueue::postEvent@4 (line 250)
                      ; - sun.awt.PostEventQueue::flush@87 (line 2064)
                      ; - sun.awt.SunToolkit::flushPendingEvents@15 (line 502)
                      ; - java.awt.EventQueue::getNextEvent@4 (line 535)
                      ; - java.awt.EventDispatchThread::pumpOneEventForFilters@20 (line 190)
  0x000001ea719a0de0: fc13 a5ff 

  0x000001ea719a0de4: ;   {post_call_nop}
  0x000001ea719a0de4: 0f1f 8400 | 5c6a 0082 | ba6e ffff | ff48 8b6c | 2428 448b | 5c24 3844 | 895c 2424 

  0x000001ea719a0e00: ;   {runtime_call UncommonTrapBlob}
  0x000001ea719a0e00: 6666 90e8 

  0x000001ea719a0e04: ; ImmutableOopMap {rbp=Oop [36]=NarrowOop [72]=Oop [88]=Oop }
                      ;*ifne {reexecute=1 rethrow=0 return_oop=0}
                      ; - (reexecute) java.util.concurrent.locks.AbstractQueuedSynchronizer$ConditionObject::await@47 (line 1743)
                      ; - java.awt.EventQueue::getNextEvent@52 (line 543)
                      ; - java.awt.EventDispatchThread::pumpOneEventForFilters@20 (line 190)
  0x000001ea719a0e04: d813 a5ff 

  0x000001ea719a0e08: ;   {post_call_nop}
  0x000001ea719a0e08: 0f1f 8400 | 806a 0083 | ba45 ffff | ff4c 8b54 | 2428 4c89 | 5424 2044 | 8b5c 2438 | 4489 5c24 
  0x000001ea719a0e28: 2c4c 8b54 | 2448 4c89 

  0x000001ea719a0e30: ;   {runtime_call UncommonTrapBlob}
  0x000001ea719a0e30: 5424 30e8 

  0x000001ea719a0e34: ; ImmutableOopMap {[32]=Oop [44]=NarrowOop [48]=Oop [80]=Oop [88]=Oop }
                      ;*ifeq {reexecute=1 rethrow=0 return_oop=0}
                      ; - (reexecute) java.lang.Thread::getAndClearInterrupt@6 (line 1688)
                      ; - java.lang.Thread::interrupted@3 (line 1651)
                      ; - java.util.concurrent.locks.AbstractQueuedSynchronizer$ConditionObject::await@51 (line 1744)
                      ; - java.awt.EventQueue::getNextEvent@52 (line 543)
                      ; - java.awt.EventDispatchThread::pumpOneEventForFilters@20 (line 190)
  0x000001ea719a0e34: a813 a5ff 

  0x000001ea719a0e38: ;   {post_call_nop}
  0x000001ea719a0e38: 0f1f 8400 | b06a 0084 | ba45 ffff | ff4c 8b54 | 2428 4c89 | 5424 2044 | 8b5c 2438 | 4489 5c24 
  0x000001ea719a0e58: ;   {runtime_call UncommonTrapBlob}
  0x000001ea719a0e58: 2c66 90e8 

  0x000001ea719a0e5c: ; ImmutableOopMap {[32]=Oop [44]=NarrowOop [72]=Oop [88]=Oop }
                      ;*ifeq {reexecute=1 rethrow=0 return_oop=0}
                      ; - (reexecute) java.util.concurrent.locks.AbstractQueuedSynchronizer$ConditionObject::await@90 (line 1747)
                      ; - java.awt.EventQueue::getNextEvent@52 (line 543)
                      ; - java.awt.EventDispatchThread::pumpOneEventForFilters@20 (line 190)
  0x000001ea719a0e5c: 8013 a5ff 

  0x000001ea719a0e60: ;   {post_call_nop}
  0x000001ea719a0e60: 0f1f 8400 | d86a 0085 | ba45 ffff | ff4c 8b54 | 2428 4c89 | 5424 2044 | 8b5c 2438 | 4489 5c24 
  0x000001ea719a0e80: 2c4c 8b54 | 2448 4c89 | 5424 304c | 8b54 2458 | 4c89 5424 

  0x000001ea719a0e94: ;   {runtime_call UncommonTrapBlob}
  0x000001ea719a0e94: 4866 90e8 

  0x000001ea719a0e98: ; ImmutableOopMap {[32]=Oop [44]=NarrowOop [48]=Oop [72]=Oop [88]=Oop }
                      ;*ifeq {reexecute=1 rethrow=0 return_oop=0}
                      ; - (reexecute) java.util.concurrent.locks.AbstractQueuedSynchronizer$ConditionNode::isReleasable@14 (line 516)
                      ; - java.util.concurrent.ForkJoinPool::unmanagedBlock@6 (line 4367)
                      ; - java.util.concurrent.ForkJoinPool::managedBlock@32 (line 4313)
                      ; - java.util.concurrent.locks.AbstractQueuedSynchronizer$ConditionObject::await@107 (line 1752)
                      ; - java.awt.EventQueue::getNextEvent@52 (line 543)
                      ; - java.awt.EventDispatchThread::pumpOneEventForFilters@20 (line 190)
  0x000001ea719a0e98: 4413 a5ff 

  0x000001ea719a0e9c: ;   {post_call_nop}
  0x000001ea719a0e9c: 0f1f 8400 | 146b 0086 | ba45 ffff | ff4c 8b54 | 2428 4c89 | 5424 2044 | 8b54 2438 | 458b da44 
  0x000001ea719a0ebc: 895c 242c | 4c8b 5424 | 484c 8954 

  0x000001ea719a0ec8: ;   {runtime_call UncommonTrapBlob}
  0x000001ea719a0ec8: 2430 90e8 

  0x000001ea719a0ecc: ; ImmutableOopMap {rbp=NarrowOop [32]=Oop [44]=NarrowOop [48]=Oop [60]=NarrowOop [80]=Oop [88]=Oop [96]=NarrowOop }
                      ;*ifnull {reexecute=1 rethrow=0 return_oop=0}
                      ; - (reexecute) java.awt.EventQueue::postEventPrivate@18 (line 267)
                      ; - java.awt.EventQueue::postEvent@9 (line 251)
                      ; - sun.awt.PostEventQueue::flush@87 (line 2064)
                      ; - sun.awt.SunToolkit::flushPendingEvents@15 (line 502)
                      ; - java.awt.EventQueue::getNextEvent@4 (line 535)
                      ; - java.awt.EventDispatchThread::pumpOneEventForFilters@20 (line 190)
  0x000001ea719a0ecc: 1013 a5ff 

  0x000001ea719a0ed0: ;   {post_call_nop}
  0x000001ea719a0ed0: 0f1f 8400 | 486b 0087 | ba45 ffff | ff4c 8b54 | 2428 4c89 | 5424 2044 | 8b54 2438 | 458b da44 
  0x000001ea719a0ef0: 895c 242c | 4c8b 5424 | 484c 8954 

  0x000001ea719a0efc: ;   {runtime_call UncommonTrapBlob}
  0x000001ea719a0efc: 2430 90e8 

  0x000001ea719a0f00: ; ImmutableOopMap {rbp=NarrowOop [32]=Oop [44]=NarrowOop [48]=Oop [60]=NarrowOop [80]=Oop [88]=Oop [96]=NarrowOop }
                      ;*ifnonnull {reexecute=1 rethrow=0 return_oop=0}
                      ; - (reexecute) java.awt.EventQueue::postEventPrivate@43 (line 272)
                      ; - java.awt.EventQueue::postEvent@9 (line 251)
                      ; - sun.awt.PostEventQueue::flush@87 (line 2064)
                      ; - sun.awt.SunToolkit::flushPendingEvents@15 (line 502)
                      ; - java.awt.EventQueue::getNextEvent@4 (line 535)
                      ; - java.awt.EventDispatchThread::pumpOneEventForFilters@20 (line 190)
  0x000001ea719a0f00: dc12 a5ff 

  0x000001ea719a0f04: ;   {post_call_nop}
  0x000001ea719a0f04: 0f1f 8400 | 7c6b 0088 | ba45 ffff | ff4c 8b5c | 2428 4c89 | 5c24 2044 | 8b44 2438 | 458b d844 
  0x000001ea719a0f24: 895c 242c | 4c8b 5c24 | 484c 895c | 2430 4489 

  0x000001ea719a0f34: ;   {runtime_call UncommonTrapBlob}
  0x000001ea719a0f34: 5424 48e8 

  0x000001ea719a0f38: ; ImmutableOopMap {rbp=NarrowOop [32]=Oop [44]=NarrowOop [48]=Oop [72]=NarrowOop [80]=Oop [88]=Oop }
                      ;*if_acmpeq {reexecute=1 rethrow=0 return_oop=0}
                      ; - (reexecute) java.util.concurrent.locks.ReentrantLock$Sync::tryRelease@14 (line 175)
                      ; - java.util.concurrent.locks.AbstractQueuedSynchronizer::release@2 (line 1099)
                      ; - java.util.concurrent.locks.ReentrantLock::unlock@5 (line 495)
                      ; - java.awt.EventQueue::postEventPrivate@83 (line 281)
                      ; - java.awt.EventQueue::postEvent@9 (line 251)
                      ; - sun.awt.PostEventQueue::flush@87 (line 2064)
                      ; - sun.awt.SunToolkit::flushPendingEvents@15 (line 502)
                      ; - java.awt.EventQueue::getNextEvent@4 (line 535)
                      ; - java.awt.EventDispatchThread::pumpOneEventForFilters@20 (line 190)
  0x000001ea719a0f38: a412 a5ff 

  0x000001ea719a0f3c: ;   {post_call_nop}
  0x000001ea719a0f3c: 0f1f 8400 | b46b 0089 | ba45 ffff | ff48 8b6c | 2428 448b | 5424 3845 | 8bda 4489 | 5c24 244c 
  0x000001ea719a0f5c: 8b54 2448 | 4c89 5424 | 284c 8b54 | 2450 4c89 | 5424 304c | 8b54 2458 | 4c89 5424 | 4044 8b54 
  0x000001ea719a0f7c: 2460 4489 

  0x000001ea719a0f80: ;   {runtime_call UncommonTrapBlob}
  0x000001ea719a0f80: 5424 48e8 

  0x000001ea719a0f84: ; ImmutableOopMap {rbp=Oop [36]=NarrowOop [40]=Oop [48]=Oop [60]=NarrowOop [64]=Oop [72]=NarrowOop [96]=NarrowOop [128]=Oop }
                      ;*if_icmpne {reexecute=1 rethrow=0 return_oop=0}
                      ; - (reexecute) java.awt.EventQueue::postEvent@32 (line 322)
                      ; - java.awt.EventQueue::postEventPrivate@76 (line 279)
                      ; - java.awt.EventQueue::postEvent@9 (line 251)
                      ; - sun.awt.PostEventQueue::flush@87 (line 2064)
                      ; - sun.awt.SunToolkit::flushPendingEvents@15 (line 502)
                      ; - java.awt.EventQueue::getNextEvent@4 (line 535)
                      ; - java.awt.EventDispatchThread::pumpOneEventForFilters@20 (line 190)
  0x000001ea719a0f84: 5812 a5ff 

  0x000001ea719a0f88: ;   {post_call_nop}
  0x000001ea719a0f88: 0f1f 8400 | 006c 008a | ba45 ffff | ff48 8b6c | 2428 448b | 5c24 3844 | 895c 2424 | 4c8b 5c24 
  0x000001ea719a0fa8: 484c 895c | 2428 4c8b | 5c24 584c | 895c 2438 | 4c89 4c24 | 4889 4c24 | 4444 8954 

  0x000001ea719a0fc4: ;   {runtime_call UncommonTrapBlob}
  0x000001ea719a0fc4: 2458 90e8 

  0x000001ea719a0fc8: ; ImmutableOopMap {rbp=Oop [36]=NarrowOop [40]=Oop [56]=Oop [68]=NarrowOop [72]=Oop [80]=Oop [88]=NarrowOop [96]=NarrowOop }
                      ;*if_acmpne {reexecute=1 rethrow=0 return_oop=0}
                      ; - (reexecute) java.util.concurrent.locks.ReentrantLock$Sync::isHeldExclusively@7 (line 187)
                      ; - java.util.concurrent.locks.AbstractQueuedSynchronizer$ConditionObject::signalAll@9 (line 1590)
                      ; - java.awt.EventQueue::postEvent@109 (line 332)
                      ; - java.awt.EventQueue::postEventPrivate@76 (line 279)
                      ; - java.awt.EventQueue::postEvent@9 (line 251)
                      ; - sun.awt.PostEventQueue::flush@87 (line 2064)
                      ; - sun.awt.SunToolkit::flushPendingEvents@15 (line 502)
                      ; - java.awt.EventQueue::getNextEvent@4 (line 535)
                      ; - java.awt.EventDispatchThread::pumpOneEventForFilters@20 (line 190)
  0x000001ea719a0fc8: 1412 a5ff 

  0x000001ea719a0fcc: ;   {post_call_nop}
  0x000001ea719a0fcc: 0f1f 8400 | 446c 008b | baf6 ffff | ff48 8b6c | 2428 448b | 5424 3844 | 8954 2424 | 4c8b 5424 
  0x000001ea719a0fec: 484c 8954 | 2428 448b | 5424 3c44 | 8954 2438 | 448b 5c24 | 5844 895c 

  0x000001ea719a1004: ;   {runtime_call UncommonTrapBlob}
  0x000001ea719a1004: 243c 90e8 

  0x000001ea719a1008: ; ImmutableOopMap {rbp=Oop [36]=NarrowOop [40]=Oop [56]=NarrowOop [60]=NarrowOop [80]=Oop [92]=NarrowOop [104]=Oop [112]=Oop [120]=Oop }
                      ;*getfield head {reexecute=1 rethrow=0 return_oop=0}
                      ; - (reexecute) java.awt.EventQueue::noEvents@13 (line 512)
                      ; - java.awt.EventQueue::postEvent@55 (line 325)
                      ; - java.awt.EventQueue::postEventPrivate@76 (line 279)
                      ; - java.awt.EventQueue::postEvent@9 (line 251)
                      ; - sun.awt.PostEventQueue::flush@87 (line 2064)
                      ; - sun.awt.SunToolkit::flushPendingEvents@15 (line 502)
                      ; - java.awt.EventQueue::postEvent@4 (line 250)
                      ; - sun.awt.PostEventQueue::flush@87 (line 2064)
                      ; - sun.awt.SunToolkit::flushPendingEvents@15 (line 502)
                      ; - java.awt.EventQueue::getNextEvent@4 (line 535)
                      ; - java.awt.EventDispatchThread::pumpOneEventForFilters@20 (line 190)
  0x000001ea719a1008: d411 a5ff 

  0x000001ea719a100c: ;   {post_call_nop}
  0x000001ea719a100c: 0f1f 8400 | 846c 008c | baf6 ffff | ff48 8b6c | 2428 448b | 5424 3844 | 8954 2424 | 4c8b 5424 
  0x000001ea719a102c: 484c 8954 | 2428 4c8b | 5424 684c | 8954 2440 | 448b 5424 | 3c44 8954 | 2438 448b | 5c24 5844 
  0x000001ea719a104c: 895c 243c 

  0x000001ea719a1050: ;   {runtime_call UncommonTrapBlob}
  0x000001ea719a1050: 6666 90e8 

  0x000001ea719a1054: ; ImmutableOopMap {rbp=Oop [36]=NarrowOop [40]=Oop [56]=NarrowOop [60]=NarrowOop [64]=Oop [80]=Oop [92]=NarrowOop [112]=Oop [120]=Oop [128]=NarrowOop }
                      ;*monitorenter {reexecute=0 rethrow=0 return_oop=0}
                      ; - sun.awt.AWTAutoShutdown::notifyThreadBusy@11 (line 170)
                      ; - java.awt.EventQueue::postEvent@102 (line 330)
                      ; - java.awt.EventQueue::postEventPrivate@76 (line 279)
                      ; - java.awt.EventQueue::postEvent@9 (line 251)
                      ; - sun.awt.PostEventQueue::flush@87 (line 2064)
                      ; - sun.awt.SunToolkit::flushPendingEvents@15 (line 502)
                      ; - java.awt.EventQueue::postEvent@4 (line 250)
                      ; - sun.awt.PostEventQueue::flush@87 (line 2064)
                      ; - sun.awt.SunToolkit::flushPendingEvents@15 (line 502)
                      ; - java.awt.EventQueue::getNextEvent@4 (line 535)
                      ; - java.awt.EventDispatchThread::pumpOneEventForFilters@20 (line 190)
  0x000001ea719a1054: 8811 a5ff 

  0x000001ea719a1058: ;   {post_call_nop}
  0x000001ea719a1058: 0f1f 8400 | d06c 008d | baf6 ffff | ff48 8b6c | 2428 448b | 5424 3844 | 8954 2424 | 4c8b 5424 
  0x000001ea719a1078: 484c 8954 | 2428 4c8b | 5424 684c | 8954 2440 | 448b 5424 | 3c44 8954 | 2438 448b | 5c24 5844 
  0x000001ea719a1098: 895c 243c | 4c8b 5424 | 704c 8954 | 2448 448b | 9c24 8400 | 0000 458b | d344 8954 

  0x000001ea719a10b4: ;   {runtime_call UncommonTrapBlob}
  0x000001ea719a10b4: 2470 90e8 

  0x000001ea719a10b8: ; ImmutableOopMap {rbp=Oop [36]=NarrowOop [40]=Oop [56]=NarrowOop [60]=NarrowOop [64]=Oop [72]=Oop [80]=Oop [92]=NarrowOop [112]=NarrowOop [120]=Oop [128]=NarrowOop [132]=NarrowOop }
                      ;*monitorenter {reexecute=0 rethrow=0 return_oop=0}
                      ; - sun.awt.AWTAutoShutdown::notifyThreadBusy@18 (line 171)
                      ; - java.awt.EventQueue::postEvent@102 (line 330)
                      ; - java.awt.EventQueue::postEventPrivate@76 (line 279)
                      ; - java.awt.EventQueue::postEvent@9 (line 251)
                      ; - sun.awt.PostEventQueue::flush@87 (line 2064)
                      ; - sun.awt.SunToolkit::flushPendingEvents@15 (line 502)
                      ; - java.awt.EventQueue::postEvent@4 (line 250)
                      ; - sun.awt.PostEventQueue::flush@87 (line 2064)
                      ; - sun.awt.SunToolkit::flushPendingEvents@15 (line 502)
                      ; - java.awt.EventQueue::getNextEvent@4 (line 535)
                      ; - java.awt.EventDispatchThread::pumpOneEventForFilters@20 (line 190)
  0x000001ea719a10b8: 2411 a5ff 

  0x000001ea719a10bc: ;   {post_call_nop}
  0x000001ea719a10bc: 0f1f 8400 | 346d 008e | ba45 ffff | ff48 8b6c | 2428 448b | 5424 3844 | 8954 2424 | 448b 5424 
  0x000001ea719a10dc: 4844 8b44 | 244c 4489 | 5424 3044 | 8944 2434 | 4489 5c24 

  0x000001ea719a10f0: ;   {runtime_call UncommonTrapBlob}
  0x000001ea719a10f0: 3866 90e8 

  0x000001ea719a10f4: ; ImmutableOopMap {rbp=Oop [36]=NarrowOop [48]=NarrowOop [52]=NarrowOop [72]=NarrowOop [76]=NarrowOop }
                      ;*ifle {reexecute=1 rethrow=0 return_oop=0}
                      ; - (reexecute) java.util.HashMap::removeNode@16 (line 823)
                      ; - java.util.HashMap::remove@9 (line 806)
                      ; - java.util.HashSet::remove@5 (line 246)
                      ; - sun.awt.AWTAutoShutdown::notifyThreadFree@24 (line 198)
                      ; - java.awt.EventQueue::getNextEvent@45 (line 542)
                      ; - java.awt.EventDispatchThread::pumpOneEventForFilters@20 (line 190)
  0x000001ea719a10f4: e810 a5ff 

  0x000001ea719a10f8: ;   {post_call_nop}
  0x000001ea719a10f8: 0f1f 8400 | 706d 008f | 4d8b c249 | c1e0 03eb | 054c 8b44 | 2430 ba45 | ffff ff48 | 8b6c 2428 
  0x000001ea719a1118: 448b 5c24 | 3844 895c | 2424 448b | 5c24 4844 | 8b54 244c | 4489 5c24 | 3044 8954 | 2434 4c89 
  0x000001ea719a1138: ;   {runtime_call UncommonTrapBlob}
  0x000001ea719a1138: 4424 38e8 

  0x000001ea719a113c: ; ImmutableOopMap {rbp=Oop [36]=NarrowOop [48]=NarrowOop [52]=NarrowOop [56]=Oop [72]=NarrowOop [76]=NarrowOop }
                      ;*if_acmpne {reexecute=1 rethrow=0 return_oop=0}
                      ; - (reexecute) java.util.HashSet::remove@11 (line 246)
                      ; - sun.awt.AWTAutoShutdown::notifyThreadFree@24 (line 198)
                      ; - java.awt.EventQueue::getNextEvent@45 (line 542)
                      ; - java.awt.EventDispatchThread::pumpOneEventForFilters@20 (line 190)
  0x000001ea719a113c: a010 a5ff 

  0x000001ea719a1140: ;   {post_call_nop}
  0x000001ea719a1140: 0f1f 8400 | b86d 0090 | ba45 ffff | ff4c 8b54 | 2428 4c89 | 5424 2044 | 8b5c 2438 | 4489 5c24 
  0x000001ea719a1160: 2c4c 8b54 | 2448 4c89 | 5424 3048 | 8944 2448 

  0x000001ea719a1170: ;   {runtime_call UncommonTrapBlob}
  0x000001ea719a1170: 6666 90e8 

  0x000001ea719a1174: ; ImmutableOopMap {rbp=NarrowOop [32]=Oop [44]=NarrowOop [48]=Oop [72]=Oop [80]=Oop [88]=Oop }
                      ;*if_acmpne {reexecute=1 rethrow=0 return_oop=0}
                      ; - (reexecute) java.util.concurrent.locks.ReentrantLock$Sync::isHeldExclusively@7 (line 187)
                      ; - java.util.concurrent.locks.AbstractQueuedSynchronizer$ConditionObject::enableWait@4 (line 1605)
                      ; - java.util.concurrent.locks.AbstractQueuedSynchronizer$ConditionObject::await@26 (line 1740)
                      ; - java.awt.EventQueue::getNextEvent@52 (line 543)
                      ; - java.awt.EventDispatchThread::pumpOneEventForFilters@20 (line 190)
  0x000001ea719a1174: 6810 a5ff 

  0x000001ea719a1178: ;   {post_call_nop}
  0x000001ea719a1178: 0f1f 8400 | f06d 0091 | ba45 ffff | ff4c 8b54 | 2428 4c89 | 5424 2044 | 8b54 2438 | 4489 5424 
  0x000001ea719a1198: 2c4c 8b54 | 2448 4c89 | 5424 3048 | 8944 2448 

  0x000001ea719a11a8: ;   {runtime_call UncommonTrapBlob}
  0x000001ea719a11a8: 6666 90e8 

  0x000001ea719a11ac: ; ImmutableOopMap {rbp=NarrowOop [32]=Oop [44]=NarrowOop [48]=Oop [72]=Oop [88]=Oop }
                      ;*ifnonnull {reexecute=1 rethrow=0 return_oop=0}
                      ; - (reexecute) java.util.concurrent.locks.AbstractQueuedSynchronizer$ConditionObject::enableWait@28 (line 1609)
                      ; - java.util.concurrent.locks.AbstractQueuedSynchronizer$ConditionObject::await@26 (line 1740)
                      ; - java.awt.EventQueue::getNextEvent@52 (line 543)
                      ; - java.awt.EventDispatchThread::pumpOneEventForFilters@20 (line 190)
  0x000001ea719a11ac: 3010 a5ff 

  0x000001ea719a11b0: ;   {post_call_nop}
  0x000001ea719a11b0: 0f1f 8400 | 286e 0092 | ba6e ffff | ff48 8b6c | 2428 448b | 5424 3844 | 8954 2424 | 4c8b 5424 
  0x000001ea719a11d0: 484c 8954 | 2428 4c8b | 5424 684c | 8954 2440 | 448b 5424 | 3c44 8954 | 2438 448b | 5c24 5844 
  0x000001ea719a11f0: 895c 243c | 4c8b 5424 | 704c 8954 | 2448 4c8b | 5424 784c | 8954 2460 | 448b 5424 | 5c44 8954 
  0x000001ea719a1210: ;   {runtime_call UncommonTrapBlob}
  0x000001ea719a1210: 2458 90e8 

  0x000001ea719a1214: ; ImmutableOopMap {rbp=Oop [36]=NarrowOop [40]=Oop [56]=NarrowOop [60]=NarrowOop [64]=Oop [72]=Oop [80]=Oop [88]=NarrowOop [96]=Oop [128]=NarrowOop [168]=Oop }
                      ;*if_icmpge {reexecute=1 rethrow=0 return_oop=0}
                      ; - (reexecute) java.awt.EventQueue::noEvents@4 (line 511)
                      ; - java.awt.EventQueue::postEvent@55 (line 325)
                      ; - java.awt.EventQueue::postEventPrivate@76 (line 279)
                      ; - java.awt.EventQueue::postEvent@9 (line 251)
                      ; - sun.awt.PostEventQueue::flush@87 (line 2064)
                      ; - sun.awt.SunToolkit::flushPendingEvents@15 (line 502)
                      ; - java.awt.EventQueue::postEvent@4 (line 250)
                      ; - sun.awt.PostEventQueue::flush@87 (line 2064)
                      ; - sun.awt.SunToolkit::flushPendingEvents@15 (line 502)
                      ; - java.awt.EventQueue::getNextEvent@4 (line 535)
                      ; - java.awt.EventDispatchThread::pumpOneEventForFilters@20 (line 190)
  0x000001ea719a1214: c80f a5ff 

  0x000001ea719a1218: ;   {post_call_nop}
  0x000001ea719a1218: 0f1f 8400 | 906e 0093 | bae4 ffff | ff4c 8b54 | 2428 4c89 | 5424 2044 | 8b5c 2438 | 4489 5c24 
  0x000001ea719a1238: 2c4c 8b54 | 2448 4c89 | 5424 304c | 8b54 2468 | 4c89 5424 | 4844 8b5c | 243c 4489 | 5c24 3844 
  0x000001ea719a1258: 8b5c 2458 | 4489 5c24 | 3c4c 8b54 | 2470 4c89 | 5424 604c | 8b54 2478 | 4c89 5424 | 6844 8b54 
  0x000001ea719a1278: 245c 4489 | 5424 5844 | 8b9c 2480 | 0000 0044 | 895c 2470 

  0x000001ea719a128c: ;   {runtime_call UncommonTrapBlob}
  0x000001ea719a128c: 6666 90e8 

  0x000001ea719a1290: ; ImmutableOopMap {rbp=NarrowOop [32]=Oop [44]=NarrowOop [48]=Oop [56]=NarrowOop [60]=NarrowOop [72]=Oop [80]=Oop [88]=NarrowOop [96]=Oop [104]=Oop [112]=NarrowOop [168]=Oop }
                      ;*aaload {reexecute=0 rethrow=0 return_oop=0}
                      ; - java.awt.EventQueue::noEvents@12 (line 512)
                      ; - java.awt.EventQueue::postEvent@55 (line 325)
                      ; - java.awt.EventQueue::postEventPrivate@76 (line 279)
                      ; - java.awt.EventQueue::postEvent@9 (line 251)
                      ; - sun.awt.PostEventQueue::flush@87 (line 2064)
                      ; - sun.awt.SunToolkit::flushPendingEvents@15 (line 502)
                      ; - java.awt.EventQueue::postEvent@4 (line 250)
                      ; - sun.awt.PostEventQueue::flush@87 (line 2064)
                      ; - sun.awt.SunToolkit::flushPendingEvents@15 (line 502)
                      ; - java.awt.EventQueue::getNextEvent@4 (line 535)
                      ; - java.awt.EventDispatchThread::pumpOneEventForFilters@20 (line 190)
  0x000001ea719a1290: 4c0f a5ff 

  0x000001ea719a1294: ;   {post_call_nop}
  0x000001ea719a1294: 0f1f 8400 | 0c6f 0094 | 498b d34c | 8d84 24d0 | 0000 0048 | 8b6c 2428 

  0x000001ea719a12ac: ;   {runtime_call C2 Runtime complete_monitor_locking_blob}
  0x000001ea719a12ac: 6666 90e8 

  0x000001ea719a12b0: ; ImmutableOopMap {rbp=Oop [40]=Oop [56]=NarrowOop [60]=NarrowOop [64]=Oop [72]=Oop [80]=Oop [88]=NarrowOop [92]=NarrowOop [96]=Oop [104]=Oop [112]=Oop [120]=Oop [128]=NarrowOop [132]=NarrowOop [136]=Oop [144]=Oop }
                      ;*monitorenter {reexecute=0 rethrow=0 return_oop=0}
                      ; - sun.awt.AWTAutoShutdown::notifyThreadBusy@11 (line 170)
                      ; - java.awt.EventQueue::postEvent@102 (line 330)
                      ; - java.awt.EventQueue::postEventPrivate@76 (line 279)
                      ; - java.awt.EventQueue::postEvent@9 (line 251)
                      ; - sun.awt.PostEventQueue::flush@87 (line 2064)
                      ; - sun.awt.SunToolkit::flushPendingEvents@15 (line 502)
                      ; - java.awt.EventQueue::postEvent@4 (line 250)
                      ; - sun.awt.PostEventQueue::flush@87 (line 2064)
                      ; - sun.awt.SunToolkit::flushPendingEvents@15 (line 502)
                      ; - java.awt.EventQueue::getNextEvent@4 (line 535)
                      ; - java.awt.EventDispatchThread::pumpOneEventForFilters@20 (line 190)
  0x000001ea719a12b0: 2c52 a5ff 

  0x000001ea719a12b4: ;   {post_call_nop}
  0x000001ea719a12b4: 0f1f 8400 | 2c6f 0095 | e9c4 c5ff | ff49 8bd3 | 4c8d 8424 | d800 0000 | 488b 6c24 

  0x000001ea719a12d0: ;   {runtime_call C2 Runtime complete_monitor_locking_blob}
  0x000001ea719a12d0: 2866 90e8 

  0x000001ea719a12d4: ; ImmutableOopMap {rbp=Oop [40]=Oop [56]=NarrowOop [60]=NarrowOop [64]=Oop [72]=Oop [80]=Oop [88]=NarrowOop [92]=NarrowOop [96]=Oop [104]=Oop [112]=Oop [120]=Oop [128]=NarrowOop [132]=NarrowOop [136]=Oop [144]=Oop [152]=NarrowOop [160]=Oop }
                      ;*monitorenter {reexecute=0 rethrow=0 return_oop=0}
                      ; - sun.awt.AWTAutoShutdown::notifyThreadBusy@18 (line 171)
                      ; - java.awt.EventQueue::postEvent@102 (line 330)
                      ; - java.awt.EventQueue::postEventPrivate@76 (line 279)
                      ; - java.awt.EventQueue::postEvent@9 (line 251)
                      ; - sun.awt.PostEventQueue::flush@87 (line 2064)
                      ; - sun.awt.SunToolkit::flushPendingEvents@15 (line 502)
                      ; - java.awt.EventQueue::postEvent@4 (line 250)
                      ; - sun.awt.PostEventQueue::flush@87 (line 2064)
                      ; - sun.awt.SunToolkit::flushPendingEvents@15 (line 502)
                      ; - java.awt.EventQueue::getNextEvent@4 (line 535)
                      ; - java.awt.EventDispatchThread::pumpOneEventForFilters@20 (line 190)
  0x000001ea719a12d4: 0852 a5ff 

  0x000001ea719a12d8: ;   {post_call_nop}
  0x000001ea719a12d8: 0f1f 8400 | 506f 0096 | e949 c6ff | ffba deff | ffff 4c8b | 5424 284c | 8954 2420 | 448b 5424 
  0x000001ea719a12f8: 3844 8954 | 242c 4c8b | 5424 484c | 8954 2430 | 4c8b 5424 | 684c 8954 | 2448 448b | 5424 3c44 
  0x000001ea719a1318: 8954 2438 | 448b 5424 | 5844 8954 | 243c 4c8b | 5424 704c | 8954 2460 | 4c8b 5424 | 784c 8954 
  0x000001ea719a1338: 2468 448b | 9424 8400 | 0000 4489 | 5424 7044 | 8b9c 2498 | 0000 0044 | 895c 2474 | 448b 9424 
  0x000001ea719a1358: 8000 0000 | 4489 5424 

  0x000001ea719a1360: ;   {runtime_call UncommonTrapBlob}
  0x000001ea719a1360: 7866 90e8 

  0x000001ea719a1364: ; ImmutableOopMap {rbp=NarrowOop [32]=Oop [44]=NarrowOop [48]=Oop [56]=NarrowOop [60]=NarrowOop [72]=Oop [80]=Oop [92]=NarrowOop [96]=Oop [104]=Oop [112]=NarrowOop [116]=NarrowOop [120]=NarrowOop }
                      ;*invokeinterface add {reexecute=0 rethrow=0 return_oop=0}
                      ; - sun.awt.AWTAutoShutdown::notifyThreadBusy@57 (line 178)
                      ; - java.awt.EventQueue::postEvent@102 (line 330)
                      ; - java.awt.EventQueue::postEventPrivate@76 (line 279)
                      ; - java.awt.EventQueue::postEvent@9 (line 251)
                      ; - sun.awt.PostEventQueue::flush@87 (line 2064)
                      ; - sun.awt.SunToolkit::flushPendingEvents@15 (line 502)
                      ; - java.awt.EventQueue::postEvent@4 (line 250)
                      ; - sun.awt.PostEventQueue::flush@87 (line 2064)
                      ; - sun.awt.SunToolkit::flushPendingEvents@15 (line 502)
                      ; - java.awt.EventQueue::getNextEvent@4 (line 535)
                      ; - java.awt.EventDispatchThread::pumpOneEventForFilters@20 (line 190)
  0x000001ea719a1364: 780e a5ff 

  0x000001ea719a1368: ;   {post_call_nop}
  0x000001ea719a1368: 0f1f 8400 | e06f 0097 | 488b cd48 | 8d94 24d8 | 0000 004d 

  0x000001ea719a137c: ;   {runtime_call}
  0x000001ea719a137c: 8bc7 49ba | a0ea 55e5 | fd7f 0000 

  0x000001ea719a1388: ;   {post_call_nop}
  0x000001ea719a1388: 41ff d20f | 1f84 0000 | 0000 00e9 | c6c6 ffff | 498b cb48 | 8d94 24d0 | 0000 004d 

  0x000001ea719a13a4: ;   {runtime_call}
  0x000001ea719a13a4: 8bc7 49ba | a0ea 55e5 | fd7f 0000 

  0x000001ea719a13b0: ;   {post_call_nop}
  0x000001ea719a13b0: 41ff d20f | 1f84 0000 | 0000 00e9 | 3ec7 ffff | bade ffff | ff4c 8b54 | 2428 4c89 | 5424 2044 
  0x000001ea719a13d0: 8b5c 2438 | 4489 5c24 | 2c4c 8b54 | 2448 4c89 | 5424 304c | 8b54 2468 | 4c89 5424 | 4844 8b5c 
  0x000001ea719a13f0: 243c 4489 | 5c24 3844 | 8b5c 2458 | 4489 5c24 

  0x000001ea719a1400: ;   {runtime_call UncommonTrapBlob}
  0x000001ea719a1400: 3c66 90e8 

  0x000001ea719a1404: ; ImmutableOopMap {rbp=NarrowOop [32]=Oop [44]=NarrowOop [48]=Oop [56]=NarrowOop [60]=NarrowOop [72]=Oop [80]=Oop [92]=NarrowOop [112]=Oop [120]=Oop }
                      ;*invokeinterface signalAll {reexecute=0 rethrow=0 return_oop=0}
                      ; - java.awt.EventQueue::postEvent@109 (line 332)
                      ; - java.awt.EventQueue::postEventPrivate@76 (line 279)
                      ; - java.awt.EventQueue::postEvent@9 (line 251)
                      ; - sun.awt.PostEventQueue::flush@87 (line 2064)
                      ; - sun.awt.SunToolkit::flushPendingEvents@15 (line 502)
                      ; - java.awt.EventQueue::postEvent@4 (line 250)
                      ; - sun.awt.PostEventQueue::flush@87 (line 2064)
                      ; - sun.awt.SunToolkit::flushPendingEvents@15 (line 502)
                      ; - java.awt.EventQueue::getNextEvent@4 (line 535)
                      ; - java.awt.EventDispatchThread::pumpOneEventForFilters@20 (line 190)
  0x000001ea719a1404: d80d a5ff 

  0x000001ea719a1408: ;   {post_call_nop}
  0x000001ea719a1408: 0f1f 8400 | 8070 0098 | ba45 ffff | ff4c 8b54 | 2428 4c89 | 5424 2044 | 8b5c 2438 | 4489 5c24 
  0x000001ea719a1428: 2c4c 8b54 | 2448 4c89 | 5424 3044 | 8b5c 2460 | 458b d344 | 8954 244c 

  0x000001ea719a1440: ;   {runtime_call UncommonTrapBlob}
  0x000001ea719a1440: 6666 90e8 

  0x000001ea719a1444: ; ImmutableOopMap {rbp=NarrowOop [32]=Oop [44]=NarrowOop [48]=Oop [76]=NarrowOop [80]=Oop [88]=Oop [96]=NarrowOop }
                      ;*if_acmpeq {reexecute=1 rethrow=0 return_oop=0}
                      ; - (reexecute) java.awt.EventQueue::postEvent@92 (line 329)
                      ; - java.awt.EventQueue::postEventPrivate@76 (line 279)
                      ; - java.awt.EventQueue::postEvent@9 (line 251)
                      ; - sun.awt.PostEventQueue::flush@87 (line 2064)
                      ; - sun.awt.SunToolkit::flushPendingEvents@15 (line 502)
                      ; - java.awt.EventQueue::getNextEvent@4 (line 535)
                      ; - java.awt.EventDispatchThread::pumpOneEventForFilters@20 (line 190)
  0x000001ea719a1444: 980d a5ff 

  0x000001ea719a1448: ;   {post_call_nop}
  0x000001ea719a1448: 0f1f 8400 | c070 0099 | ba45 ffff | ff48 8b6c | 2428 448b | 5c24 3844 | 895c 2424 | 4c8b 5424 
  0x000001ea719a1468: 484c 8954 | 2428 448b | 5c24 6045 | 8bd3 4489 

  0x000001ea719a1478: ;   {runtime_call UncommonTrapBlob}
  0x000001ea719a1478: 5424 48e8 

  0x000001ea719a147c: ; ImmutableOopMap {rbp=Oop [36]=NarrowOop [40]=Oop [60]=NarrowOop [72]=NarrowOop [80]=Oop [88]=Oop [96]=NarrowOop }
                      ;*ifnonnull {reexecute=1 rethrow=0 return_oop=0}
                      ; - (reexecute) sun.awt.AWTAutoShutdown::notifyThreadBusy@1 (line 167)
                      ; - java.awt.EventQueue::postEvent@102 (line 330)
                      ; - java.awt.EventQueue::postEventPrivate@76 (line 279)
                      ; - java.awt.EventQueue::postEvent@9 (line 251)
                      ; - sun.awt.PostEventQueue::flush@87 (line 2064)
                      ; - sun.awt.SunToolkit::flushPendingEvents@15 (line 502)
                      ; - java.awt.EventQueue::getNextEvent@4 (line 535)
                      ; - java.awt.EventDispatchThread::pumpOneEventForFilters@20 (line 190)
  0x000001ea719a147c: 600d a5ff 

  0x000001ea719a1480: ;   {post_call_nop}
  0x000001ea719a1480: 0f1f 8400 | f870 009a | ba45 ffff | ff4c 8b54 | 2428 4c89 | 5424 2044 | 8b5c 2438 | 4489 5c24 
  0x000001ea719a14a0: 2c4c 8b54 | 2448 4c89 | 5424 304c | 8b54 2450 | 4c89 5424 | 404c 8b54 | 2458 4c89 | 5424 4844 
  0x000001ea719a14c0: 8b5c 2460 | 458b d344 | 8954 2450 | 448b 5c24 | 6444 8b54 | 2478 4489 | 5c24 5c44 | 8954 2460 
  0x000001ea719a14e0: ;   {runtime_call UncommonTrapBlob}
  0x000001ea719a14e0: 6666 90e8 

  0x000001ea719a14e4: ; ImmutableOopMap {rbp=NarrowOop [32]=Oop [44]=NarrowOop [48]=Oop [60]=NarrowOop [64]=Oop [72]=Oop [80]=NarrowOop [92]=NarrowOop [96]=NarrowOop [100]=NarrowOop [120]=NarrowOop }
                      ;*ifnonnull {reexecute=1 rethrow=0 return_oop=0}
                      ; - (reexecute) sun.awt.AWTAutoShutdown::notifyThreadBusy@23 (line 172)
                      ; - java.awt.EventQueue::postEvent@102 (line 330)
                      ; - java.awt.EventQueue::postEventPrivate@76 (line 279)
                      ; - java.awt.EventQueue::postEvent@9 (line 251)
                      ; - sun.awt.PostEventQueue::flush@87 (line 2064)
                      ; - sun.awt.SunToolkit::flushPendingEvents@15 (line 502)
                      ; - java.awt.EventQueue::getNextEvent@4 (line 535)
                      ; - java.awt.EventDispatchThread::pumpOneEventForFilters@20 (line 190)
  0x000001ea719a14e4: f80c a5ff 

  0x000001ea719a14e8: ;   {post_call_nop}
  0x000001ea719a14e8: 0f1f 8400 | 6071 009b | ba45 ffff | ff48 8b6c | 2428 4489 

  0x000001ea719a14fc: ;   {runtime_call UncommonTrapBlob}
  0x000001ea719a14fc: 4424 2ce8 

  0x000001ea719a1500: ; ImmutableOopMap {rbp=Oop [44]=NarrowOop [56]=NarrowOop }
                      ;*ifnonnull {reexecute=1 rethrow=0 return_oop=0}
                      ; - (reexecute) sun.awt.AWTAutoShutdown::notifyThreadFree@1 (line 193)
                      ; - java.awt.EventQueue::getNextEvent@45 (line 542)
                      ; - java.awt.EventDispatchThread::pumpOneEventForFilters@20 (line 190)
  0x000001ea719a1500: dc0c a5ff 

  0x000001ea719a1504: ;   {post_call_nop}
  0x000001ea719a1504: 0f1f 8400 | 7c71 009c | ba45 ffff | ff4c 8b54 | 2428 4c89 | 5424 2044 | 8b5c 2438 | 4489 5c24 
  0x000001ea719a1524: ;   {runtime_call UncommonTrapBlob}
  0x000001ea719a1524: 2c66 90e8 

  0x000001ea719a1528: ; ImmutableOopMap {[32]=Oop [44]=NarrowOop [72]=Oop [80]=Oop }
                      ;*ifeq {reexecute=1 rethrow=0 return_oop=0}
                      ; - (reexecute) java.lang.Thread::getAndClearInterrupt@6 (line 1688)
                      ; - java.lang.Thread::interrupted@3 (line 1651)
                      ; - java.util.concurrent.locks.AbstractQueuedSynchronizer$ConditionObject::await@0 (line 1735)
                      ; - java.awt.EventQueue::getNextEvent@52 (line 543)
                      ; - java.awt.EventDispatchThread::pumpOneEventForFilters@20 (line 190)
  0x000001ea719a1528: b40c a5ff 

  0x000001ea719a152c: ;   {post_call_nop}
  0x000001ea719a152c: 0f1f 8400 | a471 009d | ba45 ffff | ff4c 8b5c | 2428 4c89 | 5c24 2044 | 8b44 2438 | 4489 4424 
  0x000001ea719a154c: 2c4c 894c | 2430 4889 | 4424 4044 | 8954 244c 

  0x000001ea719a155c: ;   {runtime_call UncommonTrapBlob}
  0x000001ea719a155c: 6666 90e8 

  0x000001ea719a1560: ; ImmutableOopMap {rbp=NarrowOop [32]=Oop [44]=NarrowOop [48]=Oop [64]=Oop [76]=NarrowOop [80]=Oop [88]=Oop }
                      ;*if_acmpeq {reexecute=1 rethrow=0 return_oop=0}
                      ; - (reexecute) java.util.concurrent.locks.ReentrantLock$Sync::tryRelease@14 (line 175)
                      ; - java.util.concurrent.locks.AbstractQueuedSynchronizer::release@2 (line 1099)
                      ; - java.util.concurrent.locks.AbstractQueuedSynchronizer$ConditionObject::enableWait@62 (line 1615)
                      ; - java.util.concurrent.locks.AbstractQueuedSynchronizer$ConditionObject::await@26 (line 1740)
                      ; - java.awt.EventQueue::getNextEvent@52 (line 543)
                      ; - java.awt.EventDispatchThread::pumpOneEventForFilters@20 (line 190)
  0x000001ea719a1560: 7c0c a5ff 

  0x000001ea719a1564: ;   {post_call_nop}
  0x000001ea719a1564: 0f1f 8400 | dc71 009e | ba45 ffff | ff4c 8b5c | 2428 4c89 | 5c24 2044 | 8b44 2438 | 4489 4424 
  0x000001ea719a1584: 2c44 8954 

  0x000001ea719a1588: ;   {runtime_call UncommonTrapBlob}
  0x000001ea719a1588: 2430 90e8 

  0x000001ea719a158c: ; ImmutableOopMap {rbp=NarrowOop [32]=Oop [44]=NarrowOop [48]=NarrowOop [80]=Oop }
                      ;*if_acmpeq {reexecute=1 rethrow=0 return_oop=0}
                      ; - (reexecute) java.util.concurrent.locks.ReentrantLock$Sync::tryRelease@14 (line 175)
                      ; - java.util.concurrent.locks.AbstractQueuedSynchronizer::release@2 (line 1099)
                      ; - java.util.concurrent.locks.ReentrantLock::unlock@5 (line 495)
                      ; - java.awt.EventQueue::getNextEvent@61 (line 545)
                      ; - java.awt.EventDispatchThread::pumpOneEventForFilters@20 (line 190)
  0x000001ea719a158c: 500c a5ff 

  0x000001ea719a1590: ;   {post_call_nop}
  0x000001ea719a1590: 0f1f 8400 | 0872 009f | bade ffff | ff4c 8b54 | 2428 4c89 | 5424 2044 | 8b5c 2438 | 4489 5c24 
  0x000001ea719a15b0: 2c4c 8b54 | 2448 4c89 | 5424 304c | 8b54 2468 | 4c89 5424 | 4844 8b5c | 243c 4489 | 5c24 3844 
  0x000001ea719a15d0: 8b54 2458 | 4489 5424 | 3c4c 8b54 | 2470 4c89 | 5424 604c | 8b54 2478 | 4c89 5424 | 6844 8b94 
  0x000001ea719a15f0: 2480 0000 | 0044 8954 | 2470 448b | 9c24 8400 | 0000 448b | 9424 9800 | 0000 4489 | 5c24 7c44 
  0x000001ea719a1610: 8994 2480 

  0x000001ea719a1614: ;   {runtime_call UncommonTrapBlob}
  0x000001ea719a1614: 0000 00e8 

  0x000001ea719a1618: ; ImmutableOopMap {rbp=NarrowOop [32]=Oop [44]=NarrowOop [48]=Oop [56]=NarrowOop [60]=NarrowOop [72]=Oop [80]=Oop [92]=NarrowOop [96]=Oop [104]=Oop [112]=NarrowOop [124]=NarrowOop [128]=NarrowOop [132]=NarrowOop [152]=NarrowOop }
                      ;*invokeinterface isEmpty {reexecute=0 rethrow=0 return_oop=0}
                      ; - sun.awt.AWTAutoShutdown::isReadyToShutdown@11 (line 236)
                      ; - sun.awt.AWTAutoShutdown::notifyThreadBusy@34 (line 174)
                      ; - java.awt.EventQueue::postEvent@102 (line 330)
                      ; - java.awt.EventQueue::postEventPrivate@76 (line 279)
                      ; - java.awt.EventQueue::postEvent@9 (line 251)
                      ; - sun.awt.PostEventQueue::flush@87 (line 2064)
                      ; - sun.awt.SunToolkit::flushPendingEvents@15 (line 502)
                      ; - java.awt.EventQueue::postEvent@4 (line 250)
                      ; - sun.awt.PostEventQueue::flush@87 (line 2064)
                      ; - sun.awt.SunToolkit::flushPendingEvents@15 (line 502)
                      ; - java.awt.EventQueue::getNextEvent@4 (line 535)
                      ; - java.awt.EventDispatchThread::pumpOneEventForFilters@20 (line 190)
  0x000001ea719a1618: c40b a5ff 

  0x000001ea719a161c: ;   {post_call_nop}
  0x000001ea719a161c: 0f1f 8400 | 9472 00a0 | ba45 ffff | ff4c 8b54 | 2428 4c89 | 5424 2044 | 8b54 2438 | 458b da44 
  0x000001ea719a163c: 895c 242c | 4c8b 5424 | 484c 8954 

  0x000001ea719a1648: ;   {runtime_call UncommonTrapBlob}
  0x000001ea719a1648: 2430 90e8 

  0x000001ea719a164c: ; ImmutableOopMap {rbp=NarrowOop [32]=Oop [44]=NarrowOop [48]=Oop [80]=Oop }
                      ;*ifnull {reexecute=1 rethrow=0 return_oop=0}
                      ; - (reexecute) sun.awt.PostEventQueue::flush@23 (line 2049)
                      ; - sun.awt.SunToolkit::flushPendingEvents@15 (line 502)
                      ; - java.awt.EventQueue::getNextEvent@4 (line 535)
                      ; - java.awt.EventDispatchThread::pumpOneEventForFilters@20 (line 190)
  0x000001ea719a164c: 900b a5ff 

  0x000001ea719a1650: ;   {post_call_nop}
  0x000001ea719a1650: 0f1f 8400 | c872 00a1 | 33ed 4585 | db40 0f94 | c5ba 45ff | ffff 4c8b | 5424 284c | 8954 2420 
  0x000001ea719a1670: 448b 5c24 | 3844 895c | 242c 4c8b | 5424 484c | 8954 2430 | 4c8b 5424 | 504c 8954 | 2440 4c8b 
  0x000001ea719a1690: 5424 584c | 8954 2448 | 448b 5c24 | 6045 8bd3 | 4489 5424 | 5044 8b5c | 2464 448b | 5424 7844 
  0x000001ea719a16b0: 895c 245c | 4489 5424 

  0x000001ea719a16b8: ;   {runtime_call UncommonTrapBlob}
  0x000001ea719a16b8: 6066 90e8 

  0x000001ea719a16bc: ; ImmutableOopMap {[32]=Oop [44]=NarrowOop [48]=Oop [60]=NarrowOop [64]=Oop [72]=Oop [80]=NarrowOop [92]=NarrowOop [96]=NarrowOop [100]=NarrowOop [120]=NarrowOop }
                      ;*ifeq {reexecute=1 rethrow=0 return_oop=0}
                      ; - (reexecute) sun.awt.AWTAutoShutdown::isReadyToShutdown@16 (line 236)
                      ; - sun.awt.AWTAutoShutdown::notifyThreadBusy@34 (line 174)
                      ; - java.awt.EventQueue::postEvent@102 (line 330)
                      ; - java.awt.EventQueue::postEventPrivate@76 (line 279)
                      ; - java.awt.EventQueue::postEvent@9 (line 251)
                      ; - sun.awt.PostEventQueue::flush@87 (line 2064)
                      ; - sun.awt.SunToolkit::flushPendingEvents@15 (line 502)
                      ; - java.awt.EventQueue::getNextEvent@4 (line 535)
                      ; - java.awt.EventDispatchThread::pumpOneEventForFilters@20 (line 190)
  0x000001ea719a16bc: 200b a5ff 

  0x000001ea719a16c0: ;   {post_call_nop}
  0x000001ea719a16c0: 0f1f 8400 | 3873 00a2 | 33ed 4585 | db40 0f94 | c5ba 45ff | ffff 4c8b | 5424 284c | 8954 2420 
  0x000001ea719a16e0: 448b 5c24 | 3844 895c | 242c 448b | 5c24 4844 | 8b54 244c | 4489 5c24 | 3844 8954 

  0x000001ea719a16fc: ;   {runtime_call UncommonTrapBlob}
  0x000001ea719a16fc: 243c 90e8 

  0x000001ea719a1700: ; ImmutableOopMap {[32]=Oop [44]=NarrowOop [56]=NarrowOop [60]=NarrowOop [72]=NarrowOop [76]=NarrowOop }
                      ;*ifeq {reexecute=1 rethrow=0 return_oop=0}
                      ; - (reexecute) sun.awt.AWTAutoShutdown::isReadyToShutdown@16 (line 236)
                      ; - sun.awt.AWTAutoShutdown::notifyThreadFree@31 (line 199)
                      ; - java.awt.EventQueue::getNextEvent@45 (line 542)
                      ; - java.awt.EventDispatchThread::pumpOneEventForFilters@20 (line 190)
  0x000001ea719a1700: dc0a a5ff 

  0x000001ea719a1704: ;   {post_call_nop}
  0x000001ea719a1704: 0f1f 8400 | 7c73 00a3 | 498b cb48 | 8d94 24d0 | 0000 004d 

  0x000001ea719a1718: ;   {runtime_call}
  0x000001ea719a1718: 8bc7 49ba | a0ea 55e5 | fd7f 0000 

  0x000001ea719a1724: ;   {post_call_nop}
  0x000001ea719a1724: 41ff d20f | 1f84 0000 | 0000 00e9 | 479e ffff | 498b c848 | 8d94 24d0 | 0000 004d 

  0x000001ea719a1740: ;   {runtime_call}
  0x000001ea719a1740: 8bc7 49ba | a0ea 55e5 | fd7f 0000 

  0x000001ea719a174c: ;   {post_call_nop}
  0x000001ea719a174c: 41ff d20f | 1f84 0000 | 0000 00e9 | 87ac ffff | 498b d34c | 8d84 24d0 | 0000 0048 | 8b6c 2428 
  0x000001ea719a176c: ;   {runtime_call C2 Runtime complete_monitor_locking_blob}
  0x000001ea719a176c: 6666 90e8 

  0x000001ea719a1770: ; ImmutableOopMap {rbp=Oop [40]=Oop [56]=NarrowOop [60]=NarrowOop [64]=Oop [72]=Oop [80]=Oop [88]=Oop [96]=NarrowOop [104]=Oop [112]=Oop }
                      ;*monitorenter {reexecute=0 rethrow=0 return_oop=0}
                      ; - sun.awt.PostEventQueue::flush@101 (line 2070)
                      ; - sun.awt.SunToolkit::flushPendingEvents@15 (line 502)
                      ; - java.awt.EventQueue::postEvent@4 (line 250)
                      ; - sun.awt.PostEventQueue::flush@87 (line 2064)
                      ; - sun.awt.SunToolkit::flushPendingEvents@15 (line 502)
                      ; - java.awt.EventQueue::getNextEvent@4 (line 535)
                      ; - java.awt.EventDispatchThread::pumpOneEventForFilters@20 (line 190)
  0x000001ea719a1770: 6c4d a5ff 

  0x000001ea719a1774: ;   {post_call_nop}
  0x000001ea719a1774: 0f1f 8400 | ec73 00a4 | e938 baff | ffba 45ff | ffff 4c8b | 5424 284c | 8954 2420 | 448b 5c24 
  0x000001ea719a1794: 3844 895c | 242c 4c8b | 5424 484c | 8954 2430 | 4c8b 5424 | 584c 8954 | 2448 448b | 5c24 6044 
  0x000001ea719a17b4: 895c 2438 

  0x000001ea719a17b8: ;   {runtime_call UncommonTrapBlob}
  0x000001ea719a17b8: 6666 90e8 

  0x000001ea719a17bc: ; ImmutableOopMap {rbp=NarrowOop [32]=Oop [44]=NarrowOop [48]=Oop [56]=NarrowOop [60]=NarrowOop [72]=Oop [80]=Oop [100]=NarrowOop [112]=Oop [120]=Oop [128]=NarrowOop }
                      ;*ifnull {reexecute=1 rethrow=0 return_oop=0}
                      ; - (reexecute) java.awt.EventQueue::postEventPrivate@18 (line 267)
                      ; - java.awt.EventQueue::postEvent@9 (line 251)
                      ; - sun.awt.PostEventQueue::flush@87 (line 2064)
                      ; - sun.awt.SunToolkit::flushPendingEvents@15 (line 502)
                      ; - java.awt.EventQueue::postEvent@4 (line 250)
                      ; - sun.awt.PostEventQueue::flush@87 (line 2064)
                      ; - sun.awt.SunToolkit::flushPendingEvents@15 (line 502)
                      ; - java.awt.EventQueue::getNextEvent@4 (line 535)
                      ; - java.awt.EventDispatchThread::pumpOneEventForFilters@20 (line 190)
  0x000001ea719a17bc: 200a a5ff 

  0x000001ea719a17c0: ;   {post_call_nop}
  0x000001ea719a17c0: 0f1f 8400 | 3874 00a5 | ba45 ffff | ff4c 8b54 | 2428 4c89 | 5424 2044 | 8b54 2438 | 458b da44 
  0x000001ea719a17e0: 895c 242c | 4c8b 5424 | 484c 8954 | 2430 4c8b | 5424 584c | 8954 2448 | 448b 5424 | 6044 8954 
  0x000001ea719a1800: ;   {runtime_call UncommonTrapBlob}
  0x000001ea719a1800: 2438 90e8 

  0x000001ea719a1804: ; ImmutableOopMap {rbp=NarrowOop [32]=Oop [44]=NarrowOop [48]=Oop [56]=NarrowOop [60]=NarrowOop [72]=Oop [80]=Oop [100]=NarrowOop [112]=Oop [120]=Oop [128]=NarrowOop }
                      ;*ifnonnull {reexecute=1 rethrow=0 return_oop=0}
                      ; - (reexecute) java.awt.EventQueue::postEventPrivate@43 (line 272)
                      ; - java.awt.EventQueue::postEvent@9 (line 251)
                      ; - sun.awt.PostEventQueue::flush@87 (line 2064)
                      ; - sun.awt.SunToolkit::flushPendingEvents@15 (line 502)
                      ; - java.awt.EventQueue::postEvent@4 (line 250)
                      ; - sun.awt.PostEventQueue::flush@87 (line 2064)
                      ; - sun.awt.SunToolkit::flushPendingEvents@15 (line 502)
                      ; - java.awt.EventQueue::getNextEvent@4 (line 535)
                      ; - java.awt.EventDispatchThread::pumpOneEventForFilters@20 (line 190)
  0x000001ea719a1804: d809 a5ff 

  0x000001ea719a1808: ;   {post_call_nop}
  0x000001ea719a1808: 0f1f 8400 | 8074 00a6 | ba45 ffff | ff4c 8b54 | 2428 4c89 | 5424 2044 | 8b44 2438 | 4489 4424 
  0x000001ea719a1828: 2c4c 8b54 | 2448 4c89 | 5424 304c | 8b54 2450 | 4c89 5424 | 404c 8b54 | 2458 4c89 | 5424 4844 
  0x000001ea719a1848: 8b54 2460 | 4489 5424 | 384c 8b54 | 2470 4c89 | 5424 5844 | 895c 2468 

  0x000001ea719a1860: ;   {runtime_call UncommonTrapBlob}
  0x000001ea719a1860: 6666 90e8 

  0x000001ea719a1864: ; ImmutableOopMap {rbp=NarrowOop [32]=Oop [44]=NarrowOop [48]=Oop [56]=NarrowOop [60]=NarrowOop [64]=Oop [72]=Oop [88]=Oop [104]=NarrowOop [120]=Oop }
                      ;*if_acmpeq {reexecute=1 rethrow=0 return_oop=0}
                      ; - (reexecute) java.util.concurrent.locks.ReentrantLock$Sync::tryRelease@14 (line 175)
                      ; - java.util.concurrent.locks.AbstractQueuedSynchronizer::release@2 (line 1099)
                      ; - java.util.concurrent.locks.ReentrantLock::unlock@5 (line 495)
                      ; - java.awt.EventQueue::postEventPrivate@83 (line 281)
                      ; - java.awt.EventQueue::postEvent@9 (line 251)
                      ; - sun.awt.PostEventQueue::flush@87 (line 2064)
                      ; - sun.awt.SunToolkit::flushPendingEvents@15 (line 502)
                      ; - java.awt.EventQueue::postEvent@4 (line 250)
                      ; - sun.awt.PostEventQueue::flush@87 (line 2064)
                      ; - sun.awt.SunToolkit::flushPendingEvents@15 (line 502)
                      ; - java.awt.EventQueue::getNextEvent@4 (line 535)
                      ; - java.awt.EventDispatchThread::pumpOneEventForFilters@20 (line 190)
  0x000001ea719a1864: 7809 a5ff 

  0x000001ea719a1868: ;   {post_call_nop}
  0x000001ea719a1868: 0f1f 8400 | e074 00a7 | ba45 ffff | ff48 8b6c | 2428 448b | 5c24 3844 | 895c 2424 | 4c8b 5424 
  0x000001ea719a1888: 484c 8954 | 2428 4c8b | 5424 584c | 8954 2440 | 448b 5c24 | 6044 895c | 2438 4c8b | 5424 704c 
  0x000001ea719a18a8: 8954 2448 | 4c8b 5424 | 784c 8954 | 2458 448b | 9424 8000 | 0000 4489 

  0x000001ea719a18c0: ;   {runtime_call UncommonTrapBlob}
  0x000001ea719a18c0: 5424 68e8 

  0x000001ea719a18c4: ; ImmutableOopMap {rbp=Oop [36]=NarrowOop [40]=Oop [56]=NarrowOop [60]=NarrowOop [64]=Oop [72]=Oop [80]=Oop [88]=Oop [100]=NarrowOop [104]=NarrowOop [128]=NarrowOop [168]=Oop }
                      ;*if_icmpne {reexecute=1 rethrow=0 return_oop=0}
                      ; - (reexecute) java.awt.EventQueue::postEvent@32 (line 322)
                      ; - java.awt.EventQueue::postEventPrivate@76 (line 279)
                      ; - java.awt.EventQueue::postEvent@9 (line 251)
                      ; - sun.awt.PostEventQueue::flush@87 (line 2064)
                      ; - sun.awt.SunToolkit::flushPendingEvents@15 (line 502)
                      ; - java.awt.EventQueue::postEvent@4 (line 250)
                      ; - sun.awt.PostEventQueue::flush@87 (line 2064)
                      ; - sun.awt.SunToolkit::flushPendingEvents@15 (line 502)
                      ; - java.awt.EventQueue::getNextEvent@4 (line 535)
                      ; - java.awt.EventDispatchThread::pumpOneEventForFilters@20 (line 190)
  0x000001ea719a18c4: 1809 a5ff 

  0x000001ea719a18c8: ;   {post_call_nop}
  0x000001ea719a18c8: 0f1f 8400 | 4075 00a8 | 498b cb48 | 8d94 24d0 | 0000 004d 

  0x000001ea719a18dc: ;   {runtime_call}
  0x000001ea719a18dc: 8bc7 49ba | a0ea 55e5 | fd7f 0000 

  0x000001ea719a18e8: ;   {post_call_nop}
  0x000001ea719a18e8: 41ff d20f | 1f84 0000 | 0000 00e9 | b68f ffff | ba45 ffff | ff48 8b6c | 2428 448b | 5c24 3844 
  0x000001ea719a1908: 895c 2424 | 4c8b 5424 | 484c 8954 | 2428 4c8b | 5424 504c | 8954 2430 | 4c8b 5424 | 584c 8954 
  0x000001ea719a1928: 2440 448b | 5424 6044 | 8954 2438 | 4c8b 5424 | 704c 8954 | 2448 4c8b | 5424 784c | 8954 2458 
  0x000001ea719a1948: 4c89 4424 | 6844 894c | 2464 894c 

  0x000001ea719a1954: ;   {runtime_call UncommonTrapBlob}
  0x000001ea719a1954: 2470 90e8 

  0x000001ea719a1958: ; ImmutableOopMap {rbp=Oop [36]=NarrowOop [40]=Oop [48]=Oop [56]=NarrowOop [60]=NarrowOop [64]=Oop [72]=Oop [88]=Oop [100]=NarrowOop [104]=Oop [112]=NarrowOop [128]=NarrowOop }
                      ;*if_acmpne {reexecute=1 rethrow=0 return_oop=0}
                      ; - (reexecute) java.util.concurrent.locks.ReentrantLock$Sync::isHeldExclusively@7 (line 187)
                      ; - java.util.concurrent.locks.AbstractQueuedSynchronizer$ConditionObject::signalAll@9 (line 1590)
                      ; - java.awt.EventQueue::postEvent@109 (line 332)
                      ; - java.awt.EventQueue::postEventPrivate@76 (line 279)
                      ; - java.awt.EventQueue::postEvent@9 (line 251)
                      ; - sun.awt.PostEventQueue::flush@87 (line 2064)
                      ; - sun.awt.SunToolkit::flushPendingEvents@15 (line 502)
                      ; - java.awt.EventQueue::postEvent@4 (line 250)
                      ; - sun.awt.PostEventQueue::flush@87 (line 2064)
                      ; - sun.awt.SunToolkit::flushPendingEvents@15 (line 502)
                      ; - java.awt.EventQueue::getNextEvent@4 (line 535)
                      ; - java.awt.EventDispatchThread::pumpOneEventForFilters@20 (line 190)
  0x000001ea719a1958: 8408 a5ff 

  0x000001ea719a195c: ;   {post_call_nop}
  0x000001ea719a195c: 0f1f 8400 | d475 00a9 | 488b cb48 | 8d94 24d0 | 0000 004d 

  0x000001ea719a1970: ;   {runtime_call}
  0x000001ea719a1970: 8bc7 49ba | a0ea 55e5 | fd7f 0000 

  0x000001ea719a197c: ;   {post_call_nop}
  0x000001ea719a197c: 41ff d20f | 1f84 0000 | 0000 00e9 | 7bae ffff | 498b d34c | 8d84 24d0 | 0000 0048 | 8b6c 2428 
  0x000001ea719a199c: ;   {runtime_call C2 Runtime complete_monitor_locking_blob}
  0x000001ea719a199c: 6666 90e8 

  0x000001ea719a19a0: ; ImmutableOopMap {rbp=Oop [40]=Oop [56]=NarrowOop [64]=Oop [72]=Oop [80]=Oop }
                      ;*monitorenter {reexecute=0 rethrow=0 return_oop=0}
                      ; - sun.awt.PostEventQueue::flush@101 (line 2070)
                      ; - sun.awt.SunToolkit::flushPendingEvents@15 (line 502)
                      ; - java.awt.EventQueue::getNextEvent@4 (line 535)
                      ; - java.awt.EventDispatchThread::pumpOneEventForFilters@20 (line 190)
  0x000001ea719a19a0: 3c4b a5ff 

  0x000001ea719a19a4: ;   {post_call_nop}
  0x000001ea719a19a4: 0f1f 8400 | 1c76 00aa | e9bb c6ff | ffba e4ff | ffff 488b | 6c24 2844 | 8b44 2438 | 458b d844 
  0x000001ea719a19c4: 895c 2424 | 4c8b 5c24 | 484c 895c | 2428 4c8b | 5c24 504c | 895c 2430 | 4c8b 5c24 | 584c 895c 
  0x000001ea719a19e4: 2440 448b | 5c24 6044 | 895c 2448 | 4c8b 9c24 | 8000 0000 | 4c89 5424 | 584c 895c 

  0x000001ea719a1a00: ;   {runtime_call UncommonTrapBlob}
  0x000001ea719a1a00: 2468 90e8 

  0x000001ea719a1a04: ; ImmutableOopMap {rbp=Oop [36]=NarrowOop [40]=Oop [48]=Oop [60]=NarrowOop [64]=Oop [72]=NarrowOop [88]=Oop [104]=Oop [128]=Oop }
                      ;*aastore {reexecute=1 rethrow=0 return_oop=0}
                      ; - (reexecute) java.awt.EventQueue::cacheEQItem@58 (line 466)
                      ; - java.awt.EventQueue::postEvent@21 (line 320)
                      ; - java.awt.EventQueue::postEventPrivate@76 (line 279)
                      ; - java.awt.EventQueue::postEvent@9 (line 251)
                      ; - sun.awt.PostEventQueue::flush@87 (line 2064)
                      ; - sun.awt.SunToolkit::flushPendingEvents@15 (line 502)
                      ; - java.awt.EventQueue::getNextEvent@4 (line 535)
                      ; - java.awt.EventDispatchThread::pumpOneEventForFilters@20 (line 190)
  0x000001ea719a1a04: d807 a5ff 

  0x000001ea719a1a08: ;   {post_call_nop}
  0x000001ea719a1a08: 0f1f 8400 | 8076 00ab | ba45 ffff | ff4c 8b54 | 2428 4c89 | 5424 2044 | 8b5c 2438 | 4489 5c24 
  0x000001ea719a1a28: 2c4c 8b54 | 2448 4c89 | 5424 304c | 8b54 2458 | 4c89 5424 | 484c 8954 

  0x000001ea719a1a40: ;   {runtime_call UncommonTrapBlob}
  0x000001ea719a1a40: 2450 90e8 

  0x000001ea719a1a44: ; ImmutableOopMap {[32]=Oop [44]=NarrowOop [48]=Oop [72]=Oop [80]=Oop }
                      ;*ifeq {reexecute=1 rethrow=0 return_oop=0}
                      ; - (reexecute) java.util.concurrent.locks.AbstractQueuedSynchronizer$ConditionNode::isReleasable@14 (line 516)
                      ; - java.util.concurrent.locks.AbstractQueuedSynchronizer$ConditionNode::block@1 (line 520)
                      ; - java.util.concurrent.ForkJoinPool::unmanagedBlock@15 (line 4367)
                      ; - java.util.concurrent.ForkJoinPool::managedBlock@32 (line 4313)
                      ; - java.util.concurrent.locks.AbstractQueuedSynchronizer$ConditionObject::await@107 (line 1752)
                      ; - java.awt.EventQueue::getNextEvent@52 (line 543)
                      ; - java.awt.EventDispatchThread::pumpOneEventForFilters@20 (line 190)
  0x000001ea719a1a44: 9807 a5ff 

  0x000001ea719a1a48: ;   {post_call_nop}
  0x000001ea719a1a48: 0f1f 8400 | c076 00ac | ba45 ffff | ff4c 8b54 | 2428 4c89 | 5424 2044 | 8b54 2438 | 458b da44 
  0x000001ea719a1a68: 895c 242c | 4c8b 5424 | 484c 8954 | 2430 4c8b | 5424 584c | 8954 2448 | 448b 5424 | 6044 8954 
  0x000001ea719a1a88: 2438 448b | 9424 8000 | 0000 4489 

  0x000001ea719a1a94: ;   {runtime_call UncommonTrapBlob}
  0x000001ea719a1a94: 5424 6ce8 

  0x000001ea719a1a98: ; ImmutableOopMap {rbp=NarrowOop [32]=Oop [44]=NarrowOop [48]=Oop [56]=NarrowOop [60]=NarrowOop [72]=Oop [80]=Oop [108]=NarrowOop [112]=Oop [120]=Oop [128]=NarrowOop }
                      ;*if_acmpeq {reexecute=1 rethrow=0 return_oop=0}
                      ; - (reexecute) java.awt.EventQueue::postEvent@92 (line 329)
                      ; - java.awt.EventQueue::postEventPrivate@76 (line 279)
                      ; - java.awt.EventQueue::postEvent@9 (line 251)
                      ; - sun.awt.PostEventQueue::flush@87 (line 2064)
                      ; - sun.awt.SunToolkit::flushPendingEvents@15 (line 502)
                      ; - java.awt.EventQueue::postEvent@4 (line 250)
                      ; - sun.awt.PostEventQueue::flush@87 (line 2064)
                      ; - sun.awt.SunToolkit::flushPendingEvents@15 (line 502)
                      ; - java.awt.EventQueue::getNextEvent@4 (line 535)
                      ; - java.awt.EventDispatchThread::pumpOneEventForFilters@20 (line 190)
  0x000001ea719a1a98: 4407 a5ff 

  0x000001ea719a1a9c: ;   {post_call_nop}
  0x000001ea719a1a9c: 0f1f 8400 | 1477 00ad | ba45 ffff | ff48 8b6c | 2428 448b | 5c24 3844 | 895c 2424 | 4c8b 5424 
  0x000001ea719a1abc: 484c 8954 | 2428 4c8b | 5424 584c | 8954 2440 | 448b 5c24 | 6044 895c | 2438 448b | 9c24 8000 
  0x000001ea719a1adc: 0000 458b | d344 8954 

  0x000001ea719a1ae4: ;   {runtime_call UncommonTrapBlob}
  0x000001ea719a1ae4: 2468 90e8 

  0x000001ea719a1ae8: ; ImmutableOopMap {rbp=Oop [36]=NarrowOop [40]=Oop [56]=NarrowOop [60]=NarrowOop [64]=Oop [80]=Oop [100]=NarrowOop [104]=NarrowOop [112]=Oop [120]=Oop [128]=NarrowOop }
                      ;*ifnonnull {reexecute=1 rethrow=0 return_oop=0}
                      ; - (reexecute) sun.awt.AWTAutoShutdown::notifyThreadBusy@1 (line 167)
                      ; - java.awt.EventQueue::postEvent@102 (line 330)
                      ; - java.awt.EventQueue::postEventPrivate@76 (line 279)
                      ; - java.awt.EventQueue::postEvent@9 (line 251)
                      ; - sun.awt.PostEventQueue::flush@87 (line 2064)
                      ; - sun.awt.SunToolkit::flushPendingEvents@15 (line 502)
                      ; - java.awt.EventQueue::postEvent@4 (line 250)
                      ; - sun.awt.PostEventQueue::flush@87 (line 2064)
                      ; - sun.awt.SunToolkit::flushPendingEvents@15 (line 502)
                      ; - java.awt.EventQueue::getNextEvent@4 (line 535)
                      ; - java.awt.EventDispatchThread::pumpOneEventForFilters@20 (line 190)
  0x000001ea719a1ae8: f406 a5ff 

  0x000001ea719a1aec: ;   {post_call_nop}
  0x000001ea719a1aec: 0f1f 8400 | 6477 00ae | ba45 ffff | ff4c 8b54 | 2428 4c89 | 5424 2044 | 8b54 2438 | 458b da44 
  0x000001ea719a1b0c: 895c 242c | 4c8b 5424 | 484c 8954 | 2430 4c8b | 5424 584c | 8954 2448 | 448b 5424 | 6044 8954 
  0x000001ea719a1b2c: 2438 4c8b | 5424 704c | 8954 2458 | 4c8b 5424 | 784c 8954 | 2468 448b | 9424 8000 | 0000 4489 
  0x000001ea719a1b4c: 5424 7044 | 8b94 2484 | 0000 0044 | 8b9c 2498 | 0000 0044 | 8954 247c | 4489 9c24 | 8000 0000 
  0x000001ea719a1b6c: ;   {runtime_call UncommonTrapBlob}
  0x000001ea719a1b6c: 6666 90e8 

  0x000001ea719a1b70: ; ImmutableOopMap {rbp=NarrowOop [32]=Oop [44]=NarrowOop [48]=Oop [56]=NarrowOop [60]=NarrowOop [72]=Oop [80]=Oop [88]=Oop [100]=NarrowOop [104]=Oop [112]=NarrowOop [124]=NarrowOop [128]=NarrowOop [132]=NarrowOop [152]=NarrowOop }
                      ;*ifnonnull {reexecute=1 rethrow=0 return_oop=0}
                      ; - (reexecute) sun.awt.AWTAutoShutdown::notifyThreadBusy@23 (line 172)
                      ; - java.awt.EventQueue::postEvent@102 (line 330)
                      ; - java.awt.EventQueue::postEventPrivate@76 (line 279)
                      ; - java.awt.EventQueue::postEvent@9 (line 251)
                      ; - sun.awt.PostEventQueue::flush@87 (line 2064)
                      ; - sun.awt.SunToolkit::flushPendingEvents@15 (line 502)
                      ; - java.awt.EventQueue::postEvent@4 (line 250)
                      ; - sun.awt.PostEventQueue::flush@87 (line 2064)
                      ; - sun.awt.SunToolkit::flushPendingEvents@15 (line 502)
                      ; - java.awt.EventQueue::getNextEvent@4 (line 535)
                      ; - java.awt.EventDispatchThread::pumpOneEventForFilters@20 (line 190)
  0x000001ea719a1b70: 6c06 a5ff 

  0x000001ea719a1b74: ;   {post_call_nop}
  0x000001ea719a1b74: 0f1f 8400 | ec77 00af | ba45 ffff | ff4c 8b54 | 2428 4c89 | 5424 2044 | 8b5c 2438 | 4489 5c24 
  0x000001ea719a1b94: 2c4c 8b54 | 2448 4c89 | 5424 304c | 8b54 2458 | 4c89 5424 | 4844 8b5c | 2460 4489 | 5c24 384c 
  0x000001ea719a1bb4: 8b54 2470 | 4c89 5424 | 604c 8954 

  0x000001ea719a1bc0: ;   {runtime_call UncommonTrapBlob}
  0x000001ea719a1bc0: 2468 90e8 

  0x000001ea719a1bc4: ; ImmutableOopMap {rbp=NarrowOop [32]=Oop [44]=NarrowOop [48]=Oop [56]=NarrowOop [60]=NarrowOop [72]=Oop [80]=Oop [96]=Oop [104]=Oop }
                      ;*ifnull {reexecute=1 rethrow=0 return_oop=0}
                      ; - (reexecute) sun.awt.PostEventQueue::flush@23 (line 2049)
                      ; - sun.awt.SunToolkit::flushPendingEvents@15 (line 502)
                      ; - java.awt.EventQueue::postEvent@4 (line 250)
                      ; - sun.awt.PostEventQueue::flush@87 (line 2064)
                      ; - sun.awt.SunToolkit::flushPendingEvents@15 (line 502)
                      ; - java.awt.EventQueue::getNextEvent@4 (line 535)
                      ; - java.awt.EventDispatchThread::pumpOneEventForFilters@20 (line 190)
  0x000001ea719a1bc4: 1806 a5ff 

  0x000001ea719a1bc8: ;   {post_call_nop}
  0x000001ea719a1bc8: 0f1f 8400 | 4078 00b0 | 33ed 4585 | db40 0f94 | c5ba 45ff | ffff 4c8b | 5424 284c | 8954 2420 
  0x000001ea719a1be8: 448b 5424 | 3845 8bda | 4489 5c24 | 2c4c 8b54 | 2448 4c89 | 5424 304c | 8b54 2458 | 4c89 5424 
  0x000001ea719a1c08: 4844 8b54 | 2460 4489 | 5424 384c | 8b54 2470 | 4c89 5424 | 584c 8b54 | 2478 4c89 | 5424 6844 
  0x000001ea719a1c28: 8b94 2480 | 0000 0044 | 8954 2470 | 448b 9424 | 8400 0000 | 448b 9c24 | 9800 0000 | 4489 5424 
  0x000001ea719a1c48: 7c44 899c | 2480 0000 

  0x000001ea719a1c50: ;   {runtime_call UncommonTrapBlob}
  0x000001ea719a1c50: 0066 90e8 

  0x000001ea719a1c54: ; ImmutableOopMap {[32]=Oop [44]=NarrowOop [48]=Oop [56]=NarrowOop [60]=NarrowOop [72]=Oop [80]=Oop [88]=Oop [100]=NarrowOop [104]=Oop [112]=NarrowOop [124]=NarrowOop [128]=NarrowOop [132]=NarrowOop [152]=NarrowOop }
                      ;*ifeq {reexecute=1 rethrow=0 return_oop=0}
                      ; - (reexecute) sun.awt.AWTAutoShutdown::isReadyToShutdown@16 (line 236)
                      ; - sun.awt.AWTAutoShutdown::notifyThreadBusy@34 (line 174)
                      ; - java.awt.EventQueue::postEvent@102 (line 330)
                      ; - java.awt.EventQueue::postEventPrivate@76 (line 279)
                      ; - java.awt.EventQueue::postEvent@9 (line 251)
                      ; - sun.awt.PostEventQueue::flush@87 (line 2064)
                      ; - sun.awt.SunToolkit::flushPendingEvents@15 (line 502)
                      ; - java.awt.EventQueue::postEvent@4 (line 250)
                      ; - sun.awt.PostEventQueue::flush@87 (line 2064)
                      ; - sun.awt.SunToolkit::flushPendingEvents@15 (line 502)
                      ; - java.awt.EventQueue::getNextEvent@4 (line 535)
                      ; - java.awt.EventDispatchThread::pumpOneEventForFilters@20 (line 190)
  0x000001ea719a1c54: 8805 a5ff 

  0x000001ea719a1c58: ;   {post_call_nop}
  0x000001ea719a1c58: 0f1f 8400 | d078 00b1 | ba45 ffff | ff4c 8b54 | 2428 4c89 | 5424 2044 | 8b54 2438 | 4489 5424 
  0x000001ea719a1c78: 2c4c 8b54 | 2448 4c89 

  0x000001ea719a1c80: ;   {runtime_call UncommonTrapBlob}
  0x000001ea719a1c80: 5424 30e8 

  0x000001ea719a1c84: ; ImmutableOopMap {rbp=NarrowOop [32]=Oop [44]=NarrowOop [48]=Oop [80]=Oop }
                      ;*ifnull {reexecute=1 rethrow=0 return_oop=0}
                      ; - (reexecute) sun.awt.PostEventQueue::flush@23 (line 2049)
                      ; - sun.awt.SunToolkit::flushPendingEvents@15 (line 502)
                      ; - java.awt.EventQueue::getNextEvent@4 (line 535)
                      ; - java.awt.EventDispatchThread::pumpOneEventForFilters@20 (line 190)
  0x000001ea719a1c84: 5805 a5ff 

  0x000001ea719a1c88: ;   {post_call_nop}
  0x000001ea719a1c88: 0f1f 8400 | 0079 00b2 | 498b cb48 | 8d94 24d0 | 0000 004d 

  0x000001ea719a1c9c: ;   {runtime_call}
  0x000001ea719a1c9c: 8bc7 49ba | a0ea 55e5 | fd7f 0000 

  0x000001ea719a1ca8: ;   {post_call_nop}
  0x000001ea719a1ca8: 41ff d20f | 1f84 0000 | 0000 00e9 | 05c3 ffff | 488b cf48 | 8d94 24d0 | 0000 004d 

  0x000001ea719a1cc4: ;   {runtime_call}
  0x000001ea719a1cc4: 8bc7 49ba | a0ea 55e5 | fd7f 0000 

  0x000001ea719a1cd0: ;   {post_call_nop}
  0x000001ea719a1cd0: 41ff d20f | 1f84 0000 | 0000 00e9 | 71c7 ffff | 498b d34c | 8d84 24d0 | 0000 0048 | 8b6c 2428 
  0x000001ea719a1cf0: ;   {runtime_call C2 Runtime complete_monitor_locking_blob}
  0x000001ea719a1cf0: 6666 90e8 

  0x000001ea719a1cf4: ; ImmutableOopMap {rbp=Oop [40]=Oop [56]=NarrowOop [60]=NarrowOop [64]=Oop [72]=Oop [80]=Oop [88]=NarrowOop [96]=Oop [104]=Oop [112]=Oop }
                      ;*monitorenter {reexecute=0 rethrow=0 return_oop=0}
                      ; - sun.awt.PostEventQueue::flush@101 (line 2070)
                      ; - sun.awt.SunToolkit::flushPendingEvents@15 (line 502)
                      ; - java.awt.EventQueue::postEvent@4 (line 250)
                      ; - sun.awt.PostEventQueue::flush@87 (line 2064)
                      ; - sun.awt.SunToolkit::flushPendingEvents@15 (line 502)
                      ; - java.awt.EventQueue::getNextEvent@4 (line 535)
                      ; - java.awt.EventDispatchThread::pumpOneEventForFilters@20 (line 190)
  0x000001ea719a1cf4: e847 a5ff 

  0x000001ea719a1cf8: ;   {post_call_nop}
  0x000001ea719a1cf8: 0f1f 8400 | 7079 00b3 | e91b c1ff | ffba e4ff | ffff 488b | 6c24 2844 | 8b54 2438 | 458b da44 
  0x000001ea719a1d18: 895c 2424 | 4c8b 5424 | 484c 8954 | 2428 4c8b | 5424 584c | 8954 2440 | 448b 5c24 | 6044 895c 
  0x000001ea719a1d38: 2438 4c8b | 5424 704c | 8954 2448 | 4c8b 5424 | 784c 8954 | 2458 448b | 9424 8000 | 0000 4489 
  0x000001ea719a1d58: 5424 684c | 8b94 24a8 | 0000 004c | 8954 2470 | 4c89 4424 

  0x000001ea719a1d6c: ;   {runtime_call UncommonTrapBlob}
  0x000001ea719a1d6c: 7866 90e8 

  0x000001ea719a1d70: ; ImmutableOopMap {rbp=Oop [36]=NarrowOop [40]=Oop [56]=NarrowOop [60]=NarrowOop [64]=Oop [72]=Oop [80]=Oop [88]=Oop [100]=NarrowOop [104]=NarrowOop [112]=Oop [120]=Oop }
                      ;*aastore {reexecute=1 rethrow=0 return_oop=0}
                      ; - (reexecute) java.awt.EventQueue::cacheEQItem@58 (line 466)
                      ; - java.awt.EventQueue::postEvent@21 (line 320)
                      ; - java.awt.EventQueue::postEventPrivate@76 (line 279)
                      ; - java.awt.EventQueue::postEvent@9 (line 251)
                      ; - sun.awt.PostEventQueue::flush@87 (line 2064)
                      ; - sun.awt.SunToolkit::flushPendingEvents@15 (line 502)
                      ; - java.awt.EventQueue::postEvent@4 (line 250)
                      ; - sun.awt.PostEventQueue::flush@87 (line 2064)
                      ; - sun.awt.SunToolkit::flushPendingEvents@15 (line 502)
                      ; - java.awt.EventQueue::getNextEvent@4 (line 535)
                      ; - java.awt.EventDispatchThread::pumpOneEventForFilters@20 (line 190)
  0x000001ea719a1d70: 6c04 a5ff 

  0x000001ea719a1d74: ;   {post_call_nop}
  0x000001ea719a1d74: 0f1f 8400 | ec79 00b4 | ba45 ffff | ff4c 8b54 | 2428 4c89 | 5424 2044 | 8b5c 2438 | 4489 5c24 
  0x000001ea719a1d94: 2c4c 8b54 | 2448 4c89 | 5424 304c | 8b54 2468 | 4c89 5424 | 4844 8b5c | 243c 4489 | 5c24 3844 
  0x000001ea719a1db4: 8b54 2458 | 4489 5424 | 3c44 8b5c | 245c 4489 

  0x000001ea719a1dc4: ;   {runtime_call UncommonTrapBlob}
  0x000001ea719a1dc4: 5c24 58e8 

  0x000001ea719a1dc8: ; ImmutableOopMap {rbp=NarrowOop [32]=Oop [44]=NarrowOop [48]=Oop [56]=NarrowOop [60]=NarrowOop [72]=Oop [80]=Oop [88]=NarrowOop [112]=Oop [120]=Oop [128]=NarrowOop }
                      ;*ifnull {reexecute=1 rethrow=0 return_oop=0}
                      ; - (reexecute) java.awt.EventQueue::postEventPrivate@18 (line 267)
                      ; - java.awt.EventQueue::postEvent@9 (line 251)
                      ; - sun.awt.PostEventQueue::flush@87 (line 2064)
                      ; - sun.awt.SunToolkit::flushPendingEvents@15 (line 502)
                      ; - java.awt.EventQueue::postEvent@4 (line 250)
                      ; - sun.awt.PostEventQueue::flush@87 (line 2064)
                      ; - sun.awt.SunToolkit::flushPendingEvents@15 (line 502)
                      ; - java.awt.EventQueue::getNextEvent@4 (line 535)
                      ; - java.awt.EventDispatchThread::pumpOneEventForFilters@20 (line 190)
  0x000001ea719a1dc8: 1404 a5ff 

  0x000001ea719a1dcc: ;   {post_call_nop}
  0x000001ea719a1dcc: 0f1f 8400 | 447a 00b5 | ba45 ffff | ff4c 8b54 | 2428 4c89 | 5424 2044 | 8b54 2438 | 4489 5424 
  0x000001ea719a1dec: 2c4c 8b54 | 2448 4c89 | 5424 304c | 8b54 2468 | 4c89 5424 | 4844 8b54 | 243c 4489 | 5424 3844 
  0x000001ea719a1e0c: 8b54 2458 | 4489 5424 | 3c44 8b5c | 245c 4489 

  0x000001ea719a1e1c: ;   {runtime_call UncommonTrapBlob}
  0x000001ea719a1e1c: 5c24 58e8 

  0x000001ea719a1e20: ; ImmutableOopMap {rbp=NarrowOop [32]=Oop [44]=NarrowOop [48]=Oop [56]=NarrowOop [60]=NarrowOop [72]=Oop [80]=Oop [88]=NarrowOop [112]=Oop [120]=Oop [128]=NarrowOop }
                      ;*ifnonnull {reexecute=1 rethrow=0 return_oop=0}
                      ; - (reexecute) java.awt.EventQueue::postEventPrivate@43 (line 272)
                      ; - java.awt.EventQueue::postEvent@9 (line 251)
                      ; - sun.awt.PostEventQueue::flush@87 (line 2064)
                      ; - sun.awt.SunToolkit::flushPendingEvents@15 (line 502)
                      ; - java.awt.EventQueue::postEvent@4 (line 250)
                      ; - sun.awt.PostEventQueue::flush@87 (line 2064)
                      ; - sun.awt.SunToolkit::flushPendingEvents@15 (line 502)
                      ; - java.awt.EventQueue::getNextEvent@4 (line 535)
                      ; - java.awt.EventDispatchThread::pumpOneEventForFilters@20 (line 190)
  0x000001ea719a1e20: bc03 a5ff 

  0x000001ea719a1e24: ;   {post_call_nop}
  0x000001ea719a1e24: 0f1f 8400 | 9c7a 00b6 | ba45 ffff | ff48 8b6c | 2428 448b | 5c24 3844 | 895c 2424 | 4c8b 5424 
  0x000001ea719a1e44: 484c 8954 | 2428 4c8b | 5424 684c | 8954 2440 | 448b 5c24 | 3c44 895c | 2438 448b | 5424 5844 
  0x000001ea719a1e64: 8954 243c | 4c8b 5424 | 704c 8954 | 2448 4c8b | 5424 784c | 8954 2460 

  0x000001ea719a1e7c: ;   {runtime_call UncommonTrapBlob}
  0x000001ea719a1e7c: 6666 90e8 

  0x000001ea719a1e80: ; ImmutableOopMap {rbp=Oop [36]=NarrowOop [40]=Oop [56]=NarrowOop [60]=NarrowOop [64]=Oop [72]=Oop [80]=Oop [92]=NarrowOop [96]=Oop [128]=NarrowOop [168]=Oop }
                      ;*if_icmpne {reexecute=1 rethrow=0 return_oop=0}
                      ; - (reexecute) java.awt.EventQueue::postEvent@32 (line 322)
                      ; - java.awt.EventQueue::postEventPrivate@76 (line 279)
                      ; - java.awt.EventQueue::postEvent@9 (line 251)
                      ; - sun.awt.PostEventQueue::flush@87 (line 2064)
                      ; - sun.awt.SunToolkit::flushPendingEvents@15 (line 502)
                      ; - java.awt.EventQueue::postEvent@4 (line 250)
                      ; - sun.awt.PostEventQueue::flush@87 (line 2064)
                      ; - sun.awt.SunToolkit::flushPendingEvents@15 (line 502)
                      ; - java.awt.EventQueue::getNextEvent@4 (line 535)
                      ; - java.awt.EventDispatchThread::pumpOneEventForFilters@20 (line 190)
  0x000001ea719a1e80: 5c03 a5ff 

  0x000001ea719a1e84: ;   {post_call_nop}
  0x000001ea719a1e84: 0f1f 8400 | fc7a 00b7 | ba45 ffff | ff4c 8b54 | 2428 4c89 | 5424 2044 | 8b5c 2438 | 4489 5c24 
  0x000001ea719a1ea4: 2c4c 8b54 | 2458 4c89 

  0x000001ea719a1eac: ;   {runtime_call UncommonTrapBlob}
  0x000001ea719a1eac: 5424 50e8 

  0x000001ea719a1eb0: ; ImmutableOopMap {rbp=NarrowOop [32]=Oop [44]=NarrowOop [72]=Oop [80]=Oop [88]=Oop }
                      ;*if_acmpeq {reexecute=1 rethrow=0 return_oop=0}
                      ; - (reexecute) java.util.concurrent.locks.AbstractQueuedSynchronizer$ConditionObject::canReacquire@18 (line 1631)
                      ; - java.util.concurrent.locks.AbstractQueuedSynchronizer$ConditionObject::await@44 (line 1743)
                      ; - java.awt.EventQueue::getNextEvent@52 (line 543)
                      ; - java.awt.EventDispatchThread::pumpOneEventForFilters@20 (line 190)
  0x000001ea719a1eb0: 2c03 a5ff 

  0x000001ea719a1eb4: ;   {post_call_nop}
  0x000001ea719a1eb4: 0f1f 8400 | 2c7b 00b8 | ba45 ffff | ff48 8b6c | 2428 448b | 5c24 3844 | 895c 2424 | 4c8b 5c24 
  0x000001ea719a1ed4: 484c 895c | 2428 4c8b | 5c24 504c | 895c 2430 | 4c8b 5c24 | 684c 895c | 2440 448b | 5c24 3c44 
  0x000001ea719a1ef4: 895c 2438 | 448b 4424 | 5844 8944 | 243c 4c8b | 5c24 704c | 895c 2448 | 4c8b 5c24 | 784c 895c 
  0x000001ea719a1f14: 2460 448b | 5c24 5c44 | 895c 2458 | 4489 5424 

  0x000001ea719a1f24: ;   {runtime_call UncommonTrapBlob}
  0x000001ea719a1f24: 7066 90e8 

  0x000001ea719a1f28: ; ImmutableOopMap {rbp=Oop [36]=NarrowOop [40]=Oop [48]=Oop [56]=NarrowOop [60]=NarrowOop [64]=Oop [72]=Oop [88]=NarrowOop [96]=Oop [112]=NarrowOop [128]=Oop [144]=NarrowOop }
                      ;*if_acmpne {reexecute=1 rethrow=0 return_oop=0}
                      ; - (reexecute) java.util.concurrent.locks.ReentrantLock$Sync::isHeldExclusively@7 (line 187)
                      ; - java.util.concurrent.locks.AbstractQueuedSynchronizer$ConditionObject::signalAll@9 (line 1590)
                      ; - java.awt.EventQueue::postEvent@109 (line 332)
                      ; - java.awt.EventQueue::postEventPrivate@76 (line 279)
                      ; - java.awt.EventQueue::postEvent@9 (line 251)
                      ; - sun.awt.PostEventQueue::flush@87 (line 2064)
                      ; - sun.awt.SunToolkit::flushPendingEvents@15 (line 502)
                      ; - java.awt.EventQueue::postEvent@4 (line 250)
                      ; - sun.awt.PostEventQueue::flush@87 (line 2064)
                      ; - sun.awt.SunToolkit::flushPendingEvents@15 (line 502)
                      ; - java.awt.EventQueue::getNextEvent@4 (line 535)
                      ; - java.awt.EventDispatchThread::pumpOneEventForFilters@20 (line 190)
  0x000001ea719a1f28: b402 a5ff 

  0x000001ea719a1f2c: ;   {post_call_nop}
  0x000001ea719a1f2c: 0f1f 8400 | a47b 00b9 | ba45 ffff | ff4c 8b54 | 2428 4c89 | 5424 2044 | 8b54 2438 | 4489 5424 
  0x000001ea719a1f4c: 2c4c 8b54 | 2448 4c89 | 5424 304c | 8b54 2468 | 4c89 5424 | 4844 8b54 | 243c 4489 | 5424 3844 
  0x000001ea719a1f6c: 8b54 2458 | 4489 5424 

  0x000001ea719a1f74: ;   {runtime_call UncommonTrapBlob}
  0x000001ea719a1f74: 3c66 90e8 

  0x000001ea719a1f78: ; ImmutableOopMap {rbp=NarrowOop [32]=Oop [44]=NarrowOop [48]=Oop [56]=NarrowOop [60]=NarrowOop [72]=Oop [80]=Oop [92]=NarrowOop [112]=Oop [120]=Oop }
                      ;*if_acmpeq {reexecute=1 rethrow=0 return_oop=0}
                      ; - (reexecute) java.awt.EventQueue::postEvent@92 (line 329)
                      ; - java.awt.EventQueue::postEventPrivate@76 (line 279)
                      ; - java.awt.EventQueue::postEvent@9 (line 251)
                      ; - sun.awt.PostEventQueue::flush@87 (line 2064)
                      ; - sun.awt.SunToolkit::flushPendingEvents@15 (line 502)
                      ; - java.awt.EventQueue::postEvent@4 (line 250)
                      ; - sun.awt.PostEventQueue::flush@87 (line 2064)
                      ; - sun.awt.SunToolkit::flushPendingEvents@15 (line 502)
                      ; - java.awt.EventQueue::getNextEvent@4 (line 535)
                      ; - java.awt.EventDispatchThread::pumpOneEventForFilters@20 (line 190)
  0x000001ea719a1f78: 6402 a5ff 

  0x000001ea719a1f7c: ;   {post_call_nop}
  0x000001ea719a1f7c: 0f1f 8400 | f47b 00ba | ba45 ffff | ff48 8b6c | 2428 448b | 5424 3844 | 8954 2424 | 4c8b 5424 
  0x000001ea719a1f9c: 484c 8954 | 2428 4c8b | 5424 684c | 8954 2440 | 448b 5424 | 3c44 8954 | 2438 448b | 5c24 5844 
  0x000001ea719a1fbc: 895c 243c | 448b 9424 | 8000 0000 | 458b da44 | 895c 246c 

  0x000001ea719a1fd0: ;   {runtime_call UncommonTrapBlob}
  0x000001ea719a1fd0: 6666 90e8 

  0x000001ea719a1fd4: ; ImmutableOopMap {rbp=Oop [36]=NarrowOop [40]=Oop [56]=NarrowOop [60]=NarrowOop [64]=Oop [80]=Oop [92]=NarrowOop [108]=NarrowOop [112]=Oop [120]=Oop [128]=NarrowOop }
                      ;*ifnonnull {reexecute=1 rethrow=0 return_oop=0}
                      ; - (reexecute) sun.awt.AWTAutoShutdown::notifyThreadBusy@1 (line 167)
                      ; - java.awt.EventQueue::postEvent@102 (line 330)
                      ; - java.awt.EventQueue::postEventPrivate@76 (line 279)
                      ; - java.awt.EventQueue::postEvent@9 (line 251)
                      ; - sun.awt.PostEventQueue::flush@87 (line 2064)
                      ; - sun.awt.SunToolkit::flushPendingEvents@15 (line 502)
                      ; - java.awt.EventQueue::postEvent@4 (line 250)
                      ; - sun.awt.PostEventQueue::flush@87 (line 2064)
                      ; - sun.awt.SunToolkit::flushPendingEvents@15 (line 502)
                      ; - java.awt.EventQueue::getNextEvent@4 (line 535)
                      ; - java.awt.EventDispatchThread::pumpOneEventForFilters@20 (line 190)
  0x000001ea719a1fd4: 0802 a5ff 

  0x000001ea719a1fd8: ;   {post_call_nop}
  0x000001ea719a1fd8: 0f1f 8400 | 507c 00bb | ba45 ffff | ff4c 8b54 | 2428 4c89 | 5424 2044 | 8b5c 2438 | 4489 5c24 
  0x000001ea719a1ff8: 2c4c 8b54 | 2448 4c89 | 5424 304c | 8b54 2468 | 4c89 5424 | 4844 8b5c | 243c 4489 | 5c24 3844 
  0x000001ea719a2018: 8b5c 2458 | 4489 5c24 | 3c4c 8b54 | 2470 4c89 | 5424 604c | 8b54 2478 | 4c89 5424 | 6844 8b9c 
  0x000001ea719a2038: 2480 0000 | 0044 895c | 2470 448b | 9424 8400 | 0000 448b | 9c24 9800 | 0000 4489 | 5424 7c44 
  0x000001ea719a2058: 899c 2480 

  0x000001ea719a205c: ;   {runtime_call UncommonTrapBlob}
  0x000001ea719a205c: 0000 00e8 

  0x000001ea719a2060: ; ImmutableOopMap {rbp=NarrowOop [32]=Oop [44]=NarrowOop [48]=Oop [56]=NarrowOop [60]=NarrowOop [72]=Oop [80]=Oop [92]=NarrowOop [96]=Oop [104]=Oop [112]=NarrowOop [124]=NarrowOop [128]=NarrowOop [132]=NarrowOop [152]=NarrowOop }
                      ;*ifnonnull {reexecute=1 rethrow=0 return_oop=0}
                      ; - (reexecute) sun.awt.AWTAutoShutdown::notifyThreadBusy@23 (line 172)
                      ; - java.awt.EventQueue::postEvent@102 (line 330)
                      ; - java.awt.EventQueue::postEventPrivate@76 (line 279)
                      ; - java.awt.EventQueue::postEvent@9 (line 251)
                      ; - sun.awt.PostEventQueue::flush@87 (line 2064)
                      ; - sun.awt.SunToolkit::flushPendingEvents@15 (line 502)
                      ; - java.awt.EventQueue::postEvent@4 (line 250)
                      ; - sun.awt.PostEventQueue::flush@87 (line 2064)
                      ; - sun.awt.SunToolkit::flushPendingEvents@15 (line 502)
                      ; - java.awt.EventQueue::getNextEvent@4 (line 535)
                      ; - java.awt.EventDispatchThread::pumpOneEventForFilters@20 (line 190)
  0x000001ea719a2060: 7c01 a5ff 

  0x000001ea719a2064: ;   {post_call_nop}
  0x000001ea719a2064: 0f1f 8400 | dc7c 00bc | ba45 ffff | ff4c 8b54 | 2428 4c89 | 5424 2044 | 8b5c 2438 | 4489 5c24 
  0x000001ea719a2084: 2c4c 8b54 | 2448 4c89 | 5424 304c | 8b54 2468 | 4c89 5424 | 4844 8b5c | 243c 4489 | 5c24 3844 
  0x000001ea719a20a4: 8b54 2458 | 4489 5424 | 3c4c 8b54 | 2470 4c89 | 5424 604c | 8954 2468 

  0x000001ea719a20bc: ;   {runtime_call UncommonTrapBlob}
  0x000001ea719a20bc: 6666 90e8 

  0x000001ea719a20c0: ; ImmutableOopMap {rbp=NarrowOop [32]=Oop [44]=NarrowOop [48]=Oop [56]=NarrowOop [60]=NarrowOop [72]=Oop [80]=Oop [96]=Oop [104]=Oop }
                      ;*ifnull {reexecute=1 rethrow=0 return_oop=0}
                      ; - (reexecute) sun.awt.PostEventQueue::flush@23 (line 2049)
                      ; - sun.awt.SunToolkit::flushPendingEvents@15 (line 502)
                      ; - java.awt.EventQueue::postEvent@4 (line 250)
                      ; - sun.awt.PostEventQueue::flush@87 (line 2064)
                      ; - sun.awt.SunToolkit::flushPendingEvents@15 (line 502)
                      ; - java.awt.EventQueue::getNextEvent@4 (line 535)
                      ; - java.awt.EventDispatchThread::pumpOneEventForFilters@20 (line 190)
  0x000001ea719a20c0: 1c01 a5ff 

  0x000001ea719a20c4: ;   {post_call_nop}
  0x000001ea719a20c4: 0f1f 8400 | 3c7d 00bd | 33ed 4585 | d240 0f94 | c5ba 45ff | ffff 4c8b | 5424 284c | 8954 2420 
  0x000001ea719a20e4: 448b 5424 | 3844 8954 | 242c 4c8b | 5424 484c | 8954 2430 | 4c8b 5424 | 684c 8954 | 2448 448b 
  0x000001ea719a2104: 5424 3c44 | 8954 2438 | 448b 5c24 | 5844 895c | 243c 4c8b | 5424 704c | 8954 2460 | 4c8b 5424 
  0x000001ea719a2124: 784c 8954 | 2468 448b | 9c24 8000 | 0000 4489 | 5c24 7044 | 8b94 2484 | 0000 0044 | 8b9c 2498 
  0x000001ea719a2144: 0000 0044 | 8954 247c | 4489 9c24 | 8000 0000 

  0x000001ea719a2154: ;   {runtime_call UncommonTrapBlob}
  0x000001ea719a2154: 6666 90e8 

  0x000001ea719a2158: ; ImmutableOopMap {[32]=Oop [44]=NarrowOop [48]=Oop [56]=NarrowOop [60]=NarrowOop [72]=Oop [80]=Oop [92]=NarrowOop [96]=Oop [104]=Oop [112]=NarrowOop [124]=NarrowOop [128]=NarrowOop [132]=NarrowOop [152]=NarrowOop }
                      ;*ifeq {reexecute=1 rethrow=0 return_oop=0}
                      ; - (reexecute) sun.awt.AWTAutoShutdown::isReadyToShutdown@16 (line 236)
                      ; - sun.awt.AWTAutoShutdown::notifyThreadBusy@34 (line 174)
                      ; - java.awt.EventQueue::postEvent@102 (line 330)
                      ; - java.awt.EventQueue::postEventPrivate@76 (line 279)
                      ; - java.awt.EventQueue::postEvent@9 (line 251)
                      ; - sun.awt.PostEventQueue::flush@87 (line 2064)
                      ; - sun.awt.SunToolkit::flushPendingEvents@15 (line 502)
                      ; - java.awt.EventQueue::postEvent@4 (line 250)
                      ; - sun.awt.PostEventQueue::flush@87 (line 2064)
                      ; - sun.awt.SunToolkit::flushPendingEvents@15 (line 502)
                      ; - java.awt.EventQueue::getNextEvent@4 (line 535)
                      ; - java.awt.EventDispatchThread::pumpOneEventForFilters@20 (line 190)
  0x000001ea719a2158: 8400 a5ff 

  0x000001ea719a215c: ;   {post_call_nop}
  0x000001ea719a215c: 0f1f 8400 | d47d 00be | bae4 ffff | ff48 8b6c | 2428 448b | 5424 3844 | 8954 2424 | 4c8b 5424 
  0x000001ea719a217c: 484c 8954 | 2428 4c8b | 5424 684c | 8954 2440 | 448b 5c24 | 3c44 895c | 2438 448b | 5424 5844 
  0x000001ea719a219c: 8954 243c | 4c8b 5424 | 704c 8954 | 2448 4c8b | 5424 784c | 8954 2460 | 448b 9424 | 8000 0000 
  0x000001ea719a21bc: 4489 5424 | 684c 8b94 | 24a8 0000 | 004c 8944 | 2478 4c89 | 9424 8800 

  0x000001ea719a21d4: ;   {runtime_call UncommonTrapBlob}
  0x000001ea719a21d4: 0000 90e8 

  0x000001ea719a21d8: ; ImmutableOopMap {rbp=Oop [36]=NarrowOop [40]=Oop [56]=NarrowOop [60]=NarrowOop [64]=Oop [72]=Oop [80]=Oop [92]=NarrowOop [96]=Oop [104]=NarrowOop [120]=Oop [136]=Oop [168]=Oop }
                      ;*aastore {reexecute=1 rethrow=0 return_oop=0}
                      ; - (reexecute) java.awt.EventQueue::cacheEQItem@58 (line 466)
                      ; - java.awt.EventQueue::postEvent@21 (line 320)
                      ; - java.awt.EventQueue::postEventPrivate@76 (line 279)
                      ; - java.awt.EventQueue::postEvent@9 (line 251)
                      ; - sun.awt.PostEventQueue::flush@87 (line 2064)
                      ; - sun.awt.SunToolkit::flushPendingEvents@15 (line 502)
                      ; - java.awt.EventQueue::postEvent@4 (line 250)
                      ; - sun.awt.PostEventQueue::flush@87 (line 2064)
                      ; - sun.awt.SunToolkit::flushPendingEvents@15 (line 502)
                      ; - java.awt.EventQueue::getNextEvent@4 (line 535)
                      ; - java.awt.EventDispatchThread::pumpOneEventForFilters@20 (line 190)
  0x000001ea719a21d8: 0400 a5ff 

  0x000001ea719a21dc: ;   {post_call_nop}
  0x000001ea719a21dc: 0f1f 8400 | 547e 00bf | ba45 ffff | ff4c 8b54 | 2428 4c89 | 5424 2044 | 8b54 2438 | 458b da44 
  0x000001ea719a21fc: 895c 242c | 4c8b 5424 | 484c 8954 | 2430 4c8b | 5424 504c | 8954 2438 | 4c89 4c24 | 5089 4c24 
  0x000001ea719a221c: ;   {runtime_call UncommonTrapBlob}
  0x000001ea719a221c: 4c66 90e8 

  0x000001ea719a2220: ; ImmutableOopMap {rbp=NarrowOop [32]=Oop [44]=NarrowOop [48]=Oop [56]=Oop [76]=NarrowOop [80]=Oop [88]=Oop [96]=NarrowOop }
                      ;*ifnonnull {reexecute=1 rethrow=0 return_oop=0}
                      ; - (reexecute) java.util.concurrent.locks.AbstractQueuedSynchronizer$ConditionObject::doSignal@15 (line 1550)
                      ; - java.util.concurrent.locks.AbstractQueuedSynchronizer$ConditionObject::signalAll@30 (line 1593)
                      ; - java.awt.EventQueue::postEvent@109 (line 332)
                      ; - java.awt.EventQueue::postEventPrivate@76 (line 279)
                      ; - java.awt.EventQueue::postEvent@9 (line 251)
                      ; - sun.awt.PostEventQueue::flush@87 (line 2064)
                      ; - sun.awt.SunToolkit::flushPendingEvents@15 (line 502)
                      ; - java.awt.EventQueue::getNextEvent@4 (line 535)
                      ; - java.awt.EventDispatchThread::pumpOneEventForFilters@20 (line 190)
  0x000001ea719a2220: bcff a4ff 

  0x000001ea719a2224: ;   {post_call_nop}
  0x000001ea719a2224: 0f1f 8400 | 9c7e 00c0 | ba45 ffff | ff4c 8b54 | 2428 4c89 | 5424 2044 | 8b54 2438 | 458b da44 
  0x000001ea719a2244: 895c 242c | 4c8b 5424 | 484c 8954 | 2430 4c8b | 5424 504c | 8954 2438 | 4c8b 5424 | 584c 8954 
  0x000001ea719a2264: 2440 4c89 | 4c24 5089 

  0x000001ea719a226c: ;   {runtime_call UncommonTrapBlob}
  0x000001ea719a226c: 4c24 58e8 

  0x000001ea719a2270: ; ImmutableOopMap {[32]=Oop [44]=NarrowOop [48]=Oop [56]=Oop [64]=Oop [80]=Oop [88]=NarrowOop [96]=NarrowOop }
                      ;*ifeq {reexecute=1 rethrow=0 return_oop=0}
                      ; - (reexecute) jdk.internal.misc.Unsafe::getAndBitwiseAndInt@21 (line 3275)
                      ; - java.util.concurrent.locks.AbstractQueuedSynchronizer$Node::getAndUnsetStatus@10 (line 482)
                      ; - java.util.concurrent.locks.AbstractQueuedSynchronizer$ConditionObject::doSignal@33 (line 1555)
                      ; - java.util.concurrent.locks.AbstractQueuedSynchronizer$ConditionObject::signalAll@30 (line 1593)
                      ; - java.awt.EventQueue::postEvent@109 (line 332)
                      ; - java.awt.EventQueue::postEventPrivate@76 (line 279)
                      ; - java.awt.EventQueue::postEvent@9 (line 251)
                      ; - sun.awt.PostEventQueue::flush@87 (line 2064)
                      ; - sun.awt.SunToolkit::flushPendingEvents@15 (line 502)
                      ; - java.awt.EventQueue::getNextEvent@4 (line 535)
                      ; - java.awt.EventDispatchThread::pumpOneEventForFilters@20 (line 190)
  0x000001ea719a2270: 6cff a4ff 

  0x000001ea719a2274: ;   {post_call_nop}
  0x000001ea719a2274: 0f1f 8400 | ec7e 00c1 | ba45 ffff | ff48 8b6c | 2428 448b | 5424 3844 | 8954 2424 | 4c8b 5424 
  0x000001ea719a2294: 484c 8954 | 2428 4c89 | 4c24 4844 | 895c 2444 

  0x000001ea719a22a4: ;   {runtime_call UncommonTrapBlob}
  0x000001ea719a22a4: 6666 90e8 

  0x000001ea719a22a8: ; ImmutableOopMap {rbp=Oop [36]=NarrowOop [40]=Oop [72]=Oop [80]=Oop [88]=Oop [96]=NarrowOop }
                      ;*ifeq {reexecute=1 rethrow=0 return_oop=0}
                      ; - (reexecute) java.util.concurrent.locks.AbstractQueuedSynchronizer$ConditionObject::doSignal@38 (line 1555)
                      ; - java.util.concurrent.locks.AbstractQueuedSynchronizer$ConditionObject::signalAll@30 (line 1593)
                      ; - java.awt.EventQueue::postEvent@109 (line 332)
                      ; - java.awt.EventQueue::postEventPrivate@76 (line 279)
                      ; - java.awt.EventQueue::postEvent@9 (line 251)
                      ; - sun.awt.PostEventQueue::flush@87 (line 2064)
                      ; - sun.awt.SunToolkit::flushPendingEvents@15 (line 502)
                      ; - java.awt.EventQueue::getNextEvent@4 (line 535)
                      ; - java.awt.EventDispatchThread::pumpOneEventForFilters@20 (line 190)
  0x000001ea719a22a8: 34ff a4ff 

  0x000001ea719a22ac: ;   {post_call_nop}
  0x000001ea719a22ac: 0f1f 8400 | 247f 00c2 | ba45 ffff | ff48 8b6c | 2428 8b5c | 2438 895c | 2424 4c8b | 5424 484c 
  0x000001ea719a22cc: 8954 2428 | 4c8b 5424 | 504c 8954 | 2430 4c8b | 5424 584c | 8954 2438 | 4c89 4c24 | 4844 8944 
  0x000001ea719a22ec: 2444 894c | 2450 4489 

  0x000001ea719a22f4: ;   {runtime_call UncommonTrapBlob}
  0x000001ea719a22f4: 5c24 58e8 

  0x000001ea719a22f8: ; ImmutableOopMap {rbp=Oop [36]=NarrowOop [40]=Oop [48]=Oop [56]=Oop [68]=NarrowOop [72]=Oop [80]=NarrowOop [88]=NarrowOop [96]=NarrowOop }
                      ;*ifnonnull {reexecute=1 rethrow=0 return_oop=0}
                      ; - (reexecute) java.util.concurrent.locks.AbstractQueuedSynchronizer::enqueue@12 (line 611)
                      ; - java.util.concurrent.locks.AbstractQueuedSynchronizer$ConditionObject::doSignal@46 (line 1556)
                      ; - java.util.concurrent.locks.AbstractQueuedSynchronizer$ConditionObject::signalAll@30 (line 1593)
                      ; - java.awt.EventQueue::postEvent@109 (line 332)
                      ; - java.awt.EventQueue::postEventPrivate@76 (line 279)
                      ; - java.awt.EventQueue::postEvent@9 (line 251)
                      ; - sun.awt.PostEventQueue::flush@87 (line 2064)
                      ; - sun.awt.SunToolkit::flushPendingEvents@15 (line 502)
                      ; - java.awt.EventQueue::getNextEvent@4 (line 535)
                      ; - java.awt.EventDispatchThread::pumpOneEventForFilters@20 (line 190)
  0x000001ea719a22f8: e4fe a4ff 

  0x000001ea719a22fc: ;   {post_call_nop}
  0x000001ea719a22fc: 0f1f 8400 | 747f 00c3 | ba45 ffff | ff4c 8b54 | 2428 4c89 | 5424 2044 | 8b5c 2438 | 4489 5c24 
  0x000001ea719a231c: 2c4c 8b54 | 2448 4c89 | 5424 304c | 8b54 2450 | 4c89 5424 | 384c 8b54 | 2458 4c89 | 5424 404c 
  0x000001ea719a233c: 894c 2450 | 4489 4424 | 4c89 4c24 

  0x000001ea719a2348: ;   {runtime_call UncommonTrapBlob}
  0x000001ea719a2348: 5866 90e8 

  0x000001ea719a234c: ; ImmutableOopMap {[32]=Oop [44]=NarrowOop [48]=Oop [56]=Oop [64]=Oop [76]=NarrowOop [80]=Oop [88]=NarrowOop [96]=NarrowOop }
                      ;*ifeq {reexecute=1 rethrow=0 return_oop=0}
                      ; - (reexecute) java.util.concurrent.locks.AbstractQueuedSynchronizer::enqueue@40 (line 616)
                      ; - java.util.concurrent.locks.AbstractQueuedSynchronizer$ConditionObject::doSignal@46 (line 1556)
                      ; - java.util.concurrent.locks.AbstractQueuedSynchronizer$ConditionObject::signalAll@30 (line 1593)
                      ; - java.awt.EventQueue::postEvent@109 (line 332)
                      ; - java.awt.EventQueue::postEventPrivate@76 (line 279)
                      ; - java.awt.EventQueue::postEvent@9 (line 251)
                      ; - sun.awt.PostEventQueue::flush@87 (line 2064)
                      ; - sun.awt.SunToolkit::flushPendingEvents@15 (line 502)
                      ; - java.awt.EventQueue::getNextEvent@4 (line 535)
                      ; - java.awt.EventDispatchThread::pumpOneEventForFilters@20 (line 190)
  0x000001ea719a234c: 90fe a4ff 

  0x000001ea719a2350: ;   {post_call_nop}
  0x000001ea719a2350: 0f1f 8400 | c87f 00c4 | ba45 ffff | ff4c 8b54 | 2428 4c89 | 5424 2044 | 8b5c 2438 | 4489 5c24 
  0x000001ea719a2370: 2c4c 8b54 | 2448 4c89 | 5424 304c | 8b54 2458 | 4c89 5424 | 4844 8b5c | 2460 4489 | 5c24 384c 
  0x000001ea719a2390: 8b54 2470 | 4c89 5424 | 584c 8944 | 2470 4489 

  0x000001ea719a23a0: ;   {runtime_call UncommonTrapBlob}
  0x000001ea719a23a0: 4c24 6ce8 

  0x000001ea719a23a4: ; ImmutableOopMap {rbp=NarrowOop [32]=Oop [44]=NarrowOop [48]=Oop [56]=NarrowOop [60]=NarrowOop [72]=Oop [80]=Oop [88]=Oop [108]=NarrowOop [112]=Oop [120]=Oop [128]=NarrowOop }
                      ;*ifnonnull {reexecute=1 rethrow=0 return_oop=0}
                      ; - (reexecute) java.util.concurrent.locks.AbstractQueuedSynchronizer$ConditionObject::doSignal@15 (line 1550)
                      ; - java.util.concurrent.locks.AbstractQueuedSynchronizer$ConditionObject::signalAll@30 (line 1593)
                      ; - java.awt.EventQueue::postEvent@109 (line 332)
                      ; - java.awt.EventQueue::postEventPrivate@76 (line 279)
                      ; - java.awt.EventQueue::postEvent@9 (line 251)
                      ; - sun.awt.PostEventQueue::flush@87 (line 2064)
                      ; - sun.awt.SunToolkit::flushPendingEvents@15 (line 502)
                      ; - java.awt.EventQueue::postEvent@4 (line 250)
                      ; - sun.awt.PostEventQueue::flush@87 (line 2064)
                      ; - sun.awt.SunToolkit::flushPendingEvents@15 (line 502)
                      ; - java.awt.EventQueue::getNextEvent@4 (line 535)
                      ; - java.awt.EventDispatchThread::pumpOneEventForFilters@20 (line 190)
  0x000001ea719a23a4: 38fe a4ff 

  0x000001ea719a23a8: ;   {post_call_nop}
  0x000001ea719a23a8: 0f1f 8400 | 2080 00c5 | 81fd 2003 | 0000 0f8c | 8387 ffff | ba45 ffff | ff4c 8b54 | 2428 4c89 
  0x000001ea719a23c8: 5424 2044 | 8b54 2438 | 4489 5424 | 2c89 4c24 

  0x000001ea719a23d8: ;   {runtime_call UncommonTrapBlob}
  0x000001ea719a23d8: 3466 90e8 

  0x000001ea719a23dc: ; ImmutableOopMap {[32]=Oop [44]=NarrowOop [52]=NarrowOop [60]=NarrowOop }
                      ;*lookupswitch {reexecute=1 rethrow=0 return_oop=0}
                      ; - (reexecute) java.awt.EventQueue::eventToCacheIndex@4 (line 489)
                      ; - java.awt.EventQueue::uncacheEQItem@4 (line 471)
                      ; - java.awt.EventQueue::getNextEventPrivate@60 (line 561)
                      ; - java.awt.EventQueue::getNextEvent@17 (line 538)
                      ; - java.awt.EventDispatchThread::pumpOneEventForFilters@20 (line 190)
  0x000001ea719a23dc: 00fe a4ff 

  0x000001ea719a23e0: ;   {post_call_nop}
  0x000001ea719a23e0: 0f1f 8400 | 5880 00c6 | ba45 ffff | ff4c 8b54 | 2428 4c89 | 5424 2044 | 8b5c 2438 | 4489 5c24 
  0x000001ea719a2400: 2c4c 8b54 | 2448 4c89 | 5424 304c | 8b54 2458 | 4c89 5424 | 4844 8b5c | 2460 4489 | 5c24 384c 
  0x000001ea719a2420: 8b54 2470 | 4c89 5424 | 584c 8b54 | 2478 4c89 | 5424 604c | 8944 2470 | 4489 4c24 

  0x000001ea719a243c: ;   {runtime_call UncommonTrapBlob}
  0x000001ea719a243c: 7866 90e8 

  0x000001ea719a2440: ; ImmutableOopMap {[32]=Oop [44]=NarrowOop [48]=Oop [56]=NarrowOop [60]=NarrowOop [72]=Oop [80]=Oop [88]=Oop [96]=Oop [112]=Oop [120]=NarrowOop [128]=NarrowOop }
                      ;*ifeq {reexecute=1 rethrow=0 return_oop=0}
                      ; - (reexecute) jdk.internal.misc.Unsafe::getAndBitwiseAndInt@21 (line 3275)
                      ; - java.util.concurrent.locks.AbstractQueuedSynchronizer$Node::getAndUnsetStatus@10 (line 482)
                      ; - java.util.concurrent.locks.AbstractQueuedSynchronizer$ConditionObject::doSignal@33 (line 1555)
                      ; - java.util.concurrent.locks.AbstractQueuedSynchronizer$ConditionObject::signalAll@30 (line 1593)
                      ; - java.awt.EventQueue::postEvent@109 (line 332)
                      ; - java.awt.EventQueue::postEventPrivate@76 (line 279)
                      ; - java.awt.EventQueue::postEvent@9 (line 251)
                      ; - sun.awt.PostEventQueue::flush@87 (line 2064)
                      ; - sun.awt.SunToolkit::flushPendingEvents@15 (line 502)
                      ; - java.awt.EventQueue::postEvent@4 (line 250)
                      ; - sun.awt.PostEventQueue::flush@87 (line 2064)
                      ; - sun.awt.SunToolkit::flushPendingEvents@15 (line 502)
                      ; - java.awt.EventQueue::getNextEvent@4 (line 535)
                      ; - java.awt.EventDispatchThread::pumpOneEventForFilters@20 (line 190)
  0x000001ea719a2440: 9cfd a4ff 

  0x000001ea719a2444: ;   {post_call_nop}
  0x000001ea719a2444: 0f1f 8400 | bc80 00c7 | ba45 ffff | ff48 8b6c | 2428 448b | 5c24 3844 | 895c 2424 | 4c8b 5424 
  0x000001ea719a2464: 484c 8954 | 2428 4c8b | 5424 584c | 8954 2440 | 448b 5c24 | 6044 895c | 2438 4c89 | 4424 6889 
  0x000001ea719a2484: ;   {runtime_call UncommonTrapBlob}
  0x000001ea719a2484: 4c24 64e8 

  0x000001ea719a2488: ; ImmutableOopMap {rbp=Oop [36]=NarrowOop [40]=Oop [56]=NarrowOop [60]=NarrowOop [64]=Oop [80]=Oop [104]=Oop [112]=Oop [120]=Oop [128]=NarrowOop }
                      ;*ifeq {reexecute=1 rethrow=0 return_oop=0}
                      ; - (reexecute) java.util.concurrent.locks.AbstractQueuedSynchronizer$ConditionObject::doSignal@38 (line 1555)
                      ; - java.util.concurrent.locks.AbstractQueuedSynchronizer$ConditionObject::signalAll@30 (line 1593)
                      ; - java.awt.EventQueue::postEvent@109 (line 332)
                      ; - java.awt.EventQueue::postEventPrivate@76 (line 279)
                      ; - java.awt.EventQueue::postEvent@9 (line 251)
                      ; - sun.awt.PostEventQueue::flush@87 (line 2064)
                      ; - sun.awt.SunToolkit::flushPendingEvents@15 (line 502)
                      ; - java.awt.EventQueue::postEvent@4 (line 250)
                      ; - sun.awt.PostEventQueue::flush@87 (line 2064)
                      ; - sun.awt.SunToolkit::flushPendingEvents@15 (line 502)
                      ; - java.awt.EventQueue::getNextEvent@4 (line 535)
                      ; - java.awt.EventDispatchThread::pumpOneEventForFilters@20 (line 190)
  0x000001ea719a2488: 54fd a4ff 

  0x000001ea719a248c: ;   {post_call_nop}
  0x000001ea719a248c: 0f1f 8400 | 0481 00c8 | ba45 ffff | ff48 8b6c | 2428 8b5c | 2438 895c | 2424 488b | 4c24 4848 
  0x000001ea719a24ac: 894c 2428 | 488b 4c24 | 5848 894c | 2440 8b5c | 2460 895c | 2438 488b | 4c24 7048 | 894c 2448 
  0x000001ea719a24cc: 488b 4c24 | 7848 894c | 2458 4c89 | 4424 6844 | 8954 2464 | 4489 4c24 | 7044 895c 

  0x000001ea719a24e8: ;   {runtime_call UncommonTrapBlob}
  0x000001ea719a24e8: 2478 90e8 

  0x000001ea719a24ec: ; ImmutableOopMap {rbp=Oop [36]=NarrowOop [40]=Oop [56]=NarrowOop [60]=NarrowOop [64]=Oop [72]=Oop [80]=Oop [88]=Oop [100]=NarrowOop [104]=Oop [112]=NarrowOop [120]=NarrowOop [128]=NarrowOop }
                      ;*ifnonnull {reexecute=1 rethrow=0 return_oop=0}
                      ; - (reexecute) java.util.concurrent.locks.AbstractQueuedSynchronizer::enqueue@12 (line 611)
                      ; - java.util.concurrent.locks.AbstractQueuedSynchronizer$ConditionObject::doSignal@46 (line 1556)
                      ; - java.util.concurrent.locks.AbstractQueuedSynchronizer$ConditionObject::signalAll@30 (line 1593)
                      ; - java.awt.EventQueue::postEvent@109 (line 332)
                      ; - java.awt.EventQueue::postEventPrivate@76 (line 279)
                      ; - java.awt.EventQueue::postEvent@9 (line 251)
                      ; - sun.awt.PostEventQueue::flush@87 (line 2064)
                      ; - sun.awt.SunToolkit::flushPendingEvents@15 (line 502)
                      ; - java.awt.EventQueue::postEvent@4 (line 250)
                      ; - sun.awt.PostEventQueue::flush@87 (line 2064)
                      ; - sun.awt.SunToolkit::flushPendingEvents@15 (line 502)
                      ; - java.awt.EventQueue::getNextEvent@4 (line 535)
                      ; - java.awt.EventDispatchThread::pumpOneEventForFilters@20 (line 190)
  0x000001ea719a24ec: f0fc a4ff 

  0x000001ea719a24f0: ;   {post_call_nop}
  0x000001ea719a24f0: 0f1f 8400 | 6881 00c9 | ba45 ffff | ff4c 8b5c | 2428 4c89 | 5c24 208b | 4c24 3844 | 8bd9 4489 
  0x000001ea719a2510: 5c24 2c4c | 8b5c 2448 | 4c89 5c24 | 304c 8b5c | 2458 4c89 | 5c24 4844 | 8b5c 2460 | 4489 5c24 
  0x000001ea719a2530: 384c 8b5c | 2470 4c89 | 5c24 584c | 8b5c 2478 | 4c89 5c24 | 604c 8944 | 2470 4489 | 5424 6c44 
  0x000001ea719a2550: 894c 2478 

  0x000001ea719a2554: ;   {runtime_call UncommonTrapBlob}
  0x000001ea719a2554: 6666 90e8 

  0x000001ea719a2558: ; ImmutableOopMap {[32]=Oop [44]=NarrowOop [48]=Oop [56]=NarrowOop [60]=NarrowOop [72]=Oop [80]=Oop [88]=Oop [96]=Oop [108]=NarrowOop [112]=Oop [120]=NarrowOop [128]=NarrowOop }
                      ;*ifeq {reexecute=1 rethrow=0 return_oop=0}
                      ; - (reexecute) java.util.concurrent.locks.AbstractQueuedSynchronizer::enqueue@40 (line 616)
                      ; - java.util.concurrent.locks.AbstractQueuedSynchronizer$ConditionObject::doSignal@46 (line 1556)
                      ; - java.util.concurrent.locks.AbstractQueuedSynchronizer$ConditionObject::signalAll@30 (line 1593)
                      ; - java.awt.EventQueue::postEvent@109 (line 332)
                      ; - java.awt.EventQueue::postEventPrivate@76 (line 279)
                      ; - java.awt.EventQueue::postEvent@9 (line 251)
                      ; - sun.awt.PostEventQueue::flush@87 (line 2064)
                      ; - sun.awt.SunToolkit::flushPendingEvents@15 (line 502)
                      ; - java.awt.EventQueue::postEvent@4 (line 250)
                      ; - sun.awt.PostEventQueue::flush@87 (line 2064)
                      ; - sun.awt.SunToolkit::flushPendingEvents@15 (line 502)
                      ; - java.awt.EventQueue::getNextEvent@4 (line 535)
                      ; - java.awt.EventDispatchThread::pumpOneEventForFilters@20 (line 190)
  0x000001ea719a2558: 84fc a4ff 

  0x000001ea719a255c: ;   {post_call_nop}
  0x000001ea719a255c: 0f1f 8400 | d481 00ca | baf6 ffff | ff48 8b6c | 2428 448b | 5c24 3844 | 895c 2424 | 4c8b 5424 
  0x000001ea719a257c: 484c 8954 

  0x000001ea719a2580: ;   {runtime_call UncommonTrapBlob}
  0x000001ea719a2580: 2428 90e8 

  0x000001ea719a2584: ; ImmutableOopMap {rbp=Oop [36]=NarrowOop [40]=Oop [80]=Oop [88]=Oop [96]=NarrowOop [128]=Oop }
                      ;*putfield next {reexecute=1 rethrow=0 return_oop=0}
                      ; - (reexecute) java.awt.EventQueue::postEvent@144 (line 339)
                      ; - java.awt.EventQueue::postEventPrivate@76 (line 279)
                      ; - java.awt.EventQueue::postEvent@9 (line 251)
                      ; - sun.awt.PostEventQueue::flush@87 (line 2064)
                      ; - sun.awt.SunToolkit::flushPendingEvents@15 (line 502)
                      ; - java.awt.EventQueue::getNextEvent@4 (line 535)
                      ; - java.awt.EventDispatchThread::pumpOneEventForFilters@20 (line 190)
  0x000001ea719a2584: 58fc a4ff 

  0x000001ea719a2588: ;   {post_call_nop}
  0x000001ea719a2588: 0f1f 8400 | 0082 00cb | 4181 fa20 | 0300 000f | 8c75 9eff | ffba 45ff | ffff 488b | 6c24 2844 
  0x000001ea719a25a8: 8b5c 2438 | 4489 5c24 | 244c 8b54 | 2448 4c89 | 5424 284c | 8b54 2450 | 4c89 5424 | 304c 8b54 
  0x000001ea719a25c8: 2458 4c89 | 5424 4044 | 8b54 2460 | 4489 5424 | 484c 8b94 | 2480 0000 | 004c 8954 

  0x000001ea719a25e4: ;   {runtime_call UncommonTrapBlob}
  0x000001ea719a25e4: 2458 90e8 

  0x000001ea719a25e8: ; ImmutableOopMap {rbp=Oop [36]=NarrowOop [40]=Oop [48]=Oop [60]=NarrowOop [64]=Oop [72]=NarrowOop [88]=Oop [128]=Oop }
                      ;*lookupswitch {reexecute=1 rethrow=0 return_oop=0}
                      ; - (reexecute) java.awt.EventQueue::eventToCacheIndex@4 (line 489)
                      ; - java.awt.EventQueue::cacheEQItem@4 (line 460)
                      ; - java.awt.EventQueue::postEvent@21 (line 320)
                      ; - java.awt.EventQueue::postEventPrivate@76 (line 279)
                      ; - java.awt.EventQueue::postEvent@9 (line 251)
                      ; - sun.awt.PostEventQueue::flush@87 (line 2064)
                      ; - sun.awt.SunToolkit::flushPendingEvents@15 (line 502)
                      ; - java.awt.EventQueue::getNextEvent@4 (line 535)
                      ; - java.awt.EventDispatchThread::pumpOneEventForFilters@20 (line 190)
  0x000001ea719a25e8: f4fb a4ff 

  0x000001ea719a25ec: ;   {post_call_nop}
  0x000001ea719a25ec: 0f1f 8400 | 6482 00cc | ba45 ffff | ff4c 8b5c | 2428 4c89 | 5c24 2044 | 8b5c 2438 | 4489 5c24 
  0x000001ea719a260c: 2c44 8954 

  0x000001ea719a2610: ;   {runtime_call UncommonTrapBlob}
  0x000001ea719a2610: 2430 90e8 

  0x000001ea719a2614: ; ImmutableOopMap {[32]=Oop [44]=NarrowOop [48]=NarrowOop [56]=NarrowOop }
                      ;*ifge {reexecute=1 rethrow=0 return_oop=0}
                      ; - (reexecute) java.util.concurrent.locks.ReentrantLock$NonfairSync::initialTryLock@36 (line 231)
                      ; - java.util.concurrent.locks.ReentrantLock$Sync::lock@1 (line 153)
                      ; - java.util.concurrent.locks.ReentrantLock::lock@4 (line 323)
                      ; - java.awt.EventQueue::getNextEvent@11 (line 536)
                      ; - java.awt.EventDispatchThread::pumpOneEventForFilters@20 (line 190)
  0x000001ea719a2614: c8fb a4ff 

  0x000001ea719a2618: ;   {post_call_nop}
  0x000001ea719a2618: 0f1f 8400 | 9082 00cd | ba45 ffff | ff4c 8b54 | 2428 4c89 | 5424 2044 | 8b5c 2438 | 4489 5c24 
  0x000001ea719a2638: 2c4c 8b54 | 2448 4c89 | 5424 304c | 8b54 2468 | 4c89 5424 | 4844 8b5c | 243c 4489 | 5c24 3844 
  0x000001ea719a2658: 8b54 2458 | 4489 5424 | 3c4c 8b54 | 2470 4c89 | 5424 6044 | 8b5c 245c | 4489 5c24 

  0x000001ea719a2674: ;   {runtime_call UncommonTrapBlob}
  0x000001ea719a2674: 5866 90e8 

  0x000001ea719a2678: ; ImmutableOopMap {rbp=NarrowOop [32]=Oop [44]=NarrowOop [48]=Oop [56]=NarrowOop [60]=NarrowOop [72]=Oop [80]=Oop [88]=NarrowOop [96]=Oop [120]=Oop [128]=Oop [144]=NarrowOop }
                      ;*ifnonnull {reexecute=1 rethrow=0 return_oop=0}
                      ; - (reexecute) java.util.concurrent.locks.AbstractQueuedSynchronizer$ConditionObject::doSignal@15 (line 1550)
                      ; - java.util.concurrent.locks.AbstractQueuedSynchronizer$ConditionObject::signalAll@30 (line 1593)
                      ; - java.awt.EventQueue::postEvent@109 (line 332)
                      ; - java.awt.EventQueue::postEventPrivate@76 (line 279)
                      ; - java.awt.EventQueue::postEvent@9 (line 251)
                      ; - sun.awt.PostEventQueue::flush@87 (line 2064)
                      ; - sun.awt.SunToolkit::flushPendingEvents@15 (line 502)
                      ; - java.awt.EventQueue::postEvent@4 (line 250)
                      ; - sun.awt.PostEventQueue::flush@87 (line 2064)
                      ; - sun.awt.SunToolkit::flushPendingEvents@15 (line 502)
                      ; - java.awt.EventQueue::getNextEvent@4 (line 535)
                      ; - java.awt.EventDispatchThread::pumpOneEventForFilters@20 (line 190)
  0x000001ea719a2678: 64fb a4ff 

  0x000001ea719a267c: ;   {post_call_nop}
  0x000001ea719a267c: 0f1f 8400 | f482 00ce | ba45 ffff | ff4c 8b54 | 2428 4c89 | 5424 2044 | 8b54 2438 | 4489 5424 
  0x000001ea719a269c: 2c4c 8b54 | 2448 4c89 | 5424 304c | 8b54 2468 | 4c89 5424 | 4844 8b54 | 243c 4489 | 5424 3844 
  0x000001ea719a26bc: 8b54 2458 | 4489 5424 | 3c4c 8b54 | 2470 4c89 | 5424 604c | 8b54 2478 | 4c89 5424 | 6844 8b5c 
  0x000001ea719a26dc: 245c 4489 | 5c24 5845 | 8bd8 4489 

  0x000001ea719a26e8: ;   {runtime_call UncommonTrapBlob}
  0x000001ea719a26e8: 5c24 78e8 

  0x000001ea719a26ec: ; ImmutableOopMap {[32]=Oop [44]=NarrowOop [48]=Oop [56]=NarrowOop [60]=NarrowOop [72]=Oop [80]=Oop [88]=NarrowOop [96]=Oop [104]=Oop [120]=NarrowOop [128]=Oop [144]=NarrowOop }
                      ;*ifeq {reexecute=1 rethrow=0 return_oop=0}
                      ; - (reexecute) jdk.internal.misc.Unsafe::getAndBitwiseAndInt@21 (line 3275)
                      ; - java.util.concurrent.locks.AbstractQueuedSynchronizer$Node::getAndUnsetStatus@10 (line 482)
                      ; - java.util.concurrent.locks.AbstractQueuedSynchronizer$ConditionObject::doSignal@33 (line 1555)
                      ; - java.util.concurrent.locks.AbstractQueuedSynchronizer$ConditionObject::signalAll@30 (line 1593)
                      ; - java.awt.EventQueue::postEvent@109 (line 332)
                      ; - java.awt.EventQueue::postEventPrivate@76 (line 279)
                      ; - java.awt.EventQueue::postEvent@9 (line 251)
                      ; - sun.awt.PostEventQueue::flush@87 (line 2064)
                      ; - sun.awt.SunToolkit::flushPendingEvents@15 (line 502)
                      ; - java.awt.EventQueue::postEvent@4 (line 250)
                      ; - sun.awt.PostEventQueue::flush@87 (line 2064)
                      ; - sun.awt.SunToolkit::flushPendingEvents@15 (line 502)
                      ; - java.awt.EventQueue::getNextEvent@4 (line 535)
                      ; - java.awt.EventDispatchThread::pumpOneEventForFilters@20 (line 190)
  0x000001ea719a26ec: f0fa a4ff 

  0x000001ea719a26f0: ;   {post_call_nop}
  0x000001ea719a26f0: 0f1f 8400 | 6883 00cf | ba45 ffff | ff48 8b6c | 2428 448b | 5c24 3844 | 895c 2424 | 4c8b 5424 
  0x000001ea719a2710: 484c 8954 | 2428 4c8b | 5424 684c | 8954 2440 | 448b 5c24 | 3c44 895c | 2438 448b | 5c24 5844 
  0x000001ea719a2730: 895c 243c | 448b 5c24 | 5c44 895c | 2458 4489 

  0x000001ea719a2740: ;   {runtime_call UncommonTrapBlob}
  0x000001ea719a2740: 4c24 5ce8 

  0x000001ea719a2744: ; ImmutableOopMap {rbp=Oop [36]=NarrowOop [40]=Oop [56]=NarrowOop [60]=NarrowOop [64]=Oop [80]=Oop [88]=NarrowOop [112]=Oop [120]=Oop [128]=Oop }
                      ;*ifeq {reexecute=1 rethrow=0 return_oop=0}
                      ; - (reexecute) java.util.concurrent.locks.AbstractQueuedSynchronizer$ConditionObject::doSignal@38 (line 1555)
                      ; - java.util.concurrent.locks.AbstractQueuedSynchronizer$ConditionObject::signalAll@30 (line 1593)
                      ; - java.awt.EventQueue::postEvent@109 (line 332)
                      ; - java.awt.EventQueue::postEventPrivate@76 (line 279)
                      ; - java.awt.EventQueue::postEvent@9 (line 251)
                      ; - sun.awt.PostEventQueue::flush@87 (line 2064)
                      ; - sun.awt.SunToolkit::flushPendingEvents@15 (line 502)
                      ; - java.awt.EventQueue::postEvent@4 (line 250)
                      ; - sun.awt.PostEventQueue::flush@87 (line 2064)
                      ; - sun.awt.SunToolkit::flushPendingEvents@15 (line 502)
                      ; - java.awt.EventQueue::getNextEvent@4 (line 535)
                      ; - java.awt.EventDispatchThread::pumpOneEventForFilters@20 (line 190)
  0x000001ea719a2744: 98fa a4ff 

  0x000001ea719a2748: ;   {post_call_nop}
  0x000001ea719a2748: 0f1f 8400 | c083 00d0 | ba45 ffff | ff4c 8b54 | 2428 4c89 | 5424 2044 | 8b54 2438 | 4489 5424 
  0x000001ea719a2768: 2c4c 8b54 | 2448 4c89 | 5424 304c | 8b54 2468 | 4c89 5424 | 4844 8b54 | 243c 4489 | 5424 3844 
  0x000001ea719a2788: 8b5c 2458 | 4489 5c24 | 3c4c 8b54 | 2470 4c89 | 5424 604c | 8b54 2478 | 4c89 5424 | 6844 8b54 
  0x000001ea719a27a8: 245c 4489 

  0x000001ea719a27ac: ;   {runtime_call UncommonTrapBlob}
  0x000001ea719a27ac: 5424 58e8 

  0x000001ea719a27b0: ; ImmutableOopMap {rbp=NarrowOop [32]=Oop [44]=NarrowOop [48]=Oop [56]=NarrowOop [60]=NarrowOop [72]=Oop [80]=Oop [88]=NarrowOop [96]=Oop [104]=Oop [128]=Oop [144]=NarrowOop [148]=NarrowOop }
                      ;*ifnonnull {reexecute=1 rethrow=0 return_oop=0}
                      ; - (reexecute) java.util.concurrent.locks.AbstractQueuedSynchronizer::enqueue@12 (line 611)
                      ; - java.util.concurrent.locks.AbstractQueuedSynchronizer$ConditionObject::doSignal@46 (line 1556)
                      ; - java.util.concurrent.locks.AbstractQueuedSynchronizer$ConditionObject::signalAll@30 (line 1593)
                      ; - java.awt.EventQueue::postEvent@109 (line 332)
                      ; - java.awt.EventQueue::postEventPrivate@76 (line 279)
                      ; - java.awt.EventQueue::postEvent@9 (line 251)
                      ; - sun.awt.PostEventQueue::flush@87 (line 2064)
                      ; - sun.awt.SunToolkit::flushPendingEvents@15 (line 502)
                      ; - java.awt.EventQueue::postEvent@4 (line 250)
                      ; - sun.awt.PostEventQueue::flush@87 (line 2064)
                      ; - sun.awt.SunToolkit::flushPendingEvents@15 (line 502)
                      ; - java.awt.EventQueue::getNextEvent@4 (line 535)
                      ; - java.awt.EventDispatchThread::pumpOneEventForFilters@20 (line 190)
  0x000001ea719a27b0: 2cfa a4ff 

  0x000001ea719a27b4: ;   {post_call_nop}
  0x000001ea719a27b4: 0f1f 8400 | 2c84 00d1 | ba45 ffff | ff48 8b6c | 2428 448b | 5c24 3844 | 895c 2424 | 4c8b 5424 
  0x000001ea719a27d4: 484c 8954 | 2428 4c8b | 5424 684c | 8954 2440 | 448b 5c24 | 3c44 895c | 2438 448b | 5424 5844 
  0x000001ea719a27f4: 8954 243c | 4c8b 5424 | 704c 8954 | 2448 448b | 5c24 5c44 | 895c 2458 | 8944 2474 

  0x000001ea719a2810: ;   {runtime_call UncommonTrapBlob}
  0x000001ea719a2810: 6666 90e8 

  0x000001ea719a2814: ; ImmutableOopMap {rbp=Oop [36]=NarrowOop [40]=Oop [56]=NarrowOop [60]=NarrowOop [64]=Oop [72]=Oop [80]=Oop [88]=NarrowOop [120]=Oop [128]=Oop [144]=NarrowOop [148]=NarrowOop }
                      ;*ifeq {reexecute=1 rethrow=0 return_oop=0}
                      ; - (reexecute) java.util.concurrent.locks.AbstractQueuedSynchronizer::enqueue@40 (line 616)
                      ; - java.util.concurrent.locks.AbstractQueuedSynchronizer$ConditionObject::doSignal@46 (line 1556)
                      ; - java.util.concurrent.locks.AbstractQueuedSynchronizer$ConditionObject::signalAll@30 (line 1593)
                      ; - java.awt.EventQueue::postEvent@109 (line 332)
                      ; - java.awt.EventQueue::postEventPrivate@76 (line 279)
                      ; - java.awt.EventQueue::postEvent@9 (line 251)
                      ; - sun.awt.PostEventQueue::flush@87 (line 2064)
                      ; - sun.awt.SunToolkit::flushPendingEvents@15 (line 502)
                      ; - java.awt.EventQueue::postEvent@4 (line 250)
                      ; - sun.awt.PostEventQueue::flush@87 (line 2064)
                      ; - sun.awt.SunToolkit::flushPendingEvents@15 (line 502)
                      ; - java.awt.EventQueue::getNextEvent@4 (line 535)
                      ; - java.awt.EventDispatchThread::pumpOneEventForFilters@20 (line 190)
  0x000001ea719a2814: c8f9 a4ff 

  0x000001ea719a2818: ;   {post_call_nop}
  0x000001ea719a2818: 0f1f 8400 | 9084 00d2 | ba45 ffff | ff4c 8b54 | 2428 4c89 | 5424 2044 | 894c 2434 

  0x000001ea719a2834: ;   {runtime_call UncommonTrapBlob}
  0x000001ea719a2834: 6666 90e8 

  0x000001ea719a2838: ; ImmutableOopMap {[32]=Oop [52]=NarrowOop [56]=NarrowOop [60]=NarrowOop }
                      ;*ifeq {reexecute=1 rethrow=0 return_oop=0}
                      ; - (reexecute) jdk.internal.misc.Unsafe::getAndBitwiseAndInt@21 (line 3275)
                      ; - java.util.concurrent.locks.AbstractQueuedSynchronizer$Node::getAndUnsetStatus@10 (line 482)
                      ; - java.util.concurrent.locks.AbstractQueuedSynchronizer::signalNext@22 (line 645)
                      ; - java.util.concurrent.locks.AbstractQueuedSynchronizer::release@12 (line 1100)
                      ; - java.util.concurrent.locks.ReentrantLock::unlock@5 (line 495)
                      ; - java.awt.EventQueue::getNextEvent@31 (line 545)
                      ; - java.awt.EventDispatchThread::pumpOneEventForFilters@20 (line 190)
  0x000001ea719a2838: a4f9 a4ff 

  0x000001ea719a283c: ;   {post_call_nop}
  0x000001ea719a283c: 0f1f 8400 | b484 00d3 | baf6 ffff | ff48 8b6c | 2428 448b | 5c24 3844 | 895c 2424 | 4c8b 5424 
  0x000001ea719a285c: 484c 8954 | 2428 4c8b | 5424 584c | 8954 2440 | 448b 5c24 | 6044 895c 

  0x000001ea719a2874: ;   {runtime_call UncommonTrapBlob}
  0x000001ea719a2874: 2438 90e8 

  0x000001ea719a2878: ; ImmutableOopMap {rbp=Oop [36]=NarrowOop [40]=Oop [56]=NarrowOop [60]=NarrowOop [64]=Oop [80]=Oop [112]=Oop [120]=Oop [128]=NarrowOop [168]=Oop }
                      ;*putfield next {reexecute=1 rethrow=0 return_oop=0}
                      ; - (reexecute) java.awt.EventQueue::postEvent@144 (line 339)
                      ; - java.awt.EventQueue::postEventPrivate@76 (line 279)
                      ; - java.awt.EventQueue::postEvent@9 (line 251)
                      ; - sun.awt.PostEventQueue::flush@87 (line 2064)
                      ; - sun.awt.SunToolkit::flushPendingEvents@15 (line 502)
                      ; - java.awt.EventQueue::postEvent@4 (line 250)
                      ; - sun.awt.PostEventQueue::flush@87 (line 2064)
                      ; - sun.awt.SunToolkit::flushPendingEvents@15 (line 502)
                      ; - java.awt.EventQueue::getNextEvent@4 (line 535)
                      ; - java.awt.EventDispatchThread::pumpOneEventForFilters@20 (line 190)
  0x000001ea719a2878: 64f9 a4ff 

  0x000001ea719a287c: ;   {post_call_nop}
  0x000001ea719a287c: 0f1f 8400 | f484 00d4 | 4181 fb20 | 0300 000f | 8cdf acff | ffba 45ff | ffff 488b | 6c24 2844 
  0x000001ea719a289c: 8b54 2438 | 458b da44 | 895c 2424 | 4c8b 5424 | 484c 8954 | 2428 4c8b | 5424 584c | 8954 2440 
  0x000001ea719a28bc: 448b 5424 | 6044 8954 | 2438 4c8b | 5424 704c | 8954 2448 | 4c8b 5424 | 784c 8954 | 2458 448b 
  0x000001ea719a28dc: 9c24 8000 | 0000 458b | d344 8954 | 2468 4c8b | 9424 a800 | 0000 4c89 

  0x000001ea719a28f4: ;   {runtime_call UncommonTrapBlob}
  0x000001ea719a28f4: 5424 78e8 

  0x000001ea719a28f8: ; ImmutableOopMap {rbp=Oop [36]=NarrowOop [40]=Oop [56]=NarrowOop [60]=NarrowOop [64]=Oop [72]=Oop [80]=Oop [88]=Oop [100]=NarrowOop [104]=NarrowOop [120]=Oop [168]=Oop }
                      ;*lookupswitch {reexecute=1 rethrow=0 return_oop=0}
                      ; - (reexecute) java.awt.EventQueue::eventToCacheIndex@4 (line 489)
                      ; - java.awt.EventQueue::cacheEQItem@4 (line 460)
                      ; - java.awt.EventQueue::postEvent@21 (line 320)
                      ; - java.awt.EventQueue::postEventPrivate@76 (line 279)
                      ; - java.awt.EventQueue::postEvent@9 (line 251)
                      ; - sun.awt.PostEventQueue::flush@87 (line 2064)
                      ; - sun.awt.SunToolkit::flushPendingEvents@15 (line 502)
                      ; - java.awt.EventQueue::postEvent@4 (line 250)
                      ; - sun.awt.PostEventQueue::flush@87 (line 2064)
                      ; - sun.awt.SunToolkit::flushPendingEvents@15 (line 502)
                      ; - java.awt.EventQueue::getNextEvent@4 (line 535)
                      ; - java.awt.EventDispatchThread::pumpOneEventForFilters@20 (line 190)
  0x000001ea719a28f8: e4f8 a4ff 

  0x000001ea719a28fc: ;   {post_call_nop}
  0x000001ea719a28fc: 0f1f 8400 | 7485 00d5 | ba45 ffff | ff4c 8b54 | 2428 4c89 | 5424 2044 | 8b54 2438 | 4489 5424 
  0x000001ea719a291c: 2c4c 8b54 | 2448 4c89 | 5424 304c | 8b54 2450 | 4c89 5424 | 4044 895c 

  0x000001ea719a2934: ;   {runtime_call UncommonTrapBlob}
  0x000001ea719a2934: 2450 90e8 

  0x000001ea719a2938: ; ImmutableOopMap {[32]=Oop [44]=NarrowOop [48]=Oop [60]=NarrowOop [64]=Oop [80]=NarrowOop [88]=Oop [96]=NarrowOop }
                      ;*ifge {reexecute=1 rethrow=0 return_oop=0}
                      ; - (reexecute) java.util.concurrent.locks.ReentrantLock$NonfairSync::initialTryLock@36 (line 231)
                      ; - java.util.concurrent.locks.ReentrantLock$Sync::lock@1 (line 153)
                      ; - java.util.concurrent.locks.ReentrantLock::lock@4 (line 323)
                      ; - java.awt.EventQueue::postEventPrivate@9 (line 265)
                      ; - java.awt.EventQueue::postEvent@9 (line 251)
                      ; - sun.awt.PostEventQueue::flush@87 (line 2064)
                      ; - sun.awt.SunToolkit::flushPendingEvents@15 (line 502)
                      ; - java.awt.EventQueue::getNextEvent@4 (line 535)
                      ; - java.awt.EventDispatchThread::pumpOneEventForFilters@20 (line 190)
  0x000001ea719a2938: a4f8 a4ff 

  0x000001ea719a293c: ;   {post_call_nop}
  0x000001ea719a293c: 0f1f 8400 | b485 00d6 | ba45 ffff | ff4c 8b54 | 2428 4c89 | 5424 2044 | 8b54 2438 | 4489 5424 
  0x000001ea719a295c: 2c4c 8b54 | 2448 4c89 | 5424 304c | 8b54 2458 | 4c89 5424 | 4044 894c 

  0x000001ea719a2974: ;   {runtime_call UncommonTrapBlob}
  0x000001ea719a2974: 2450 90e8 

  0x000001ea719a2978: ; ImmutableOopMap {[32]=Oop [44]=NarrowOop [48]=Oop [64]=Oop [80]=NarrowOop [88]=Oop }
                      ;*ifeq {reexecute=1 rethrow=0 return_oop=0}
                      ; - (reexecute) jdk.internal.misc.Unsafe::getAndBitwiseAndInt@21 (line 3275)
                      ; - java.util.concurrent.locks.AbstractQueuedSynchronizer$Node::getAndUnsetStatus@10 (line 482)
                      ; - java.util.concurrent.locks.AbstractQueuedSynchronizer::signalNext@22 (line 645)
                      ; - java.util.concurrent.locks.AbstractQueuedSynchronizer::release@12 (line 1100)
                      ; - java.util.concurrent.locks.AbstractQueuedSynchronizer$ConditionObject::enableWait@62 (line 1615)
                      ; - java.util.concurrent.locks.AbstractQueuedSynchronizer$ConditionObject::await@26 (line 1740)
                      ; - java.awt.EventQueue::getNextEvent@52 (line 543)
                      ; - java.awt.EventDispatchThread::pumpOneEventForFilters@20 (line 190)
  0x000001ea719a2978: 64f8 a4ff 

  0x000001ea719a297c: ;   {post_call_nop}
  0x000001ea719a297c: 0f1f 8400 | f485 00d7 | ba45 ffff | ff4c 8b54 | 2428 4c89 | 5424 2044 | 8b44 2438 | 4489 4424 
  0x000001ea719a299c: 2c4c 8b54 | 2448 4c89 | 5424 3044 | 895c 244c 

  0x000001ea719a29ac: ;   {runtime_call UncommonTrapBlob}
  0x000001ea719a29ac: 6666 90e8 

  0x000001ea719a29b0: ; ImmutableOopMap {[32]=Oop [44]=NarrowOop [48]=Oop [76]=NarrowOop [80]=Oop [88]=Oop }
                      ;*ifeq {reexecute=1 rethrow=0 return_oop=0}
                      ; - (reexecute) jdk.internal.misc.Unsafe::getAndBitwiseAndInt@21 (line 3275)
                      ; - java.util.concurrent.locks.AbstractQueuedSynchronizer$Node::getAndUnsetStatus@10 (line 482)
                      ; - java.util.concurrent.locks.AbstractQueuedSynchronizer::signalNext@22 (line 645)
                      ; - java.util.concurrent.locks.AbstractQueuedSynchronizer::release@12 (line 1100)
                      ; - java.util.concurrent.locks.ReentrantLock::unlock@5 (line 495)
                      ; - java.awt.EventQueue::postEventPrivate@83 (line 281)
                      ; - java.awt.EventQueue::postEvent@9 (line 251)
                      ; - sun.awt.PostEventQueue::flush@87 (line 2064)
                      ; - sun.awt.SunToolkit::flushPendingEvents@15 (line 502)
                      ; - java.awt.EventQueue::getNextEvent@4 (line 535)
                      ; - java.awt.EventDispatchThread::pumpOneEventForFilters@20 (line 190)
  0x000001ea719a29b0: 2cf8 a4ff 

  0x000001ea719a29b4: ;   {post_call_nop}
  0x000001ea719a29b4: 0f1f 8400 | 2c86 00d8 | ba45 ffff | ff4c 8b54 | 2428 4c89 | 5424 2044 | 8b54 2438 | 458b da44 
  0x000001ea719a29d4: 895c 242c | 4c8b 5424 | 484c 8954 | 2430 4c8b | 5424 504c | 8954 2440 | 4c8b 5424 | 584c 8954 
  0x000001ea719a29f4: 2448 458b | d044 8954 | 2450 4489 

  0x000001ea719a2a00: ;   {runtime_call UncommonTrapBlob}
  0x000001ea719a2a00: 4424 58e8 

  0x000001ea719a2a04: ; ImmutableOopMap {[32]=Oop [44]=NarrowOop [48]=Oop [60]=NarrowOop [64]=Oop [72]=Oop [80]=NarrowOop [88]=NarrowOop }
                      ;*ifeq {reexecute=1 rethrow=0 return_oop=0}
                      ; - (reexecute) java.awt.EventQueue::coalesceEvent@38 (line 445)
                      ; - java.awt.EventQueue::postEvent@3 (line 314)
                      ; - java.awt.EventQueue::postEventPrivate@76 (line 279)
                      ; - java.awt.EventQueue::postEvent@9 (line 251)
                      ; - sun.awt.PostEventQueue::flush@87 (line 2064)
                      ; - sun.awt.SunToolkit::flushPendingEvents@15 (line 502)
                      ; - java.awt.EventQueue::getNextEvent@4 (line 535)
                      ; - java.awt.EventDispatchThread::pumpOneEventForFilters@20 (line 190)
  0x000001ea719a2a04: d8f7 a4ff 

  0x000001ea719a2a08: ;   {post_call_nop}
  0x000001ea719a2a08: 0f1f 8400 | 8086 00d9 | ba45 ffff | ff4c 8b54 | 2428 4c89 | 5424 2044 | 8944 2434 

  0x000001ea719a2a24: ;   {runtime_call UncommonTrapBlob}
  0x000001ea719a2a24: 6666 90e8 

  0x000001ea719a2a28: ; ImmutableOopMap {[32]=Oop [52]=NarrowOop [56]=NarrowOop }
                      ;*ifeq {reexecute=1 rethrow=0 return_oop=0}
                      ; - (reexecute) jdk.internal.misc.Unsafe::getAndBitwiseAndInt@21 (line 3275)
                      ; - java.util.concurrent.locks.AbstractQueuedSynchronizer$Node::getAndUnsetStatus@10 (line 482)
                      ; - java.util.concurrent.locks.AbstractQueuedSynchronizer::signalNext@22 (line 645)
                      ; - java.util.concurrent.locks.AbstractQueuedSynchronizer::release@12 (line 1100)
                      ; - java.util.concurrent.locks.ReentrantLock::unlock@5 (line 495)
                      ; - java.awt.EventQueue::getNextEvent@61 (line 545)
                      ; - java.awt.EventDispatchThread::pumpOneEventForFilters@20 (line 190)
  0x000001ea719a2a28: b4f7 a4ff 

  0x000001ea719a2a2c: ;   {post_call_nop}
  0x000001ea719a2a2c: 0f1f 8400 | a486 00da | baf6 ffff | ff48 8b6c | 2428 448b | 5424 3844 | 8954 2424 | 4c8b 5424 
  0x000001ea719a2a4c: 484c 8954 | 2428 4c8b | 5424 684c | 8954 2440 | 448b 5424 | 3c44 8954 | 2438 448b | 5c24 5844 
  0x000001ea719a2a6c: 895c 243c 

  0x000001ea719a2a70: ;   {runtime_call UncommonTrapBlob}
  0x000001ea719a2a70: 6666 90e8 

  0x000001ea719a2a74: ; ImmutableOopMap {rbp=Oop [36]=NarrowOop [40]=Oop [56]=NarrowOop [60]=NarrowOop [64]=Oop [80]=Oop [92]=NarrowOop [112]=Oop [120]=Oop [168]=Oop }
                      ;*putfield next {reexecute=1 rethrow=0 return_oop=0}
                      ; - (reexecute) java.awt.EventQueue::postEvent@144 (line 339)
                      ; - java.awt.EventQueue::postEventPrivate@76 (line 279)
                      ; - java.awt.EventQueue::postEvent@9 (line 251)
                      ; - sun.awt.PostEventQueue::flush@87 (line 2064)
                      ; - sun.awt.SunToolkit::flushPendingEvents@15 (line 502)
                      ; - java.awt.EventQueue::postEvent@4 (line 250)
                      ; - sun.awt.PostEventQueue::flush@87 (line 2064)
                      ; - sun.awt.SunToolkit::flushPendingEvents@15 (line 502)
                      ; - java.awt.EventQueue::getNextEvent@4 (line 535)
                      ; - java.awt.EventDispatchThread::pumpOneEventForFilters@20 (line 190)
  0x000001ea719a2a74: 68f7 a4ff 

  0x000001ea719a2a78: ;   {post_call_nop}
  0x000001ea719a2a78: 0f1f 8400 | f086 00db | ba45 ffff | ff4c 8b54 | 2428 4c89 | 5424 2044 | 8b5c 2438 | 4489 5c24 
  0x000001ea719a2a98: 2c4c 8b54 | 2448 4c89 | 5424 304c | 8b54 2458 | 4c89 5424 | 4844 8b54 | 2460 4489 | 5424 384c 
  0x000001ea719a2ab8: 8b54 2470 | 4c89 5424 | 5844 8944 

  0x000001ea719a2ac4: ;   {runtime_call UncommonTrapBlob}
  0x000001ea719a2ac4: 2470 90e8 

  0x000001ea719a2ac8: ; ImmutableOopMap {[32]=Oop [44]=NarrowOop [48]=Oop [56]=NarrowOop [60]=NarrowOop [72]=Oop [80]=Oop [88]=Oop [100]=NarrowOop [112]=NarrowOop [120]=Oop [128]=NarrowOop }
                      ;*ifge {reexecute=1 rethrow=0 return_oop=0}
                      ; - (reexecute) java.util.concurrent.locks.ReentrantLock$NonfairSync::initialTryLock@36 (line 231)
                      ; - java.util.concurrent.locks.ReentrantLock$Sync::lock@1 (line 153)
                      ; - java.util.concurrent.locks.ReentrantLock::lock@4 (line 323)
                      ; - java.awt.EventQueue::postEventPrivate@9 (line 265)
                      ; - java.awt.EventQueue::postEvent@9 (line 251)
                      ; - sun.awt.PostEventQueue::flush@87 (line 2064)
                      ; - sun.awt.SunToolkit::flushPendingEvents@15 (line 502)
                      ; - java.awt.EventQueue::postEvent@4 (line 250)
                      ; - sun.awt.PostEventQueue::flush@87 (line 2064)
                      ; - sun.awt.SunToolkit::flushPendingEvents@15 (line 502)
                      ; - java.awt.EventQueue::getNextEvent@4 (line 535)
                      ; - java.awt.EventDispatchThread::pumpOneEventForFilters@20 (line 190)
  0x000001ea719a2ac8: 14f7 a4ff 

  0x000001ea719a2acc: ;   {post_call_nop}
  0x000001ea719a2acc: 0f1f 8400 | 4487 00dc | 4181 fa20 | 0300 000f | 8c39 bcff | ffba 45ff | ffff 488b | 6c24 2844 
  0x000001ea719a2aec: 8b54 2438 | 4489 5424 | 244c 8b54 | 2448 4c89 | 5424 284c | 8b54 2468 | 4c89 5424 | 4044 8b54 
  0x000001ea719a2b0c: 243c 4489 | 5424 3844 | 8b5c 2458 | 4489 5c24 | 3c4c 8b54 | 2470 4c89 | 5424 484c | 8b54 2478 
  0x000001ea719a2b2c: 4c89 5424 | 604c 8b94 | 24a8 0000 | 004c 8954 

  0x000001ea719a2b3c: ;   {runtime_call UncommonTrapBlob}
  0x000001ea719a2b3c: 2478 90e8 

  0x000001ea719a2b40: ; ImmutableOopMap {rbp=Oop [36]=NarrowOop [40]=Oop [56]=NarrowOop [60]=NarrowOop [64]=Oop [72]=Oop [80]=Oop [92]=NarrowOop [96]=Oop [120]=Oop [128]=NarrowOop [168]=Oop }
                      ;*lookupswitch {reexecute=1 rethrow=0 return_oop=0}
                      ; - (reexecute) java.awt.EventQueue::eventToCacheIndex@4 (line 489)
                      ; - java.awt.EventQueue::cacheEQItem@4 (line 460)
                      ; - java.awt.EventQueue::postEvent@21 (line 320)
                      ; - java.awt.EventQueue::postEventPrivate@76 (line 279)
                      ; - java.awt.EventQueue::postEvent@9 (line 251)
                      ; - sun.awt.PostEventQueue::flush@87 (line 2064)
                      ; - sun.awt.SunToolkit::flushPendingEvents@15 (line 502)
                      ; - java.awt.EventQueue::postEvent@4 (line 250)
                      ; - sun.awt.PostEventQueue::flush@87 (line 2064)
                      ; - sun.awt.SunToolkit::flushPendingEvents@15 (line 502)
                      ; - java.awt.EventQueue::getNextEvent@4 (line 535)
                      ; - java.awt.EventDispatchThread::pumpOneEventForFilters@20 (line 190)
  0x000001ea719a2b40: 9cf6 a4ff 

  0x000001ea719a2b44: ;   {post_call_nop}
  0x000001ea719a2b44: 0f1f 8400 | bc87 00dd | ba45 ffff | ff4c 8b54 | 2428 4c89 | 5424 2044 | 8b5c 2438 | 4489 5c24 
  0x000001ea719a2b64: 2c4c 8b54 | 2448 4c89 | 5424 304c | 8b54 2458 | 4c89 5424 | 4844 8b5c | 2460 4489 | 5c24 3844 
  0x000001ea719a2b84: 8944 246c 

  0x000001ea719a2b88: ;   {runtime_call UncommonTrapBlob}
  0x000001ea719a2b88: 6666 90e8 

  0x000001ea719a2b8c: ; ImmutableOopMap {[32]=Oop [44]=NarrowOop [48]=Oop [56]=NarrowOop [60]=NarrowOop [72]=Oop [80]=Oop [108]=NarrowOop [112]=Oop [120]=Oop }
                      ;*ifeq {reexecute=1 rethrow=0 return_oop=0}
                      ; - (reexecute) jdk.internal.misc.Unsafe::getAndBitwiseAndInt@21 (line 3275)
                      ; - java.util.concurrent.locks.AbstractQueuedSynchronizer$Node::getAndUnsetStatus@10 (line 482)
                      ; - java.util.concurrent.locks.AbstractQueuedSynchronizer::signalNext@22 (line 645)
                      ; - java.util.concurrent.locks.AbstractQueuedSynchronizer::release@12 (line 1100)
                      ; - java.util.concurrent.locks.ReentrantLock::unlock@5 (line 495)
                      ; - java.awt.EventQueue::postEventPrivate@83 (line 281)
                      ; - java.awt.EventQueue::postEvent@9 (line 251)
                      ; - sun.awt.PostEventQueue::flush@87 (line 2064)
                      ; - sun.awt.SunToolkit::flushPendingEvents@15 (line 502)
                      ; - java.awt.EventQueue::postEvent@4 (line 250)
                      ; - sun.awt.PostEventQueue::flush@87 (line 2064)
                      ; - sun.awt.SunToolkit::flushPendingEvents@15 (line 502)
                      ; - java.awt.EventQueue::getNextEvent@4 (line 535)
                      ; - java.awt.EventDispatchThread::pumpOneEventForFilters@20 (line 190)
  0x000001ea719a2b8c: 50f6 a4ff 

  0x000001ea719a2b90: ;   {post_call_nop}
  0x000001ea719a2b90: 0f1f 8400 | 0888 00de 

  0x000001ea719a2b98: ;   {metadata('java/util/concurrent/locks/AbstractQueuedSynchronizer$ExclusiveNode')}
  0x000001ea719a2b98: 48ba 58df | 1195 0000 

  0x000001ea719a2ba0: ;   {runtime_call C2 Runtime new_instance_blob}
  0x000001ea719a2ba0: 0000 90e8 

  0x000001ea719a2ba4: ; ImmutableOopMap {rbp=Oop [36]=NarrowOop [40]=Oop [56]=NarrowOop [64]=Oop [72]=Oop [80]=Oop }
                      ;*new {reexecute=0 rethrow=0 return_oop=1}
                      ; - java.util.concurrent.locks.AbstractQueuedSynchronizer::tryInitializeHead@30 (line 592)
                      ; - java.util.concurrent.locks.AbstractQueuedSynchronizer$ConditionObject::newConditionNode@4 (line 1665)
                      ; - java.util.concurrent.locks.AbstractQueuedSynchronizer$ConditionObject::await@15 (line 1737)
                      ; - java.awt.EventQueue::getNextEvent@52 (line 543)
                      ; - java.awt.EventDispatchThread::pumpOneEventForFilters@20 (line 190)
  0x000001ea719a2ba4: b84b a5ff 

  0x000001ea719a2ba8: ;   {post_call_nop}
  0x000001ea719a2ba8: 0f1f 8400 | 2088 00df | 4c8b d0e9 | e2cc ffff | ba45 ffff | ff4c 8b54 | 2428 4c89 | 5424 2044 
  0x000001ea719a2bc8: 8b5c 2438 | 4489 5c24 | 2c4c 8b54 | 2448 4c89 | 5424 304c | 8b54 2458 | 4c89 5424 | 4844 8b5c 
  0x000001ea719a2be8: 2460 4489 | 5c24 384c | 8b54 2470 | 4c89 5424 | 584c 8b54 | 2478 4c89 | 5424 6844 | 8b9c 2480 
  0x000001ea719a2c08: 0000 0045 | 8bd3 4489 | 5424 7044 | 8954 2478 

  0x000001ea719a2c18: ;   {runtime_call UncommonTrapBlob}
  0x000001ea719a2c18: 6666 90e8 

  0x000001ea719a2c1c: ; ImmutableOopMap {[32]=Oop [44]=NarrowOop [48]=Oop [56]=NarrowOop [60]=NarrowOop [72]=Oop [80]=Oop [88]=Oop [100]=NarrowOop [104]=Oop [112]=NarrowOop [120]=NarrowOop }
                      ;*ifeq {reexecute=1 rethrow=0 return_oop=0}
                      ; - (reexecute) java.awt.EventQueue::coalesceEvent@38 (line 445)
                      ; - java.awt.EventQueue::postEvent@3 (line 314)
                      ; - java.awt.EventQueue::postEventPrivate@76 (line 279)
                      ; - java.awt.EventQueue::postEvent@9 (line 251)
                      ; - sun.awt.PostEventQueue::flush@87 (line 2064)
                      ; - sun.awt.SunToolkit::flushPendingEvents@15 (line 502)
                      ; - java.awt.EventQueue::postEvent@4 (line 250)
                      ; - sun.awt.PostEventQueue::flush@87 (line 2064)
                      ; - sun.awt.SunToolkit::flushPendingEvents@15 (line 502)
                      ; - java.awt.EventQueue::getNextEvent@4 (line 535)
                      ; - java.awt.EventDispatchThread::pumpOneEventForFilters@20 (line 190)
  0x000001ea719a2c1c: c0f5 a4ff 

  0x000001ea719a2c20: ;   {post_call_nop}
  0x000001ea719a2c20: 0f1f 8400 | 9888 00e0 | ba45 ffff | ff4c 8b54 | 2428 4c89 | 5424 2044 | 8b54 2438 | 4489 5424 
  0x000001ea719a2c40: 2c4c 8b54 | 2448 4c89 | 5424 304c | 8b54 2468 | 4c89 5424 | 4844 8b5c | 243c 4489 | 5c24 3844 
  0x000001ea719a2c60: 8b54 2458 | 4489 5424 | 3c4c 8b54 | 2470 4c89 | 5424 6044 | 8b5c 245c | 4489 5c24 | 5844 8944 
  0x000001ea719a2c80: ;   {runtime_call UncommonTrapBlob}
  0x000001ea719a2c80: 2470 90e8 

  0x000001ea719a2c84: ; ImmutableOopMap {[32]=Oop [44]=NarrowOop [48]=Oop [56]=NarrowOop [60]=NarrowOop [72]=Oop [80]=Oop [88]=NarrowOop [96]=Oop [112]=NarrowOop [120]=Oop [128]=NarrowOop }
                      ;*ifge {reexecute=1 rethrow=0 return_oop=0}
                      ; - (reexecute) java.util.concurrent.locks.ReentrantLock$NonfairSync::initialTryLock@36 (line 231)
                      ; - java.util.concurrent.locks.ReentrantLock$Sync::lock@1 (line 153)
                      ; - java.util.concurrent.locks.ReentrantLock::lock@4 (line 323)
                      ; - java.awt.EventQueue::postEventPrivate@9 (line 265)
                      ; - java.awt.EventQueue::postEvent@9 (line 251)
                      ; - sun.awt.PostEventQueue::flush@87 (line 2064)
                      ; - sun.awt.SunToolkit::flushPendingEvents@15 (line 502)
                      ; - java.awt.EventQueue::postEvent@4 (line 250)
                      ; - sun.awt.PostEventQueue::flush@87 (line 2064)
                      ; - sun.awt.SunToolkit::flushPendingEvents@15 (line 502)
                      ; - java.awt.EventQueue::getNextEvent@4 (line 535)
                      ; - java.awt.EventDispatchThread::pumpOneEventForFilters@20 (line 190)
  0x000001ea719a2c84: 58f5 a4ff 

  0x000001ea719a2c88: ;   {post_call_nop}
  0x000001ea719a2c88: 0f1f 8400 | 0089 00e1 | ba45 ffff | ff4c 8b54 | 2428 4c89 | 5424 2044 | 8b5c 2438 | 4489 5c24 
  0x000001ea719a2ca8: 2c4c 8b54 | 2448 4c89 | 5424 304c | 8b54 2468 | 4c89 5424 | 4844 8b5c | 243c 4489 | 5c24 3844 
  0x000001ea719a2cc8: 8b5c 2458 | 4489 5c24 | 3c4c 8b54 | 2470 4c89 | 5424 604c | 8b54 2478 | 4c89 5424 | 6844 8b54 
  0x000001ea719a2ce8: 245c 4489 | 5424 5844 | 8b9c 2480 | 0000 0044 | 895c 2470 

  0x000001ea719a2cfc: ;   {runtime_call UncommonTrapBlob}
  0x000001ea719a2cfc: 6666 90e8 

  0x000001ea719a2d00: ; ImmutableOopMap {[32]=Oop [44]=NarrowOop [48]=Oop [56]=NarrowOop [60]=NarrowOop [72]=Oop [80]=Oop [88]=NarrowOop [96]=Oop [104]=Oop [112]=NarrowOop }
                      ;*ifeq {reexecute=1 rethrow=0 return_oop=0}
                      ; - (reexecute) java.awt.EventQueue::coalesceEvent@38 (line 445)
                      ; - java.awt.EventQueue::postEvent@3 (line 314)
                      ; - java.awt.EventQueue::postEventPrivate@76 (line 279)
                      ; - java.awt.EventQueue::postEvent@9 (line 251)
                      ; - sun.awt.PostEventQueue::flush@87 (line 2064)
                      ; - sun.awt.SunToolkit::flushPendingEvents@15 (line 502)
                      ; - java.awt.EventQueue::postEvent@4 (line 250)
                      ; - sun.awt.PostEventQueue::flush@87 (line 2064)
                      ; - sun.awt.SunToolkit::flushPendingEvents@15 (line 502)
                      ; - java.awt.EventQueue::getNextEvent@4 (line 535)
                      ; - java.awt.EventDispatchThread::pumpOneEventForFilters@20 (line 190)
  0x000001ea719a2d00: dcf4 a4ff 

  0x000001ea719a2d04: ;   {post_call_nop}
  0x000001ea719a2d04: 0f1f 8400 | 7c89 00e2 | 4489 9c24 | 8800 0000 

  0x000001ea719a2d14: ;   {metadata('sun/awt/EventQueueItem'[])}
  0x000001ea719a2d14: 48ba 2827 | 1095 0000 | 0000 41b8 | 0500 0000 

  0x000001ea719a2d24: ;   {runtime_call C2 Runtime new_array_blob}
  0x000001ea719a2d24: 6666 90e8 

  0x000001ea719a2d28: ; ImmutableOopMap {rbp=Oop [40]=Oop [56]=NarrowOop [60]=NarrowOop [64]=Oop [72]=Oop [80]=Oop [88]=Oop [96]=NarrowOop [104]=Oop [112]=Oop [128]=Oop }
                      ;*anewarray {reexecute=0 rethrow=0 return_oop=1}
                      ; - java.awt.EventQueue::cacheEQItem@46 (line 464)
                      ; - java.awt.EventQueue::postEvent@21 (line 320)
                      ; - java.awt.EventQueue::postEventPrivate@76 (line 279)
                      ; - java.awt.EventQueue::postEvent@9 (line 251)
                      ; - sun.awt.PostEventQueue::flush@87 (line 2064)
                      ; - sun.awt.SunToolkit::flushPendingEvents@15 (line 502)
                      ; - java.awt.EventQueue::getNextEvent@4 (line 535)
                      ; - java.awt.EventDispatchThread::pumpOneEventForFilters@20 (line 190)
  0x000001ea719a2d28: 344d a5ff 

  0x000001ea719a2d2c: ;   {post_call_nop}
  0x000001ea719a2d2c: 0f1f 8400 | a489 00e3 | 4c8b d0e9 | 66cc ffff | ba45 ffff | ff48 8b6c | 2428 448b | 5424 4844 
  0x000001ea719a2d4c: 8b5c 244c | 4489 5424 | 3044 895c 

  0x000001ea719a2d58: ;   {runtime_call UncommonTrapBlob}
  0x000001ea719a2d58: 2434 90e8 

  0x000001ea719a2d5c: ; ImmutableOopMap {rbp=Oop [48]=NarrowOop [52]=NarrowOop [56]=NarrowOop [72]=NarrowOop [76]=NarrowOop }
                      ;*ifnull {reexecute=1 rethrow=0 return_oop=0}
                      ; - (reexecute) java.util.HashMap::removeNode@173 (line 844)
                      ; - java.util.HashMap::remove@9 (line 806)
                      ; - java.util.HashSet::remove@5 (line 246)
                      ; - sun.awt.AWTAutoShutdown::notifyThreadFree@24 (line 198)
                      ; - java.awt.EventQueue::getNextEvent@45 (line 542)
                      ; - java.awt.EventDispatchThread::pumpOneEventForFilters@20 (line 190)
  0x000001ea719a2d5c: 80f4 a4ff 

  0x000001ea719a2d60: ;   {post_call_nop}
  0x000001ea719a2d60: 0f1f 8400 | d889 00e4 | 4489 9424 | 9c00 0000 

  0x000001ea719a2d70: ;   {metadata('sun/awt/EventQueueItem'[])}
  0x000001ea719a2d70: 48ba 2827 | 1095 0000 | 0000 41b8 | 0500 0000 

  0x000001ea719a2d80: ;   {runtime_call C2 Runtime new_array_blob}
  0x000001ea719a2d80: 6666 90e8 

  0x000001ea719a2d84: ; ImmutableOopMap {rbp=Oop [40]=Oop [56]=NarrowOop [60]=NarrowOop [64]=Oop [72]=Oop [80]=Oop [88]=Oop [96]=NarrowOop [100]=NarrowOop [104]=Oop [112]=Oop [120]=Oop [128]=NarrowOop [136]=Oop [144]=Oop [168]=Oop }
                      ;*anewarray {reexecute=0 rethrow=0 return_oop=1}
                      ; - java.awt.EventQueue::cacheEQItem@46 (line 464)
                      ; - java.awt.EventQueue::postEvent@21 (line 320)
                      ; - java.awt.EventQueue::postEventPrivate@76 (line 279)
                      ; - java.awt.EventQueue::postEvent@9 (line 251)
                      ; - sun.awt.PostEventQueue::flush@87 (line 2064)
                      ; - sun.awt.SunToolkit::flushPendingEvents@15 (line 502)
                      ; - java.awt.EventQueue::postEvent@4 (line 250)
                      ; - sun.awt.PostEventQueue::flush@87 (line 2064)
                      ; - sun.awt.SunToolkit::flushPendingEvents@15 (line 502)
                      ; - java.awt.EventQueue::getNextEvent@4 (line 535)
                      ; - java.awt.EventDispatchThread::pumpOneEventForFilters@20 (line 190)
  0x000001ea719a2d84: d84c a5ff 

  0x000001ea719a2d88: ;   {post_call_nop}
  0x000001ea719a2d88: 0f1f 8400 | 008a 00e5 | 4c8b d8e9 | 44cd ffff | bade ffff | ff4c 8b54 | 2428 4c89 | 5424 2044 
  0x000001ea719a2da8: 8b5c 2438 | 4489 5c24 | 2c4c 8b54 | 2448 4c89 

  0x000001ea719a2db8: ;   {runtime_call UncommonTrapBlob}
  0x000001ea719a2db8: 5424 30e8 

  0x000001ea719a2dbc: ; ImmutableOopMap {rbp=NarrowOop [32]=Oop [44]=NarrowOop [48]=Oop [80]=Oop [88]=Oop [96]=NarrowOop }
                      ;*checkcast {reexecute=0 rethrow=0 return_oop=0}
                      ; - java.awt.EventQueue::coalesceMouseEvent@4 (line 381)
                      ; - java.awt.EventQueue::coalesceEvent@80 (line 454)
                      ; - java.awt.EventQueue::postEvent@3 (line 314)
                      ; - java.awt.EventQueue::postEventPrivate@76 (line 279)
                      ; - java.awt.EventQueue::postEvent@9 (line 251)
                      ; - sun.awt.PostEventQueue::flush@87 (line 2064)
                      ; - sun.awt.SunToolkit::flushPendingEvents@15 (line 502)
                      ; - java.awt.EventQueue::getNextEvent@4 (line 535)
                      ; - java.awt.EventDispatchThread::pumpOneEventForFilters@20 (line 190)
  0x000001ea719a2dbc: 20f4 a4ff 

  0x000001ea719a2dc0: ;   {post_call_nop}
  0x000001ea719a2dc0: 0f1f 8400 | 388a 00e6 | bae4 ffff | ff4c 8b54 | 2428 4c89 | 5424 2044 | 8b5c 2438 | 4489 5c24 
  0x000001ea719a2de0: 2c4c 8b54 | 2448 4c89 | 5424 304c | 8b54 2450 | 4c89 5424 | 404c 8b54 | 2458 4c89 | 5424 4844 
  0x000001ea719a2e00: 8b54 2460 | 4489 5424 | 504c 8944 | 2458 894c 

  0x000001ea719a2e10: ;   {runtime_call UncommonTrapBlob}
  0x000001ea719a2e10: 2464 90e8 

  0x000001ea719a2e14: ; ImmutableOopMap {[32]=Oop [44]=NarrowOop [48]=Oop [60]=NarrowOop [64]=Oop [72]=Oop [80]=NarrowOop [88]=Oop [100]=NarrowOop }
                      ;*aaload {reexecute=0 rethrow=0 return_oop=0}
                      ; - java.awt.EventQueue::coalesceMouseEvent@29 (line 386)
                      ; - java.awt.EventQueue::coalesceEvent@80 (line 454)
                      ; - java.awt.EventQueue::postEvent@3 (line 314)
                      ; - java.awt.EventQueue::postEventPrivate@76 (line 279)
                      ; - java.awt.EventQueue::postEvent@9 (line 251)
                      ; - sun.awt.PostEventQueue::flush@87 (line 2064)
                      ; - sun.awt.SunToolkit::flushPendingEvents@15 (line 502)
                      ; - java.awt.EventQueue::getNextEvent@4 (line 535)
                      ; - java.awt.EventDispatchThread::pumpOneEventForFilters@20 (line 190)
  0x000001ea719a2e14: c8f3 a4ff 

  0x000001ea719a2e18: ;   {post_call_nop}
  0x000001ea719a2e18: 0f1f 8400 | 908a 00e7 | bade ffff | ff4c 8b54 | 2428 4c89 | 5424 2044 | 8b54 2438 | 458b da44 
  0x000001ea719a2e38: 895c 242c | 4c8b 5424 | 484c 8954 | 2430 4c8b | 5424 584c | 8954 2448 | 448b 5424 | 6044 8954 
  0x000001ea719a2e58: ;   {runtime_call UncommonTrapBlob}
  0x000001ea719a2e58: 2438 90e8 

  0x000001ea719a2e5c: ; ImmutableOopMap {rbp=NarrowOop [32]=Oop [44]=NarrowOop [48]=Oop [56]=NarrowOop [60]=NarrowOop [72]=Oop [80]=Oop [112]=Oop [120]=Oop [128]=NarrowOop }
                      ;*checkcast {reexecute=0 rethrow=0 return_oop=0}
                      ; - java.awt.EventQueue::coalesceMouseEvent@4 (line 381)
                      ; - java.awt.EventQueue::coalesceEvent@80 (line 454)
                      ; - java.awt.EventQueue::postEvent@3 (line 314)
                      ; - java.awt.EventQueue::postEventPrivate@76 (line 279)
                      ; - java.awt.EventQueue::postEvent@9 (line 251)
                      ; - sun.awt.PostEventQueue::flush@87 (line 2064)
                      ; - sun.awt.SunToolkit::flushPendingEvents@15 (line 502)
                      ; - java.awt.EventQueue::postEvent@4 (line 250)
                      ; - sun.awt.PostEventQueue::flush@87 (line 2064)
                      ; - sun.awt.SunToolkit::flushPendingEvents@15 (line 502)
                      ; - java.awt.EventQueue::getNextEvent@4 (line 535)
                      ; - java.awt.EventDispatchThread::pumpOneEventForFilters@20 (line 190)
  0x000001ea719a2e5c: 80f3 a4ff 

  0x000001ea719a2e60: ;   {post_call_nop}
  0x000001ea719a2e60: 0f1f 8400 | d88a 00e8 | 4489 8c24 | 9c00 0000 

  0x000001ea719a2e70: ;   {metadata('sun/awt/EventQueueItem'[])}
  0x000001ea719a2e70: 48ba 2827 | 1095 0000 | 0000 41b8 | 0500 0000 

  0x000001ea719a2e80: ;   {runtime_call C2 Runtime new_array_blob}
  0x000001ea719a2e80: 6666 90e8 

  0x000001ea719a2e84: ; ImmutableOopMap {rbp=Oop [40]=Oop [56]=NarrowOop [60]=NarrowOop [64]=Oop [72]=Oop [80]=Oop [88]=NarrowOop [92]=NarrowOop [96]=Oop [104]=Oop [112]=Oop [120]=Oop [128]=NarrowOop [136]=Oop [144]=Oop [168]=Oop }
                      ;*anewarray {reexecute=0 rethrow=0 return_oop=1}
                      ; - java.awt.EventQueue::cacheEQItem@46 (line 464)
                      ; - java.awt.EventQueue::postEvent@21 (line 320)
                      ; - java.awt.EventQueue::postEventPrivate@76 (line 279)
                      ; - java.awt.EventQueue::postEvent@9 (line 251)
                      ; - sun.awt.PostEventQueue::flush@87 (line 2064)
                      ; - sun.awt.SunToolkit::flushPendingEvents@15 (line 502)
                      ; - java.awt.EventQueue::postEvent@4 (line 250)
                      ; - sun.awt.PostEventQueue::flush@87 (line 2064)
                      ; - sun.awt.SunToolkit::flushPendingEvents@15 (line 502)
                      ; - java.awt.EventQueue::getNextEvent@4 (line 535)
                      ; - java.awt.EventDispatchThread::pumpOneEventForFilters@20 (line 190)
  0x000001ea719a2e84: d84b a5ff 

  0x000001ea719a2e88: ;   {post_call_nop}
  0x000001ea719a2e88: 0f1f 8400 | 008b 00e9 | 4c8b d0e9 | bacd ffff | bae4 ffff | ff4c 8b54 | 2428 4c89 | 5424 2044 
  0x000001ea719a2ea8: 8b5c 2438 | 4489 5c24 | 2c4c 8b54 | 2448 4c89 | 5424 304c | 8b54 2458 | 4c89 5424 | 4844 8b54 
  0x000001ea719a2ec8: 2460 4489 | 5424 384c | 8b54 2470 | 4c89 5424 | 584c 8b54 | 2478 4c89 | 5424 6844 | 8b9c 2480 
  0x000001ea719a2ee8: 0000 0045 | 8bd3 4489 | 5424 704c | 8944 2478 | 898c 2484 

  0x000001ea719a2efc: ;   {runtime_call UncommonTrapBlob}
  0x000001ea719a2efc: 0000 00e8 

  0x000001ea719a2f00: ; ImmutableOopMap {[32]=Oop [44]=NarrowOop [48]=Oop [56]=NarrowOop [60]=NarrowOop [72]=Oop [80]=Oop [88]=Oop [100]=NarrowOop [104]=Oop [112]=NarrowOop [120]=Oop [132]=NarrowOop }
                      ;*aaload {reexecute=0 rethrow=0 return_oop=0}
                      ; - java.awt.EventQueue::coalesceMouseEvent@29 (line 386)
                      ; - java.awt.EventQueue::coalesceEvent@80 (line 454)
                      ; - java.awt.EventQueue::postEvent@3 (line 314)
                      ; - java.awt.EventQueue::postEventPrivate@76 (line 279)
                      ; - java.awt.EventQueue::postEvent@9 (line 251)
                      ; - sun.awt.PostEventQueue::flush@87 (line 2064)
                      ; - sun.awt.SunToolkit::flushPendingEvents@15 (line 502)
                      ; - java.awt.EventQueue::postEvent@4 (line 250)
                      ; - sun.awt.PostEventQueue::flush@87 (line 2064)
                      ; - sun.awt.SunToolkit::flushPendingEvents@15 (line 502)
                      ; - java.awt.EventQueue::getNextEvent@4 (line 535)
                      ; - java.awt.EventDispatchThread::pumpOneEventForFilters@20 (line 190)
  0x000001ea719a2f00: dcf2 a4ff 

  0x000001ea719a2f04: ;   {post_call_nop}
  0x000001ea719a2f04: 0f1f 8400 | 7c8b 00ea | bade ffff | ff4c 8b54 | 2428 4c89 | 5424 2044 | 8b54 2438 | 4489 5424 
  0x000001ea719a2f24: 2c4c 8b54 | 2448 4c89 | 5424 304c | 8b54 2468 | 4c89 5424 | 4844 8b54 | 243c 4489 | 5424 3844 
  0x000001ea719a2f44: 8b5c 2458 | 4489 5c24 

  0x000001ea719a2f4c: ;   {runtime_call UncommonTrapBlob}
  0x000001ea719a2f4c: 3c66 90e8 

  0x000001ea719a2f50: ; ImmutableOopMap {rbp=NarrowOop [32]=Oop [44]=NarrowOop [48]=Oop [56]=NarrowOop [60]=NarrowOop [72]=Oop [80]=Oop [92]=NarrowOop [112]=Oop [120]=Oop }
                      ;*checkcast {reexecute=0 rethrow=0 return_oop=0}
                      ; - java.awt.EventQueue::coalesceMouseEvent@4 (line 381)
                      ; - java.awt.EventQueue::coalesceEvent@80 (line 454)
                      ; - java.awt.EventQueue::postEvent@3 (line 314)
                      ; - java.awt.EventQueue::postEventPrivate@76 (line 279)
                      ; - java.awt.EventQueue::postEvent@9 (line 251)
                      ; - sun.awt.PostEventQueue::flush@87 (line 2064)
                      ; - sun.awt.SunToolkit::flushPendingEvents@15 (line 502)
                      ; - java.awt.EventQueue::postEvent@4 (line 250)
                      ; - sun.awt.PostEventQueue::flush@87 (line 2064)
                      ; - sun.awt.SunToolkit::flushPendingEvents@15 (line 502)
                      ; - java.awt.EventQueue::getNextEvent@4 (line 535)
                      ; - java.awt.EventDispatchThread::pumpOneEventForFilters@20 (line 190)
  0x000001ea719a2f50: 8cf2 a4ff 

  0x000001ea719a2f54: ;   {post_call_nop}
  0x000001ea719a2f54: 0f1f 8400 | cc8b 00eb | bae4 ffff | ff4c 8b54 | 2428 4c89 | 5424 2044 | 8b5c 2438 | 4489 5c24 
  0x000001ea719a2f74: 2c4c 8b54 | 2448 4c89 | 5424 304c | 8b54 2468 | 4c89 5424 | 4844 8b54 | 243c 4489 | 5424 3844 
  0x000001ea719a2f94: 8b5c 2458 | 4489 5c24 | 3c4c 8b54 | 2470 4c89 | 5424 604c | 8b54 2478 | 4c89 5424 | 6844 8b9c 
  0x000001ea719a2fb4: 2480 0000 | 0044 895c | 2470 4c89 | 4424 7844 | 898c 2484 

  0x000001ea719a2fc8: ;   {runtime_call UncommonTrapBlob}
  0x000001ea719a2fc8: 0000 00e8 

  0x000001ea719a2fcc: ; ImmutableOopMap {[32]=Oop [44]=NarrowOop [48]=Oop [56]=NarrowOop [60]=NarrowOop [72]=Oop [80]=Oop [92]=NarrowOop [96]=Oop [104]=Oop [112]=NarrowOop [120]=Oop [132]=NarrowOop }
                      ;*aaload {reexecute=0 rethrow=0 return_oop=0}
                      ; - java.awt.EventQueue::coalesceMouseEvent@29 (line 386)
                      ; - java.awt.EventQueue::coalesceEvent@80 (line 454)
                      ; - java.awt.EventQueue::postEvent@3 (line 314)
                      ; - java.awt.EventQueue::postEventPrivate@76 (line 279)
                      ; - java.awt.EventQueue::postEvent@9 (line 251)
                      ; - sun.awt.PostEventQueue::flush@87 (line 2064)
                      ; - sun.awt.SunToolkit::flushPendingEvents@15 (line 502)
                      ; - java.awt.EventQueue::postEvent@4 (line 250)
                      ; - sun.awt.PostEventQueue::flush@87 (line 2064)
                      ; - sun.awt.SunToolkit::flushPendingEvents@15 (line 502)
                      ; - java.awt.EventQueue::getNextEvent@4 (line 535)
                      ; - java.awt.EventDispatchThread::pumpOneEventForFilters@20 (line 190)
  0x000001ea719a2fcc: 10f2 a4ff 

  0x000001ea719a2fd0: ;   {post_call_nop}
  0x000001ea719a2fd0: 0f1f 8400 | 488c 00ec | 81fd 2003 | 0000 0f8c | 5ac0 ffff | ba45 ffff | ff4c 8b54 | 2428 4c89 
  0x000001ea719a2ff0: 5424 2044 | 8b5c 2438 | 4489 5c24 | 2c4c 8b54 | 2448 4c89 | 5424 304c | 8b54 2450 | 4c89 5424 
  0x000001ea719a3010: 404c 8b54 | 2458 4c89 | 5424 4844 | 8b5c 2460 | 458b d344 | 8954 2450 | 894c 2460 | 4c89 4424 
  0x000001ea719a3030: ;   {runtime_call UncommonTrapBlob}
  0x000001ea719a3030: 6866 90e8 

  0x000001ea719a3034: ; ImmutableOopMap {[32]=Oop [44]=NarrowOop [48]=Oop [60]=NarrowOop [64]=Oop [72]=Oop [80]=NarrowOop [96]=NarrowOop [104]=Oop }
                      ;*lookupswitch {reexecute=1 rethrow=0 return_oop=0}
                      ; - (reexecute) java.awt.EventQueue::eventToCacheIndex@4 (line 489)
                      ; - java.awt.EventQueue::coalesceMouseEvent@18 (line 385)
                      ; - java.awt.EventQueue::coalesceEvent@80 (line 454)
                      ; - java.awt.EventQueue::postEvent@3 (line 314)
                      ; - java.awt.EventQueue::postEventPrivate@76 (line 279)
                      ; - java.awt.EventQueue::postEvent@9 (line 251)
                      ; - sun.awt.PostEventQueue::flush@87 (line 2064)
                      ; - sun.awt.SunToolkit::flushPendingEvents@15 (line 502)
                      ; - java.awt.EventQueue::getNextEvent@4 (line 535)
                      ; - java.awt.EventDispatchThread::pumpOneEventForFilters@20 (line 190)
  0x000001ea719a3034: a8f1 a4ff 

  0x000001ea719a3038: ;   {post_call_nop}
  0x000001ea719a3038: 0f1f 8400 | b08c 00ed | 81fd 2003 | 0000 0f8c | 59c1 ffff | ba45 ffff | ff4c 8b54 | 2428 4c89 
  0x000001ea719a3058: 5424 2044 | 8b5c 2438 | 4489 5c24 | 2c4c 8b54 | 2448 4c89 | 5424 304c | 8b54 2458 | 4c89 5424 
  0x000001ea719a3078: 4844 8b54 | 2460 4489 | 5424 384c | 8b54 2470 | 4c89 5424 | 584c 8b54 | 2478 4c89 | 5424 6844 
  0x000001ea719a3098: 8b9c 2480 | 0000 0045 | 8bd3 4489 | 5424 7089 | 8c24 8000 | 0000 4c89 | 8424 8800 

  0x000001ea719a30b4: ;   {runtime_call UncommonTrapBlob}
  0x000001ea719a30b4: 0000 90e8 

  0x000001ea719a30b8: ; ImmutableOopMap {[32]=Oop [44]=NarrowOop [48]=Oop [56]=NarrowOop [60]=NarrowOop [72]=Oop [80]=Oop [88]=Oop [100]=NarrowOop [104]=Oop [112]=NarrowOop [128]=NarrowOop [136]=Oop }
                      ;*lookupswitch {reexecute=1 rethrow=0 return_oop=0}
                      ; - (reexecute) java.awt.EventQueue::eventToCacheIndex@4 (line 489)
                      ; - java.awt.EventQueue::coalesceMouseEvent@18 (line 385)
                      ; - java.awt.EventQueue::coalesceEvent@80 (line 454)
                      ; - java.awt.EventQueue::postEvent@3 (line 314)
                      ; - java.awt.EventQueue::postEventPrivate@76 (line 279)
                      ; - java.awt.EventQueue::postEvent@9 (line 251)
                      ; - sun.awt.PostEventQueue::flush@87 (line 2064)
                      ; - sun.awt.SunToolkit::flushPendingEvents@15 (line 502)
                      ; - java.awt.EventQueue::postEvent@4 (line 250)
                      ; - sun.awt.PostEventQueue::flush@87 (line 2064)
                      ; - sun.awt.SunToolkit::flushPendingEvents@15 (line 502)
                      ; - java.awt.EventQueue::getNextEvent@4 (line 535)
                      ; - java.awt.EventDispatchThread::pumpOneEventForFilters@20 (line 190)
  0x000001ea719a30b8: 24f1 a4ff 

  0x000001ea719a30bc: ;   {post_call_nop}
  0x000001ea719a30bc: 0f1f 8400 | 348d 00ee | bade ffff | ff48 8b6c | 2428 448b | 5424 3c44 | 8954 2428 

  0x000001ea719a30d8: ;   {runtime_call UncommonTrapBlob}
  0x000001ea719a30d8: 6666 90e8 

  0x000001ea719a30dc: ; ImmutableOopMap {rbp=Oop [40]=NarrowOop [56]=NarrowOop [60]=NarrowOop }
                      ;*invokevirtual consume {reexecute=0 rethrow=0 return_oop=0}
                      ; - java.awt.EventDispatchThread::pumpOneEventForFilters@44 (line 194)
  0x000001ea719a30dc: 00f1 a4ff 

  0x000001ea719a30e0: ;   {post_call_nop}
  0x000001ea719a30e0: 0f1f 8400 | 588d 00ef | 81fd 2003 | 0000 0f8c | e8c1 ffff | ba45 ffff | ff4c 8b54 | 2428 4c89 
  0x000001ea719a3100: 5424 2044 | 8b5c 2438 | 4489 5c24 | 2c4c 8b54 | 2448 4c89 | 5424 304c | 8b54 2468 | 4c89 5424 
  0x000001ea719a3120: 4844 8b5c | 243c 4489 | 5c24 3844 | 8b54 2458 | 4489 5424 | 3c4c 8b54 | 2470 4c89 | 5424 604c 
  0x000001ea719a3140: 8b54 2478 | 4c89 5424 | 6844 8b94 | 2480 0000 | 0044 8954 | 2470 4489 | 8c24 8000 | 0000 4c89 
  0x000001ea719a3160: 8424 8800 

  0x000001ea719a3164: ;   {runtime_call UncommonTrapBlob}
  0x000001ea719a3164: 0000 90e8 

  0x000001ea719a3168: ; ImmutableOopMap {[32]=Oop [44]=NarrowOop [48]=Oop [56]=NarrowOop [60]=NarrowOop [72]=Oop [80]=Oop [92]=NarrowOop [96]=Oop [104]=Oop [112]=NarrowOop [128]=NarrowOop [136]=Oop }
                      ;*lookupswitch {reexecute=1 rethrow=0 return_oop=0}
                      ; - (reexecute) java.awt.EventQueue::eventToCacheIndex@4 (line 489)
                      ; - java.awt.EventQueue::coalesceMouseEvent@18 (line 385)
                      ; - java.awt.EventQueue::coalesceEvent@80 (line 454)
                      ; - java.awt.EventQueue::postEvent@3 (line 314)
                      ; - java.awt.EventQueue::postEventPrivate@76 (line 279)
                      ; - java.awt.EventQueue::postEvent@9 (line 251)
                      ; - sun.awt.PostEventQueue::flush@87 (line 2064)
                      ; - sun.awt.SunToolkit::flushPendingEvents@15 (line 502)
                      ; - java.awt.EventQueue::postEvent@4 (line 250)
                      ; - sun.awt.PostEventQueue::flush@87 (line 2064)
                      ; - sun.awt.SunToolkit::flushPendingEvents@15 (line 502)
                      ; - java.awt.EventQueue::getNextEvent@4 (line 535)
                      ; - java.awt.EventDispatchThread::pumpOneEventForFilters@20 (line 190)
  0x000001ea719a3168: 74f0 a4ff 

  0x000001ea719a316c: ;   {post_call_nop}
  0x000001ea719a316c: 0f1f 8400 | e48d 00f0 | bade ffff | ff48 8b6c | 2428 448b | 5c24 3844 | 895c 2424 | 4889 4424 
  0x000001ea719a318c: ;   {runtime_call UncommonTrapBlob}
  0x000001ea719a318c: 2866 90e8 

  0x000001ea719a3190: ; ImmutableOopMap {rbp=Oop [36]=NarrowOop [40]=Oop [56]=NarrowOop }
                      ;*checkcast {reexecute=0 rethrow=0 return_oop=0}
                      ; - sun.awt.SunToolkit::flushPendingEvents@6 (line 500)
                      ; - java.awt.EventQueue::getNextEvent@4 (line 535)
                      ; - java.awt.EventDispatchThread::pumpOneEventForFilters@20 (line 190)
  0x000001ea719a3190: 4cf0 a4ff 

  0x000001ea719a3194: ;   {post_call_nop}
  0x000001ea719a3194: 0f1f 8400 | 0c8e 00f1 | bade ffff | ff48 8b6c | 2428 448b | 5c24 3844 | 895c 2424 | 4c8b 5424 
  0x000001ea719a31b4: 484c 8954 | 2428 4889 

  0x000001ea719a31bc: ;   {runtime_call UncommonTrapBlob}
  0x000001ea719a31bc: 4424 48e8 

  0x000001ea719a31c0: ; ImmutableOopMap {rbp=Oop [36]=NarrowOop [40]=Oop [60]=NarrowOop [72]=Oop [80]=Oop [88]=Oop [96]=NarrowOop }
                      ;*checkcast {reexecute=0 rethrow=0 return_oop=0}
                      ; - sun.awt.SunToolkit::flushPendingEvents@6 (line 500)
                      ; - java.awt.EventQueue::postEvent@4 (line 250)
                      ; - sun.awt.PostEventQueue::flush@87 (line 2064)
                      ; - sun.awt.SunToolkit::flushPendingEvents@15 (line 502)
                      ; - java.awt.EventQueue::getNextEvent@4 (line 535)
                      ; - java.awt.EventDispatchThread::pumpOneEventForFilters@20 (line 190)
  0x000001ea719a31c0: 1cf0 a4ff 

  0x000001ea719a31c4: ;   {post_call_nop}
  0x000001ea719a31c4: 0f1f 8400 | 3c8e 00f2 | bade ffff | ff48 8b6c | 2428 448b | 5c24 3844 | 895c 2424 | 448b 5c24 
  0x000001ea719a31e4: 4844 8b54 | 244c 4489 | 5c24 3044 | 8954 2434 | 448b 9c24 | 8c00 0000 | 4489 4c24 | 5444 895c 
  0x000001ea719a3204: ;   {runtime_call UncommonTrapBlob}
  0x000001ea719a3204: 2458 90e8 

  0x000001ea719a3208: ; ImmutableOopMap {rbp=Oop [36]=NarrowOop [48]=NarrowOop [52]=NarrowOop [60]=NarrowOop [84]=NarrowOop [88]=NarrowOop [112]=Oop [120]=NarrowOop [140]=NarrowOop }
                      ;*instanceof {reexecute=0 rethrow=0 return_oop=0}
                      ; - java.util.HashMap::removeNode@94 (line 830)
                      ; - java.util.HashMap::remove@9 (line 806)
                      ; - java.util.HashSet::remove@5 (line 246)
                      ; - sun.awt.AWTAutoShutdown::notifyThreadFree@24 (line 198)
                      ; - java.awt.EventQueue::getNextEvent@45 (line 542)
                      ; - java.awt.EventDispatchThread::pumpOneEventForFilters@20 (line 190)
  0x000001ea719a3208: d4ef a4ff 

  0x000001ea719a320c: ;   {post_call_nop}
  0x000001ea719a320c: 0f1f 8400 | 848e 00f3 | bade ffff | ff48 8b6c | 2428 4889 

  0x000001ea719a3220: ;   {runtime_call UncommonTrapBlob}
  0x000001ea719a3220: 4424 28e8 

  0x000001ea719a3224: ; ImmutableOopMap {rbp=Oop [40]=Oop [56]=NarrowOop }
                      ;*checkcast {reexecute=0 rethrow=0 return_oop=0}
                      ; - sun.awt.SunToolkit::flushPendingEvents@6 (line 500)
                      ; - java.awt.EventQueue::getNextEvent@4 (line 535)
                      ; - java.awt.EventDispatchThread::pumpOneEventForFilters@20 (line 190)
  0x000001ea719a3224: b8ef a4ff 

  0x000001ea719a3228: ;   {post_call_nop}
  0x000001ea719a3228: 0f1f 8400 | a08e 00f4 | bade ffff | ff48 8b6c | 2428 448b | 5424 3844 | 8954 2424 | 4c8b 5424 
  0x000001ea719a3248: 484c 8954 | 2428 448b | 5c24 3c44 | 895c 2438 | 4889 4424 

  0x000001ea719a325c: ;   {runtime_call UncommonTrapBlob}
  0x000001ea719a325c: 4866 90e8 

  0x000001ea719a3260: ; ImmutableOopMap {rbp=Oop [36]=NarrowOop [40]=Oop [56]=NarrowOop [72]=Oop [80]=Oop [88]=NarrowOop [104]=Oop }
                      ;*checkcast {reexecute=0 rethrow=0 return_oop=0}
                      ; - sun.awt.SunToolkit::flushPendingEvents@6 (line 500)
                      ; - java.awt.EventQueue::postEvent@4 (line 250)
                      ; - sun.awt.PostEventQueue::flush@87 (line 2064)
                      ; - sun.awt.SunToolkit::flushPendingEvents@15 (line 502)
                      ; - java.awt.EventQueue::getNextEvent@4 (line 535)
                      ; - java.awt.EventDispatchThread::pumpOneEventForFilters@20 (line 190)
  0x000001ea719a3260: 7cef a4ff 

  0x000001ea719a3264: ;   {post_call_nop}
  0x000001ea719a3264: 0f1f 8400 | dc8e 00f5 | bade ffff | ff48 8b6c | 2428 448b | 5424 3845 | 8bda 4489 | 5c24 244c 
  0x000001ea719a3284: 8b54 2448 | 4c89 5424 | 284c 8b54 | 2458 4c89 | 5424 4044 | 8b54 2460 | 4489 5424 | 384c 8b54 
  0x000001ea719a32a4: 2470 4c89 | 5424 4844 | 8b9c 2480 | 0000 0045 | 8bd3 4489 | 5424 6844 | 8954 2470 

  0x000001ea719a32c0: ;   {runtime_call UncommonTrapBlob}
  0x000001ea719a32c0: 6666 90e8 

  0x000001ea719a32c4: ; ImmutableOopMap {rbp=Oop [36]=NarrowOop [40]=Oop [56]=NarrowOop [60]=NarrowOop [64]=Oop [72]=Oop [80]=Oop [100]=NarrowOop [104]=NarrowOop [112]=NarrowOop [120]=Oop }
                      ;*checkcast {reexecute=0 rethrow=0 return_oop=0}
                      ; - java.awt.EventQueue::coalesceEvent@61 (line 451)
                      ; - java.awt.EventQueue::postEvent@3 (line 314)
                      ; - java.awt.EventQueue::postEventPrivate@76 (line 279)
                      ; - java.awt.EventQueue::postEvent@9 (line 251)
                      ; - sun.awt.PostEventQueue::flush@87 (line 2064)
                      ; - sun.awt.SunToolkit::flushPendingEvents@15 (line 502)
                      ; - java.awt.EventQueue::postEvent@4 (line 250)
                      ; - sun.awt.PostEventQueue::flush@87 (line 2064)
                      ; - sun.awt.SunToolkit::flushPendingEvents@15 (line 502)
                      ; - java.awt.EventQueue::getNextEvent@4 (line 535)
                      ; - java.awt.EventDispatchThread::pumpOneEventForFilters@20 (line 190)
  0x000001ea719a32c4: 18ef a4ff 

  0x000001ea719a32c8: ;   {post_call_nop}
  0x000001ea719a32c8: 0f1f 8400 | 408f 00f6 | bade ffff | ff48 8b6c | 2428 448b | 5c24 3844 | 895c 2424 | 4c8b 5424 
  0x000001ea719a32e8: 484c 8954 | 2428 4c8b | 5424 504c | 8954 2430 | 448b 5c24 | 6045 8bd3 | 4489 5424 | 4844 8954 
  0x000001ea719a3308: ;   {runtime_call UncommonTrapBlob}
  0x000001ea719a3308: 2450 90e8 

  0x000001ea719a330c: ; ImmutableOopMap {rbp=Oop [36]=NarrowOop [40]=Oop [48]=Oop [60]=NarrowOop [72]=NarrowOop [80]=NarrowOop [88]=Oop }
                      ;*checkcast {reexecute=0 rethrow=0 return_oop=0}
                      ; - java.awt.EventQueue::coalesceEvent@61 (line 451)
                      ; - java.awt.EventQueue::postEvent@3 (line 314)
                      ; - java.awt.EventQueue::postEventPrivate@76 (line 279)
                      ; - java.awt.EventQueue::postEvent@9 (line 251)
                      ; - sun.awt.PostEventQueue::flush@87 (line 2064)
                      ; - sun.awt.SunToolkit::flushPendingEvents@15 (line 502)
                      ; - java.awt.EventQueue::getNextEvent@4 (line 535)
                      ; - java.awt.EventDispatchThread::pumpOneEventForFilters@20 (line 190)
  0x000001ea719a330c: d0ee a4ff 

  0x000001ea719a3310: ;   {post_call_nop}
  0x000001ea719a3310: 0f1f 8400 | 888f 00f7 | bade ffff | ff48 8b6c | 2428 448b | 5c24 3844 | 895c 2424 | 4c8b 5424 
  0x000001ea719a3330: 484c 8954 | 2428 4c8b | 5424 684c | 8954 2440 | 448b 5c24 | 3c44 895c | 2438 448b | 5424 5844 
  0x000001ea719a3350: 8954 243c | 4c8b 5424 | 704c 8954 | 2448 448b | 5424 5c44 | 8954 2458 | 448b 9c24 | 8000 0000 
  0x000001ea719a3370: 4489 5c24 

  0x000001ea719a3374: ;   {runtime_call UncommonTrapBlob}
  0x000001ea719a3374: 6866 90e8 

  0x000001ea719a3378: ; ImmutableOopMap {rbp=Oop [36]=NarrowOop [40]=Oop [56]=NarrowOop [60]=NarrowOop [64]=Oop [72]=Oop [80]=Oop [88]=NarrowOop [104]=NarrowOop [120]=Oop }
                      ;*checkcast {reexecute=0 rethrow=0 return_oop=0}
                      ; - java.awt.EventQueue::coalesceEvent@61 (line 451)
                      ; - java.awt.EventQueue::postEvent@3 (line 314)
                      ; - java.awt.EventQueue::postEventPrivate@76 (line 279)
                      ; - java.awt.EventQueue::postEvent@9 (line 251)
                      ; - sun.awt.PostEventQueue::flush@87 (line 2064)
                      ; - sun.awt.SunToolkit::flushPendingEvents@15 (line 502)
                      ; - java.awt.EventQueue::postEvent@4 (line 250)
                      ; - sun.awt.PostEventQueue::flush@87 (line 2064)
                      ; - sun.awt.SunToolkit::flushPendingEvents@15 (line 502)
                      ; - java.awt.EventQueue::getNextEvent@4 (line 535)
                      ; - java.awt.EventDispatchThread::pumpOneEventForFilters@20 (line 190)
  0x000001ea719a3378: 64ee a4ff 

  0x000001ea719a337c: ;   {post_call_nop}
  0x000001ea719a337c: 0f1f 8400 | f48f 00f8 | bade ffff | ff48 8b6c | 2428 448b | 5c24 3844 | 895c 2424 | 4c8b 5424 
  0x000001ea719a339c: 484c 8954 | 2428 4c8b | 5424 504c | 8954 2430 | 4c8b 5424 | 584c 8954 | 2440 448b | 5c24 6045 
  0x000001ea719a33bc: 8bd3 4489 | 5424 4889 | 4c24 584c | 8944 2460 

  0x000001ea719a33cc: ;   {runtime_call UncommonTrapBlob}
  0x000001ea719a33cc: 6666 90e8 

  0x000001ea719a33d0: ; ImmutableOopMap {rbp=Oop [36]=NarrowOop [40]=Oop [48]=Oop [60]=NarrowOop [64]=Oop [72]=NarrowOop [88]=NarrowOop [96]=Oop }
                      ;*instanceof {reexecute=0 rethrow=0 return_oop=0}
                      ; - java.awt.EventQueue::eventToCacheIndex@55 (line 499)
                      ; - java.awt.EventQueue::coalesceMouseEvent@18 (line 385)
                      ; - java.awt.EventQueue::coalesceEvent@80 (line 454)
                      ; - java.awt.EventQueue::postEvent@3 (line 314)
                      ; - java.awt.EventQueue::postEventPrivate@76 (line 279)
                      ; - java.awt.EventQueue::postEvent@9 (line 251)
                      ; - sun.awt.PostEventQueue::flush@87 (line 2064)
                      ; - sun.awt.SunToolkit::flushPendingEvents@15 (line 502)
                      ; - java.awt.EventQueue::getNextEvent@4 (line 535)
                      ; - java.awt.EventDispatchThread::pumpOneEventForFilters@20 (line 190)
  0x000001ea719a33d0: 0cee a4ff 

  0x000001ea719a33d4: ;   {post_call_nop}
  0x000001ea719a33d4: 0f1f 8400 | 4c90 00f9 | bade ffff | ff48 8b6c | 2428 894c 

  0x000001ea719a33e8: ;   {runtime_call UncommonTrapBlob}
  0x000001ea719a33e8: 242c 90e8 

  0x000001ea719a33ec: ; ImmutableOopMap {rbp=Oop [44]=NarrowOop [56]=NarrowOop [60]=NarrowOop }
                      ;*instanceof {reexecute=0 rethrow=0 return_oop=0}
                      ; - java.awt.EventQueue::eventToCacheIndex@55 (line 499)
                      ; - java.awt.EventQueue::uncacheEQItem@4 (line 471)
                      ; - java.awt.EventQueue::getNextEventPrivate@60 (line 561)
                      ; - java.awt.EventQueue::getNextEvent@17 (line 538)
                      ; - java.awt.EventDispatchThread::pumpOneEventForFilters@20 (line 190)
  0x000001ea719a33ec: f0ed a4ff 

  0x000001ea719a33f0: ;   {post_call_nop}
  0x000001ea719a33f0: 0f1f 8400 | 6890 00fa | bade ffff | ff48 8b6c | 2428 448b | 5c24 3844 | 895c 2424 | 4c8b 5424 
  0x000001ea719a3410: 484c 8954 | 2428 4c8b | 5424 504c | 8954 2430 | 4c8b 5424 | 584c 8954 | 2440 448b | 5424 6044 
  0x000001ea719a3430: 8954 2448 | 4c8b 9424 | 8000 0000 | 4c89 5424 

  0x000001ea719a3440: ;   {runtime_call UncommonTrapBlob}
  0x000001ea719a3440: 5866 90e8 

  0x000001ea719a3444: ; ImmutableOopMap {rbp=Oop [36]=NarrowOop [40]=Oop [48]=Oop [60]=NarrowOop [64]=Oop [72]=NarrowOop [88]=Oop [128]=Oop }
                      ;*instanceof {reexecute=0 rethrow=0 return_oop=0}
                      ; - java.awt.EventQueue::eventToCacheIndex@55 (line 499)
                      ; - java.awt.EventQueue::cacheEQItem@4 (line 460)
                      ; - java.awt.EventQueue::postEvent@21 (line 320)
                      ; - java.awt.EventQueue::postEventPrivate@76 (line 279)
                      ; - java.awt.EventQueue::postEvent@9 (line 251)
                      ; - sun.awt.PostEventQueue::flush@87 (line 2064)
                      ; - sun.awt.SunToolkit::flushPendingEvents@15 (line 502)
                      ; - java.awt.EventQueue::getNextEvent@4 (line 535)
                      ; - java.awt.EventDispatchThread::pumpOneEventForFilters@20 (line 190)
  0x000001ea719a3444: 98ed a4ff 

  0x000001ea719a3448: ;   {post_call_nop}
  0x000001ea719a3448: 0f1f 8400 | c090 00fb | bade ffff | ff48 8b6c | 2428 448b | 5424 3844 | 8954 2424 | 4c8b 5424 
  0x000001ea719a3468: 484c 8954 | 2428 4c8b | 5424 684c | 8954 2440 | 448b 5424 | 3c44 8954 | 2438 448b | 5c24 5844 
  0x000001ea719a3488: 895c 243c | 4c8b 5424 | 704c 8954 | 2448 4c8b | 5424 784c | 8954 2460 | 4c8b 9424 | a800 0000 
  0x000001ea719a34a8: 4c89 5424 

  0x000001ea719a34ac: ;   {runtime_call UncommonTrapBlob}
  0x000001ea719a34ac: 7866 90e8 

  0x000001ea719a34b0: ; ImmutableOopMap {rbp=Oop [36]=NarrowOop [40]=Oop [56]=NarrowOop [60]=NarrowOop [64]=Oop [72]=Oop [80]=Oop [92]=NarrowOop [96]=Oop [120]=Oop [128]=NarrowOop [168]=Oop }
                      ;*instanceof {reexecute=0 rethrow=0 return_oop=0}
                      ; - java.awt.EventQueue::eventToCacheIndex@55 (line 499)
                      ; - java.awt.EventQueue::cacheEQItem@4 (line 460)
                      ; - java.awt.EventQueue::postEvent@21 (line 320)
                      ; - java.awt.EventQueue::postEventPrivate@76 (line 279)
                      ; - java.awt.EventQueue::postEvent@9 (line 251)
                      ; - sun.awt.PostEventQueue::flush@87 (line 2064)
                      ; - sun.awt.SunToolkit::flushPendingEvents@15 (line 502)
                      ; - java.awt.EventQueue::postEvent@4 (line 250)
                      ; - sun.awt.PostEventQueue::flush@87 (line 2064)
                      ; - sun.awt.SunToolkit::flushPendingEvents@15 (line 502)
                      ; - java.awt.EventQueue::getNextEvent@4 (line 535)
                      ; - java.awt.EventDispatchThread::pumpOneEventForFilters@20 (line 190)
  0x000001ea719a34b0: 2ced a4ff 

  0x000001ea719a34b4: ;   {post_call_nop}
  0x000001ea719a34b4: 0f1f 8400 | 2c91 00fc | bade ffff | ff48 8b6c | 2428 448b | 5c24 3844 | 895c 2424 | 4c8b 5424 
  0x000001ea719a34d4: 484c 8954 | 2428 4c8b | 5424 684c | 8954 2440 | 448b 5424 | 3c44 8954 | 2438 448b | 5c24 5844 
  0x000001ea719a34f4: 895c 243c | 4c8b 5424 | 704c 8954 | 2448 4c8b | 5424 784c | 8954 2460 | 448b 9c24 | 8000 0000 
  0x000001ea719a3514: 4489 5c24 | 6844 894c | 2478 4c89 | 8424 8000 

  0x000001ea719a3524: ;   {runtime_call UncommonTrapBlob}
  0x000001ea719a3524: 0000 90e8 

  0x000001ea719a3528: ; ImmutableOopMap {rbp=Oop [36]=NarrowOop [40]=Oop [56]=NarrowOop [60]=NarrowOop [64]=Oop [72]=Oop [80]=Oop [92]=NarrowOop [96]=Oop [104]=NarrowOop [120]=NarrowOop [128]=Oop }
                      ;*instanceof {reexecute=0 rethrow=0 return_oop=0}
                      ; - java.awt.EventQueue::eventToCacheIndex@55 (line 499)
                      ; - java.awt.EventQueue::coalesceMouseEvent@18 (line 385)
                      ; - java.awt.EventQueue::coalesceEvent@80 (line 454)
                      ; - java.awt.EventQueue::postEvent@3 (line 314)
                      ; - java.awt.EventQueue::postEventPrivate@76 (line 279)
                      ; - java.awt.EventQueue::postEvent@9 (line 251)
                      ; - sun.awt.PostEventQueue::flush@87 (line 2064)
                      ; - sun.awt.SunToolkit::flushPendingEvents@15 (line 502)
                      ; - java.awt.EventQueue::postEvent@4 (line 250)
                      ; - sun.awt.PostEventQueue::flush@87 (line 2064)
                      ; - sun.awt.SunToolkit::flushPendingEvents@15 (line 502)
                      ; - java.awt.EventQueue::getNextEvent@4 (line 535)
                      ; - java.awt.EventDispatchThread::pumpOneEventForFilters@20 (line 190)
  0x000001ea719a3528: b4ec a4ff 

  0x000001ea719a352c: ;   {post_call_nop}
  0x000001ea719a352c: 0f1f 8400 | a491 00fd | bade ffff | ff48 8b6c | 2428 448b | 5c24 3844 | 895c 2424 | 4c8b 5424 
  0x000001ea719a354c: 484c 8954 | 2428 4c8b | 5424 584c | 8954 2440 | 448b 5c24 | 6044 895c | 2438 4c8b | 5424 704c 
  0x000001ea719a356c: 8954 2448 | 4c8b 5424 | 784c 8954 | 2458 448b | 9424 8000 | 0000 4489 | 5424 6889 | 4c24 784c 
  0x000001ea719a358c: 8984 2480 

  0x000001ea719a3590: ;   {runtime_call UncommonTrapBlob}
  0x000001ea719a3590: 0000 00e8 

  0x000001ea719a3594: ; ImmutableOopMap {rbp=Oop [36]=NarrowOop [40]=Oop [56]=NarrowOop [60]=NarrowOop [64]=Oop [72]=Oop [80]=Oop [88]=Oop [100]=NarrowOop [104]=NarrowOop [120]=NarrowOop [128]=Oop }
                      ;*instanceof {reexecute=0 rethrow=0 return_oop=0}
                      ; - java.awt.EventQueue::eventToCacheIndex@55 (line 499)
                      ; - java.awt.EventQueue::coalesceMouseEvent@18 (line 385)
                      ; - java.awt.EventQueue::coalesceEvent@80 (line 454)
                      ; - java.awt.EventQueue::postEvent@3 (line 314)
                      ; - java.awt.EventQueue::postEventPrivate@76 (line 279)
                      ; - java.awt.EventQueue::postEvent@9 (line 251)
                      ; - sun.awt.PostEventQueue::flush@87 (line 2064)
                      ; - sun.awt.SunToolkit::flushPendingEvents@15 (line 502)
                      ; - java.awt.EventQueue::postEvent@4 (line 250)
                      ; - sun.awt.PostEventQueue::flush@87 (line 2064)
                      ; - sun.awt.SunToolkit::flushPendingEvents@15 (line 502)
                      ; - java.awt.EventQueue::getNextEvent@4 (line 535)
                      ; - java.awt.EventDispatchThread::pumpOneEventForFilters@20 (line 190)
  0x000001ea719a3594: 48ec a4ff 

  0x000001ea719a3598: ;   {post_call_nop}
  0x000001ea719a3598: 0f1f 8400 | 1092 00fe | bade ffff | ff48 8b6c | 2428 448b | 5424 3845 | 8bda 4489 | 5c24 244c 
  0x000001ea719a35b8: 8b54 2448 | 4c89 5424 | 284c 8b54 | 2458 4c89 | 5424 4044 | 8b5c 2460 | 4489 5c24 | 384c 8b54 
  0x000001ea719a35d8: 2470 4c89 | 5424 484c | 8b54 2478 | 4c89 5424 | 5844 8b94 | 2480 0000 | 0044 8954 | 2468 4c8b 
  0x000001ea719a35f8: 9424 a800 | 0000 4c89 

  0x000001ea719a3600: ;   {runtime_call UncommonTrapBlob}
  0x000001ea719a3600: 5424 78e8 

  0x000001ea719a3604: ; ImmutableOopMap {rbp=Oop [36]=NarrowOop [40]=Oop [56]=NarrowOop [60]=NarrowOop [64]=Oop [72]=Oop [80]=Oop [88]=Oop [100]=NarrowOop [104]=NarrowOop [120]=Oop [168]=Oop }
                      ;*instanceof {reexecute=0 rethrow=0 return_oop=0}
                      ; - java.awt.EventQueue::eventToCacheIndex@55 (line 499)
                      ; - java.awt.EventQueue::cacheEQItem@4 (line 460)
                      ; - java.awt.EventQueue::postEvent@21 (line 320)
                      ; - java.awt.EventQueue::postEventPrivate@76 (line 279)
                      ; - java.awt.EventQueue::postEvent@9 (line 251)
                      ; - sun.awt.PostEventQueue::flush@87 (line 2064)
                      ; - sun.awt.SunToolkit::flushPendingEvents@15 (line 502)
                      ; - java.awt.EventQueue::postEvent@4 (line 250)
                      ; - sun.awt.PostEventQueue::flush@87 (line 2064)
                      ; - sun.awt.SunToolkit::flushPendingEvents@15 (line 502)
                      ; - java.awt.EventQueue::getNextEvent@4 (line 535)
                      ; - java.awt.EventDispatchThread::pumpOneEventForFilters@20 (line 190)
  0x000001ea719a3604: d8eb a4ff 

  0x000001ea719a3608: ;   {post_call_nop}
  0x000001ea719a3608: 0f1f 8400 | 8092 00ff | 488b 6c24 | 4048 8bd0 

  0x000001ea719a3618: ;   {runtime_call C2 Runtime rethrow_blob}
  0x000001ea719a3618: 6666 90e8 

  0x000001ea719a361c: ; ImmutableOopMap {rbp=Oop [40]=Oop [56]=NarrowOop [72]=Oop [88]=Oop }
                      ;*invokestatic managedBlock {reexecute=1 rethrow=0 return_oop=1}
                      ; - (reexecute) java.util.concurrent.locks.AbstractQueuedSynchronizer$ConditionObject::await@107 (line 1752)
                      ; - java.awt.EventQueue::getNextEvent@52 (line 543)
                      ; - java.awt.EventDispatchThread::pumpOneEventForFilters@20 (line 190)
  0x000001ea719a361c: 407c a5ff 

  0x000001ea719a3620: ;   {post_call_nop}
  0x000001ea719a3620: 0f1f 8400 | 0000 0000 | ba95 ffff | ff48 8b6c | 2428 448b | 5424 3845 | 8bda 4489 | 5c24 244c 
  0x000001ea719a3640: 8b54 2448 | 4c89 5424 | 284c 8b54 | 2450 4c89 | 5424 304c | 8b54 2458 | 4c89 5424 | 3844 8b5c 
  0x000001ea719a3660: 2460 458b | d344 8954 | 2444 448b | 5c24 6444 | 8b54 2478 | 4889 4424 | 5044 895c | 2458 4489 
  0x000001ea719a3680: ;   {runtime_call UncommonTrapBlob}
  0x000001ea719a3680: 5424 5ce8 

  0x000001ea719a3684: ; ImmutableOopMap {rbp=Oop [36]=NarrowOop [40]=Oop [48]=Oop [56]=Oop [68]=NarrowOop [80]=Oop [88]=NarrowOop [92]=NarrowOop [96]=NarrowOop [100]=NarrowOop [120]=NarrowOop }
                      ;*astore {reexecute=0 rethrow=0 return_oop=0}
                      ; - sun.awt.AWTAutoShutdown::notifyThreadBusy@68 (line 179)
                      ; - java.awt.EventQueue::postEvent@102 (line 330)
                      ; - java.awt.EventQueue::postEventPrivate@76 (line 279)
                      ; - java.awt.EventQueue::postEvent@9 (line 251)
                      ; - sun.awt.PostEventQueue::flush@87 (line 2064)
                      ; - sun.awt.SunToolkit::flushPendingEvents@15 (line 502)
                      ; - java.awt.EventQueue::getNextEvent@4 (line 535)
                      ; - java.awt.EventDispatchThread::pumpOneEventForFilters@20 (line 190)
  0x000001ea719a3684: 58eb a4ff 

  0x000001ea719a3688: ;   {post_call_nop}
  0x000001ea719a3688: 0f1f 8400 | 0000 0000 | baf6 ffff | ff48 8b6c 

  0x000001ea719a3698: ;   {runtime_call UncommonTrapBlob}
  0x000001ea719a3698: 2428 90e8 

  0x000001ea719a369c: ; ImmutableOopMap {rbp=Oop [56]=NarrowOop }
                      ;*getfield head {reexecute=1 rethrow=0 return_oop=0}
                      ; - (reexecute) java.awt.EventQueue::getNextEventPrivate@12 (line 555)
                      ; - java.awt.EventQueue::getNextEvent@17 (line 538)
                      ; - java.awt.EventDispatchThread::pumpOneEventForFilters@20 (line 190)
  0x000001ea719a369c: 40eb a4ff 

  0x000001ea719a36a0: ;   {post_call_nop}
  0x000001ea719a36a0: 0f1f 8400 | 0000 0000 | ba95 ffff | ff48 8b6c | 2428 448b | 5424 3845 | 8bda 4489 | 5c24 244c 
  0x000001ea719a36c0: 8b54 2448 | 4c89 5424 | 284c 8b54 | 2458 4c89 | 5424 4044 | 8b5c 2460 | 4489 5c24 | 384c 8b54 
  0x000001ea719a36e0: 2470 4c89 | 5424 484c | 8b54 2478 | 4c89 5424 | 5844 8b94 | 2480 0000 | 0044 8954 | 2464 448b 
  0x000001ea719a3700: 9424 8400 | 0000 448b | 9c24 9800 | 0000 4889 | 4424 7044 | 8954 2478 | 4489 5c24 

  0x000001ea719a371c: ;   {runtime_call UncommonTrapBlob}
  0x000001ea719a371c: 7c66 90e8 

  0x000001ea719a3720: ; ImmutableOopMap {rbp=Oop [36]=NarrowOop [40]=Oop [56]=NarrowOop [60]=NarrowOop [64]=Oop [72]=Oop [80]=Oop [88]=Oop [100]=NarrowOop [112]=Oop [120]=NarrowOop [124]=NarrowOop [128]=NarrowOop [132]=NarrowOop [152]=NarrowOop }
                      ;*astore {reexecute=0 rethrow=0 return_oop=0}
                      ; - sun.awt.AWTAutoShutdown::notifyThreadBusy@68 (line 179)
                      ; - java.awt.EventQueue::postEvent@102 (line 330)
                      ; - java.awt.EventQueue::postEventPrivate@76 (line 279)
                      ; - java.awt.EventQueue::postEvent@9 (line 251)
                      ; - sun.awt.PostEventQueue::flush@87 (line 2064)
                      ; - sun.awt.SunToolkit::flushPendingEvents@15 (line 502)
                      ; - java.awt.EventQueue::postEvent@4 (line 250)
                      ; - sun.awt.PostEventQueue::flush@87 (line 2064)
                      ; - sun.awt.SunToolkit::flushPendingEvents@15 (line 502)
                      ; - java.awt.EventQueue::getNextEvent@4 (line 535)
                      ; - java.awt.EventDispatchThread::pumpOneEventForFilters@20 (line 190)
  0x000001ea719a3720: bcea a4ff 

  0x000001ea719a3724: ;   {post_call_nop}
  0x000001ea719a3724: 0f1f 8400 | 0000 0000 | 488b e8eb | 0348 8be8 | ba95 ffff | ff4c 8b54 | 2428 4c89 | 5424 2044 
  0x000001ea719a3744: 8b54 2438 | 4489 5424 

  0x000001ea719a374c: ;   {runtime_call UncommonTrapBlob}
  0x000001ea719a374c: 2c66 90e8 

  0x000001ea719a3750: ; ImmutableOopMap {rbp=Oop [32]=Oop [44]=NarrowOop [72]=Oop [80]=Oop }
                      ;*astore {reexecute=0 rethrow=0 return_oop=0}
                      ; - sun.awt.PostEventQueue::flush@126 (line 2070)
                      ; - sun.awt.SunToolkit::flushPendingEvents@15 (line 502)
                      ; - java.awt.EventQueue::getNextEvent@4 (line 535)
                      ; - java.awt.EventDispatchThread::pumpOneEventForFilters@20 (line 190)
  0x000001ea719a3750: 8cea a4ff 

  0x000001ea719a3754: ;   {post_call_nop}
  0x000001ea719a3754: 0f1f 8400 | 0000 0000 | ba95 ffff | ff48 8b6c | 2428 448b | 4424 3845 | 8bd8 4489 | 5c24 244c 
  0x000001ea719a3774: 8b5c 2448 | 4889 4424 | 384c 895c 

  0x000001ea719a3780: ;   {runtime_call UncommonTrapBlob}
  0x000001ea719a3780: 2440 90e8 

  0x000001ea719a3784: ; ImmutableOopMap {rbp=Oop [36]=NarrowOop [56]=Oop [64]=Oop [72]=Oop [80]=Oop }
                      ;*astore {reexecute=0 rethrow=0 return_oop=0}
                      ; - sun.awt.PostEventQueue::flush@116 (line 2074)
                      ; - sun.awt.SunToolkit::flushPendingEvents@15 (line 502)
                      ; - java.awt.EventQueue::getNextEvent@4 (line 535)
                      ; - java.awt.EventDispatchThread::pumpOneEventForFilters@20 (line 190)
  0x000001ea719a3784: 58ea a4ff 

  0x000001ea719a3788: ;   {post_call_nop}
  0x000001ea719a3788: 0f1f 8400 | 0000 0000 | ba95 ffff | ff48 8b6c | 2428 448b | 5424 3844 | 8954 2424 | 4c8b 5424 
  0x000001ea719a37a8: 484c 8954 | 2428 4c8b | 5424 684c | 8954 2440 | 448b 5c24 | 3c44 895c | 2438 448b | 5424 5844 
  0x000001ea719a37c8: 8954 243c | 4c8b 5424 | 704c 8954 | 2448 4c8b | 5424 784c | 8954 2460 | 448b 9424 | 8400 0000 
  0x000001ea719a37e8: 448b 9c24 | 9800 0000 | 4889 4424 | 7044 8954 | 2478 4489 

  0x000001ea719a37fc: ;   {runtime_call UncommonTrapBlob}
  0x000001ea719a37fc: 5c24 7ce8 

  0x000001ea719a3800: ; ImmutableOopMap {rbp=Oop [36]=NarrowOop [40]=Oop [56]=NarrowOop [60]=NarrowOop [64]=Oop [72]=Oop [80]=Oop [92]=NarrowOop [96]=Oop [112]=Oop [120]=NarrowOop [124]=NarrowOop [132]=NarrowOop [152]=NarrowOop }
                      ;*astore {reexecute=0 rethrow=0 return_oop=0}
                      ; - sun.awt.AWTAutoShutdown::notifyThreadBusy@68 (line 179)
                      ; - java.awt.EventQueue::postEvent@102 (line 330)
                      ; - java.awt.EventQueue::postEventPrivate@76 (line 279)
                      ; - java.awt.EventQueue::postEvent@9 (line 251)
                      ; - sun.awt.PostEventQueue::flush@87 (line 2064)
                      ; - sun.awt.SunToolkit::flushPendingEvents@15 (line 502)
                      ; - java.awt.EventQueue::postEvent@4 (line 250)
                      ; - sun.awt.PostEventQueue::flush@87 (line 2064)
                      ; - sun.awt.SunToolkit::flushPendingEvents@15 (line 502)
                      ; - java.awt.EventQueue::getNextEvent@4 (line 535)
                      ; - java.awt.EventDispatchThread::pumpOneEventForFilters@20 (line 190)
  0x000001ea719a3800: dce9 a4ff 

  0x000001ea719a3804: ;   {post_call_nop}
  0x000001ea719a3804: 0f1f 8400 | 0000 0000 | ba95 ffff | ff48 8b6c | 2428 448b | 4424 3845 | 8bd8 4489 | 5c24 244c 
  0x000001ea719a3824: 8b5c 2448 | 4c89 5c24 | 284c 8b5c | 2450 4c89 | 5c24 304c | 8b5c 2458 | 4c89 5c24 | 4044 8b5c 
  0x000001ea719a3844: 2460 4489 | 5c24 384c | 8b5c 2470 | 4889 4424 | 584c 895c 

  0x000001ea719a3858: ;   {runtime_call UncommonTrapBlob}
  0x000001ea719a3858: 2460 90e8 

  0x000001ea719a385c: ; ImmutableOopMap {rbp=Oop [36]=NarrowOop [40]=Oop [48]=Oop [56]=NarrowOop [60]=NarrowOop [64]=Oop [88]=Oop [96]=Oop [112]=Oop }
                      ;*astore {reexecute=0 rethrow=0 return_oop=0}
                      ; - sun.awt.PostEventQueue::flush@116 (line 2074)
                      ; - sun.awt.SunToolkit::flushPendingEvents@15 (line 502)
                      ; - java.awt.EventQueue::postEvent@4 (line 250)
                      ; - sun.awt.PostEventQueue::flush@87 (line 2064)
                      ; - sun.awt.SunToolkit::flushPendingEvents@15 (line 502)
                      ; - java.awt.EventQueue::getNextEvent@4 (line 535)
                      ; - java.awt.EventDispatchThread::pumpOneEventForFilters@20 (line 190)
  0x000001ea719a385c: 80e9 a4ff 

  0x000001ea719a3860: ;   {post_call_nop}
  0x000001ea719a3860: 0f1f 8400 | 0000 0000 | ba95 ffff | ff48 8b6c | 2428 448b | 5c24 3844 | 895c 2424 | 4c8b 5c24 
  0x000001ea719a3880: 4848 8944 | 2438 4c89 

  0x000001ea719a3888: ;   {runtime_call UncommonTrapBlob}
  0x000001ea719a3888: 5c24 40e8 

  0x000001ea719a388c: ; ImmutableOopMap {rbp=Oop [36]=NarrowOop [56]=Oop [64]=Oop [72]=Oop [80]=Oop }
                      ;*astore {reexecute=0 rethrow=0 return_oop=0}
                      ; - sun.awt.PostEventQueue::flush@116 (line 2074)
                      ; - sun.awt.SunToolkit::flushPendingEvents@15 (line 502)
                      ; - java.awt.EventQueue::getNextEvent@4 (line 535)
                      ; - java.awt.EventDispatchThread::pumpOneEventForFilters@20 (line 190)
  0x000001ea719a388c: 50e9 a4ff 

  0x000001ea719a3890: ;   {post_call_nop}
  0x000001ea719a3890: 0f1f 8400 | 0000 0000 | ba95 ffff | ff48 8b6c | 2428 448b | 5424 3844 | 8954 2424 | 4c8b 5424 
  0x000001ea719a38b0: 484c 8954 | 2428 4c8b | 5424 504c | 8954 2430 | 448b 5c24 | 3c44 895c | 2438 448b | 5424 5844 
  0x000001ea719a38d0: 8954 243c | 4c8b 5424 | 7048 8944 | 2458 4c89 

  0x000001ea719a38e0: ;   {runtime_call UncommonTrapBlob}
  0x000001ea719a38e0: 5424 60e8 

  0x000001ea719a38e4: ; ImmutableOopMap {rbp=Oop [36]=NarrowOop [40]=Oop [48]=Oop [56]=NarrowOop [60]=NarrowOop [88]=Oop [96]=Oop [104]=Oop [112]=Oop }
                      ;*astore {reexecute=0 rethrow=0 return_oop=0}
                      ; - sun.awt.PostEventQueue::flush@116 (line 2074)
                      ; - sun.awt.SunToolkit::flushPendingEvents@15 (line 502)
                      ; - java.awt.EventQueue::postEvent@4 (line 250)
                      ; - sun.awt.PostEventQueue::flush@87 (line 2064)
                      ; - sun.awt.SunToolkit::flushPendingEvents@15 (line 502)
                      ; - java.awt.EventQueue::getNextEvent@4 (line 535)
                      ; - java.awt.EventDispatchThread::pumpOneEventForFilters@20 (line 190)
  0x000001ea719a38e4: f8e8 a4ff 

  0x000001ea719a38e8: ;   {post_call_nop}
  0x000001ea719a38e8: 0f1f 8400 | 0000 0000 | baf6 ffff | ff49 8be9 

  0x000001ea719a38f8: ;   {runtime_call UncommonTrapBlob}
  0x000001ea719a38f8: 6666 90e8 

  0x000001ea719a38fc: ; ImmutableOopMap {rbp=Oop }
                      ;*invokevirtual getNextEvent {reexecute=0 rethrow=0 return_oop=0}
                      ; - java.awt.EventDispatchThread::pumpOneEventForFilters@20 (line 190)
  0x000001ea719a38fc: e0e8 a4ff 

  0x000001ea719a3900: ;   {post_call_nop}
  0x000001ea719a3900: 0f1f 8400 | 0000 0000 | baf4 ffff | ff48 8b6c | 2428 448b | 5424 3845 | 8bda 4489 

  0x000001ea719a391c: ;   {runtime_call UncommonTrapBlob}
  0x000001ea719a391c: 5c24 24e8 

  0x000001ea719a3920: ; ImmutableOopMap {rbp=Oop [36]=NarrowOop [56]=NarrowOop }
                      ;*checkcast {reexecute=0 rethrow=0 return_oop=0}
                      ; - sun.awt.SunToolkit::flushPendingEvents@6 (line 500)
                      ; - java.awt.EventQueue::getNextEvent@4 (line 535)
                      ; - java.awt.EventDispatchThread::pumpOneEventForFilters@20 (line 190)
  0x000001ea719a3920: bce8 a4ff 

  0x000001ea719a3924: ;   {post_call_nop}
  0x000001ea719a3924: 0f1f 8400 | 0000 0000 | baf6 ffff | ff48 8b6c | 2428 448b | 5424 3845 | 8bda 4489 

  0x000001ea719a3940: ;   {runtime_call UncommonTrapBlob}
  0x000001ea719a3940: 5c24 24e8 

  0x000001ea719a3944: ; ImmutableOopMap {rbp=Oop [36]=NarrowOop [56]=NarrowOop }
                      ;*invokeinterface lock {reexecute=0 rethrow=0 return_oop=0}
                      ; - java.awt.EventQueue::getNextEvent@11 (line 536)
                      ; - java.awt.EventDispatchThread::pumpOneEventForFilters@20 (line 190)
  0x000001ea719a3944: 98e8 a4ff 

  0x000001ea719a3948: ;   {post_call_nop}
  0x000001ea719a3948: 0f1f 8400 | 0000 0000 | baf6 ffff | ff48 8b6c 

  0x000001ea719a3958: ;   {runtime_call UncommonTrapBlob}
  0x000001ea719a3958: 2428 90e8 

  0x000001ea719a395c: ; ImmutableOopMap {rbp=Oop [56]=NarrowOop }
                      ;*invokevirtual getID {reexecute=0 rethrow=0 return_oop=0}
                      ; - java.awt.EventQueue::eventToCacheIndex@1 (line 489)
                      ; - java.awt.EventQueue::uncacheEQItem@4 (line 471)
                      ; - java.awt.EventQueue::getNextEventPrivate@60 (line 561)
                      ; - java.awt.EventQueue::getNextEvent@17 (line 538)
                      ; - java.awt.EventDispatchThread::pumpOneEventForFilters@20 (line 190)
  0x000001ea719a395c: 80e8 a4ff 

  0x000001ea719a3960: ;   {post_call_nop}
  0x000001ea719a3960: 0f1f 8400 | 0000 0000 | baf6 ffff | ff48 8b6c 

  0x000001ea719a3970: ;   {runtime_call UncommonTrapBlob}
  0x000001ea719a3970: 2428 90e8 

  0x000001ea719a3974: ; ImmutableOopMap {rbp=Oop [56]=NarrowOop [60]=NarrowOop }
                      ;*invokeinterface unlock {reexecute=0 rethrow=0 return_oop=0}
                      ; - java.awt.EventQueue::getNextEvent@31 (line 545)
                      ; - java.awt.EventDispatchThread::pumpOneEventForFilters@20 (line 190)
  0x000001ea719a3974: 68e8 a4ff 

  0x000001ea719a3978: ;   {post_call_nop}
  0x000001ea719a3978: 0f1f 8400 | 0000 0000 | baf6 ffff | ff48 8b6c 

  0x000001ea719a3988: ;   {runtime_call UncommonTrapBlob}
  0x000001ea719a3988: 2428 90e8 

  0x000001ea719a398c: ; ImmutableOopMap {rbp=Oop [56]=NarrowOop [60]=NarrowOop }
                      ;*invokevirtual release {reexecute=0 rethrow=0 return_oop=0}
                      ; - java.util.concurrent.locks.ReentrantLock::unlock@5 (line 495)
                      ; - java.awt.EventQueue::getNextEvent@31 (line 545)
                      ; - java.awt.EventDispatchThread::pumpOneEventForFilters@20 (line 190)
  0x000001ea719a398c: 50e8 a4ff 

  0x000001ea719a3990: ;   {post_call_nop}
  0x000001ea719a3990: 0f1f 8400 | 0000 0000 | baf6 ffff | ff48 8b6c | 2428 448b | 5424 3845 | 8bda 4489 

  0x000001ea719a39ac: ;   {runtime_call UncommonTrapBlob}
  0x000001ea719a39ac: 5c24 24e8 

  0x000001ea719a39b0: ; ImmutableOopMap {rbp=Oop [36]=NarrowOop [60]=NarrowOop [72]=Oop [80]=Oop [88]=Oop }
                      ;*invokevirtual postEvent {reexecute=0 rethrow=0 return_oop=0}
                      ; - sun.awt.PostEventQueue::flush@87 (line 2064)
                      ; - sun.awt.SunToolkit::flushPendingEvents@15 (line 502)
                      ; - java.awt.EventQueue::getNextEvent@4 (line 535)
                      ; - java.awt.EventDispatchThread::pumpOneEventForFilters@20 (line 190)
  0x000001ea719a39b0: 2ce8 a4ff 

  0x000001ea719a39b4: ;   {post_call_nop}
  0x000001ea719a39b4: 0f1f 8400 | 0000 0000 | baf4 ffff | ff48 8b6c | 2428 448b | 5424 3845 | 8bda 4489 

  0x000001ea719a39d0: ;   {runtime_call UncommonTrapBlob}
  0x000001ea719a39d0: 5c24 24e8 

  0x000001ea719a39d4: ; ImmutableOopMap {rbp=Oop [36]=NarrowOop [60]=NarrowOop [72]=Oop [80]=Oop [88]=Oop [96]=NarrowOop }
                      ;*checkcast {reexecute=0 rethrow=0 return_oop=0}
                      ; - sun.awt.SunToolkit::flushPendingEvents@6 (line 500)
                      ; - java.awt.EventQueue::postEvent@4 (line 250)
                      ; - sun.awt.PostEventQueue::flush@87 (line 2064)
                      ; - sun.awt.SunToolkit::flushPendingEvents@15 (line 502)
                      ; - java.awt.EventQueue::getNextEvent@4 (line 535)
                      ; - java.awt.EventDispatchThread::pumpOneEventForFilters@20 (line 190)
  0x000001ea719a39d4: 08e8 a4ff 

  0x000001ea719a39d8: ;   {post_call_nop}
  0x000001ea719a39d8: 0f1f 8400 | 0000 0000 | baf6 ffff | ff48 8b6c | 2428 448b | 5424 3845 | 8bda 4489 

  0x000001ea719a39f4: ;   {runtime_call UncommonTrapBlob}
  0x000001ea719a39f4: 5c24 24e8 

  0x000001ea719a39f8: ; ImmutableOopMap {rbp=Oop [36]=NarrowOop [72]=Oop [80]=Oop [88]=Oop [96]=NarrowOop }
                      ;*putfield isPosted {reexecute=1 rethrow=0 return_oop=0}
                      ; - (reexecute) java.awt.EventQueue::postEventPrivate@2 (line 264)
                      ; - java.awt.EventQueue::postEvent@9 (line 251)
                      ; - sun.awt.PostEventQueue::flush@87 (line 2064)
                      ; - sun.awt.SunToolkit::flushPendingEvents@15 (line 502)
                      ; - java.awt.EventQueue::getNextEvent@4 (line 535)
                      ; - java.awt.EventDispatchThread::pumpOneEventForFilters@20 (line 190)
  0x000001ea719a39f8: e4e7 a4ff 

  0x000001ea719a39fc: ;   {post_call_nop}
  0x000001ea719a39fc: 0f1f 8400 | 0000 0000 | baf6 ffff | ff48 8b6c | 2428 448b | 5424 3845 | 8bda 4489 

  0x000001ea719a3a18: ;   {runtime_call UncommonTrapBlob}
  0x000001ea719a3a18: 5c24 24e8 

  0x000001ea719a3a1c: ; ImmutableOopMap {rbp=Oop [36]=NarrowOop [60]=NarrowOop [72]=Oop [80]=Oop [88]=Oop [96]=NarrowOop }
                      ;*invokeinterface lock {reexecute=0 rethrow=0 return_oop=0}
                      ; - java.awt.EventQueue::postEventPrivate@9 (line 265)
                      ; - java.awt.EventQueue::postEvent@9 (line 251)
                      ; - sun.awt.PostEventQueue::flush@87 (line 2064)
                      ; - sun.awt.SunToolkit::flushPendingEvents@15 (line 502)
                      ; - java.awt.EventQueue::getNextEvent@4 (line 535)
                      ; - java.awt.EventDispatchThread::pumpOneEventForFilters@20 (line 190)
  0x000001ea719a3a1c: c0e7 a4ff 

  0x000001ea719a3a20: ;   {post_call_nop}
  0x000001ea719a3a20: 0f1f 8400 | 0000 0000 | baf4 ffff | ff48 8b6c | 2428 448b | 5c24 3844 | 895c 2424 | 4c8b 5424 
  0x000001ea719a3a40: 484c 8954 | 2428 4c8b | 5424 504c | 8954 2430 | 4c8b 5424 | 584c 8954 | 2440 448b | 5c24 6045 
  0x000001ea719a3a60: 8bd3 4489 | 5424 4844 | 895c 2450 

  0x000001ea719a3a6c: ;   {runtime_call UncommonTrapBlob}
  0x000001ea719a3a6c: 6666 90e8 

  0x000001ea719a3a70: ; ImmutableOopMap {rbp=Oop [36]=NarrowOop [40]=Oop [48]=Oop [60]=NarrowOop [64]=Oop [72]=NarrowOop [80]=NarrowOop }
                      ;*instanceof {reexecute=0 rethrow=0 return_oop=0}
                      ; - java.awt.EventQueue::coalesceEvent@4 (line 438)
                      ; - java.awt.EventQueue::postEvent@3 (line 314)
                      ; - java.awt.EventQueue::postEventPrivate@76 (line 279)
                      ; - java.awt.EventQueue::postEvent@9 (line 251)
                      ; - sun.awt.PostEventQueue::flush@87 (line 2064)
                      ; - sun.awt.SunToolkit::flushPendingEvents@15 (line 502)
                      ; - java.awt.EventQueue::getNextEvent@4 (line 535)
                      ; - java.awt.EventDispatchThread::pumpOneEventForFilters@20 (line 190)
  0x000001ea719a3a70: 6ce7 a4ff 

  0x000001ea719a3a74: ;   {post_call_nop}
  0x000001ea719a3a74: 0f1f 8400 | 0000 0000 | baf6 ffff | ff48 8b6c | 2428 448b | 5424 3845 | 8bda 4489 

  0x000001ea719a3a90: ;   {runtime_call UncommonTrapBlob}
  0x000001ea719a3a90: 5c24 24e8 

  0x000001ea719a3a94: ; ImmutableOopMap {rbp=Oop [36]=NarrowOop [72]=Oop [80]=Oop [88]=Oop }
                      ;*invokeinterface unlock {reexecute=0 rethrow=0 return_oop=0}
                      ; - java.awt.EventQueue::postEventPrivate@83 (line 281)
                      ; - java.awt.EventQueue::postEvent@9 (line 251)
                      ; - sun.awt.PostEventQueue::flush@87 (line 2064)
                      ; - sun.awt.SunToolkit::flushPendingEvents@15 (line 502)
                      ; - java.awt.EventQueue::getNextEvent@4 (line 535)
                      ; - java.awt.EventDispatchThread::pumpOneEventForFilters@20 (line 190)
  0x000001ea719a3a94: 48e7 a4ff 

  0x000001ea719a3a98: ;   {post_call_nop}
  0x000001ea719a3a98: 0f1f 8400 | 0000 0000 | baf6 ffff | ff48 8b6c | 2428 448b | 5424 3845 | 8bda 4489 

  0x000001ea719a3ab4: ;   {runtime_call UncommonTrapBlob}
  0x000001ea719a3ab4: 5c24 24e8 

  0x000001ea719a3ab8: ; ImmutableOopMap {rbp=Oop [36]=NarrowOop [72]=Oop [80]=Oop [88]=Oop }
                      ;*invokevirtual release {reexecute=0 rethrow=0 return_oop=0}
                      ; - java.util.concurrent.locks.ReentrantLock::unlock@5 (line 495)
                      ; - java.awt.EventQueue::postEventPrivate@83 (line 281)
                      ; - java.awt.EventQueue::postEvent@9 (line 251)
                      ; - sun.awt.PostEventQueue::flush@87 (line 2064)
                      ; - sun.awt.SunToolkit::flushPendingEvents@15 (line 502)
                      ; - java.awt.EventQueue::getNextEvent@4 (line 535)
                      ; - java.awt.EventDispatchThread::pumpOneEventForFilters@20 (line 190)
  0x000001ea719a3ab8: 24e7 a4ff 

  0x000001ea719a3abc: ;   {post_call_nop}
  0x000001ea719a3abc: 0f1f 8400 | 0000 0000 | baf6 ffff | ff48 8b6c | 2428 448b | 5424 3845 | 8bda 4489 

  0x000001ea719a3ad8: ;   {runtime_call UncommonTrapBlob}
  0x000001ea719a3ad8: 5c24 24e8 

  0x000001ea719a3adc: ; ImmutableOopMap {rbp=Oop [36]=NarrowOop [72]=Oop [80]=Oop [88]=Oop [96]=NarrowOop }
                      ;*aaload {reexecute=0 rethrow=0 return_oop=0}
                      ; - java.awt.EventQueue::postEvent@47 (line 324)
                      ; - java.awt.EventQueue::postEventPrivate@76 (line 279)
                      ; - java.awt.EventQueue::postEvent@9 (line 251)
                      ; - sun.awt.PostEventQueue::flush@87 (line 2064)
                      ; - sun.awt.SunToolkit::flushPendingEvents@15 (line 502)
                      ; - java.awt.EventQueue::getNextEvent@4 (line 535)
                      ; - java.awt.EventDispatchThread::pumpOneEventForFilters@20 (line 190)
  0x000001ea719a3adc: 00e7 a4ff 

  0x000001ea719a3ae0: ;   {post_call_nop}
  0x000001ea719a3ae0: 0f1f 8400 | 0000 0000 | baf6 ffff | ff48 8b6c | 2428 448b | 5c24 3844 | 895c 2424 

  0x000001ea719a3afc: ;   {runtime_call UncommonTrapBlob}
  0x000001ea719a3afc: 6666 90e8 

  0x000001ea719a3b00: ; ImmutableOopMap {rbp=Oop [36]=NarrowOop [72]=Oop [80]=Oop [88]=Oop [96]=NarrowOop }
                      ;*getfield head {reexecute=1 rethrow=0 return_oop=0}
                      ; - (reexecute) java.awt.EventQueue::postEvent@48 (line 324)
                      ; - java.awt.EventQueue::postEventPrivate@76 (line 279)
                      ; - java.awt.EventQueue::postEvent@9 (line 251)
                      ; - sun.awt.PostEventQueue::flush@87 (line 2064)
                      ; - sun.awt.SunToolkit::flushPendingEvents@15 (line 502)
                      ; - java.awt.EventQueue::getNextEvent@4 (line 535)
                      ; - java.awt.EventDispatchThread::pumpOneEventForFilters@20 (line 190)
  0x000001ea719a3b00: dce6 a4ff 

  0x000001ea719a3b04: ;   {post_call_nop}
  0x000001ea719a3b04: 0f1f 8400 | 0000 0000 | baf6 ffff | ff48 8b6c | 2428 448b | 5c24 3844 | 895c 2424 | 4c8b 5424 
  0x000001ea719a3b24: 484c 8954 | 2428 4c8b | 5424 504c | 8954 2430 | 4c8b 5424 | 584c 8954 | 2440 448b | 5c24 6045 
  0x000001ea719a3b44: 8bd3 4489 | 5424 4844 | 8b5c 2464 | 448b 5424 | 7844 895c | 2454 4489 

  0x000001ea719a3b5c: ;   {runtime_call UncommonTrapBlob}
  0x000001ea719a3b5c: 5424 58e8 

  0x000001ea719a3b60: ; ImmutableOopMap {rbp=Oop [36]=NarrowOop [40]=Oop [48]=Oop [60]=NarrowOop [64]=Oop [72]=NarrowOop [84]=NarrowOop [88]=NarrowOop [96]=NarrowOop [100]=NarrowOop [120]=NarrowOop }
                      ;*invokeinterface add {reexecute=0 rethrow=0 return_oop=0}
                      ; - sun.awt.AWTAutoShutdown::notifyThreadBusy@57 (line 178)
                      ; - java.awt.EventQueue::postEvent@102 (line 330)
                      ; - java.awt.EventQueue::postEventPrivate@76 (line 279)
                      ; - java.awt.EventQueue::postEvent@9 (line 251)
                      ; - sun.awt.PostEventQueue::flush@87 (line 2064)
                      ; - sun.awt.SunToolkit::flushPendingEvents@15 (line 502)
                      ; - java.awt.EventQueue::getNextEvent@4 (line 535)
                      ; - java.awt.EventDispatchThread::pumpOneEventForFilters@20 (line 190)
  0x000001ea719a3b60: 7ce6 a4ff 

  0x000001ea719a3b64: ;   {post_call_nop}
  0x000001ea719a3b64: 0f1f 8400 | 0000 0000 | baf6 ffff | ff48 8b6c | 2428 448b | 5c24 3844 | 895c 2424 

  0x000001ea719a3b80: ;   {runtime_call UncommonTrapBlob}
  0x000001ea719a3b80: 6666 90e8 

  0x000001ea719a3b84: ; ImmutableOopMap {rbp=Oop [36]=NarrowOop [72]=Oop [80]=Oop [88]=Oop [96]=NarrowOop }
                      ;*invokeinterface signalAll {reexecute=0 rethrow=0 return_oop=0}
                      ; - java.awt.EventQueue::postEvent@109 (line 332)
                      ; - java.awt.EventQueue::postEventPrivate@76 (line 279)
                      ; - java.awt.EventQueue::postEvent@9 (line 251)
                      ; - sun.awt.PostEventQueue::flush@87 (line 2064)
                      ; - sun.awt.SunToolkit::flushPendingEvents@15 (line 502)
                      ; - java.awt.EventQueue::getNextEvent@4 (line 535)
                      ; - java.awt.EventDispatchThread::pumpOneEventForFilters@20 (line 190)
  0x000001ea719a3b84: 58e6 a4ff 

  0x000001ea719a3b88: ;   {post_call_nop}
  0x000001ea719a3b88: 0f1f 8400 | 0000 0000 | baf6 ffff | ff48 8b6c | 2428 448b | 5c24 3844 | 895c 2424 

  0x000001ea719a3ba4: ;   {runtime_call UncommonTrapBlob}
  0x000001ea719a3ba4: 6666 90e8 

  0x000001ea719a3ba8: ; ImmutableOopMap {rbp=Oop [36]=NarrowOop [72]=Oop [80]=Oop [88]=Oop [96]=NarrowOop }
                      ;*invokevirtual isHeldExclusively {reexecute=0 rethrow=0 return_oop=0}
                      ; - java.util.concurrent.locks.AbstractQueuedSynchronizer$ConditionObject::signalAll@9 (line 1590)
                      ; - java.awt.EventQueue::postEvent@109 (line 332)
                      ; - java.awt.EventQueue::postEventPrivate@76 (line 279)
                      ; - java.awt.EventQueue::postEvent@9 (line 251)
                      ; - sun.awt.PostEventQueue::flush@87 (line 2064)
                      ; - sun.awt.SunToolkit::flushPendingEvents@15 (line 502)
                      ; - java.awt.EventQueue::getNextEvent@4 (line 535)
                      ; - java.awt.EventDispatchThread::pumpOneEventForFilters@20 (line 190)
  0x000001ea719a3ba8: 34e6 a4ff 

  0x000001ea719a3bac: ;   {post_call_nop}
  0x000001ea719a3bac: 0f1f 8400 | 0000 0000 | baf6 ffff | ff48 8b6c | 2428 448b | 5424 3844 | 8954 2424 | 448b 5424 
  0x000001ea719a3bcc: 4844 8954 | 2428 448b | 5c24 4c44 | 895c 242c 

  0x000001ea719a3bdc: ;   {runtime_call UncommonTrapBlob}
  0x000001ea719a3bdc: 6666 90e8 

  0x000001ea719a3be0: ; ImmutableOopMap {rbp=Oop [36]=NarrowOop [40]=NarrowOop [44]=NarrowOop [60]=NarrowOop }
                      ;*invokeinterface remove {reexecute=0 rethrow=0 return_oop=0}
                      ; - sun.awt.AWTAutoShutdown::notifyThreadFree@24 (line 198)
                      ; - java.awt.EventQueue::getNextEvent@45 (line 542)
                      ; - java.awt.EventDispatchThread::pumpOneEventForFilters@20 (line 190)
  0x000001ea719a3be0: fce5 a4ff 

  0x000001ea719a3be4: ;   {post_call_nop}
  0x000001ea719a3be4: 0f1f 8400 | 0000 0000 | baf6 ffff | ff48 8b6c | 2428 448b | 5424 3844 | 8954 2424 | 448b 5424 
  0x000001ea719a3c04: 4844 8b5c | 244c 4489 | 5424 3044 | 895c 2434 

  0x000001ea719a3c14: ;   {runtime_call UncommonTrapBlob}
  0x000001ea719a3c14: 6666 90e8 

  0x000001ea719a3c18: ; ImmutableOopMap {rbp=Oop [36]=NarrowOop [48]=NarrowOop [52]=NarrowOop [60]=NarrowOop [72]=NarrowOop [76]=NarrowOop }
                      ;*invokevirtual remove {reexecute=0 rethrow=0 return_oop=0}
                      ; - java.util.HashSet::remove@5 (line 246)
                      ; - sun.awt.AWTAutoShutdown::notifyThreadFree@24 (line 198)
                      ; - java.awt.EventQueue::getNextEvent@45 (line 542)
                      ; - java.awt.EventDispatchThread::pumpOneEventForFilters@20 (line 190)
  0x000001ea719a3c18: c4e5 a4ff 

  0x000001ea719a3c1c: ;   {post_call_nop}
  0x000001ea719a3c1c: 0f1f 8400 | 0000 0000 | baf6 ffff | ff48 8b6c 

  0x000001ea719a3c2c: ;   {runtime_call UncommonTrapBlob}
  0x000001ea719a3c2c: 2428 90e8 

  0x000001ea719a3c30: ; ImmutableOopMap {rbp=Oop [56]=NarrowOop }
                      ;*invokeinterface await {reexecute=0 rethrow=0 return_oop=0}
                      ; - java.awt.EventQueue::getNextEvent@52 (line 543)
                      ; - java.awt.EventDispatchThread::pumpOneEventForFilters@20 (line 190)
  0x000001ea719a3c30: ace5 a4ff 

  0x000001ea719a3c34: ;   {post_call_nop}
  0x000001ea719a3c34: 0f1f 8400 | 0000 0000 | baf6 ffff | ff48 8b6c 

  0x000001ea719a3c44: ;   {runtime_call UncommonTrapBlob}
  0x000001ea719a3c44: 2428 90e8 

  0x000001ea719a3c48: ; ImmutableOopMap {rbp=Oop [56]=NarrowOop [72]=Oop [88]=Oop }
                      ;*invokevirtual isHeldExclusively {reexecute=0 rethrow=0 return_oop=0}
                      ; - java.util.concurrent.locks.AbstractQueuedSynchronizer$ConditionObject::enableWait@4 (line 1605)
                      ; - java.util.concurrent.locks.AbstractQueuedSynchronizer$ConditionObject::await@26 (line 1740)
                      ; - java.awt.EventQueue::getNextEvent@52 (line 543)
                      ; - java.awt.EventDispatchThread::pumpOneEventForFilters@20 (line 190)
  0x000001ea719a3c48: 94e5 a4ff 

  0x000001ea719a3c4c: ;   {post_call_nop}
  0x000001ea719a3c4c: 0f1f 8400 | 0000 0000 | baf6 ffff | ff48 8b6c | 2428 448b | 5424 3844 | 8954 2424 

  0x000001ea719a3c68: ;   {runtime_call UncommonTrapBlob}
  0x000001ea719a3c68: 6666 90e8 

  0x000001ea719a3c6c: ; ImmutableOopMap {rbp=Oop [36]=NarrowOop [72]=Oop [88]=Oop }
                      ;*invokevirtual release {reexecute=0 rethrow=0 return_oop=0}
                      ; - java.util.concurrent.locks.AbstractQueuedSynchronizer$ConditionObject::enableWait@62 (line 1615)
                      ; - java.util.concurrent.locks.AbstractQueuedSynchronizer$ConditionObject::await@26 (line 1740)
                      ; - java.awt.EventQueue::getNextEvent@52 (line 543)
                      ; - java.awt.EventDispatchThread::pumpOneEventForFilters@20 (line 190)
  0x000001ea719a3c6c: 70e5 a4ff 

  0x000001ea719a3c70: ;   {post_call_nop}
  0x000001ea719a3c70: 0f1f 8400 | 0000 0000 | baf6 ffff | ff48 8b6c 

  0x000001ea719a3c80: ;   {runtime_call UncommonTrapBlob}
  0x000001ea719a3c80: 2428 90e8 

  0x000001ea719a3c84: ; ImmutableOopMap {rbp=Oop [56]=NarrowOop }
                      ;*invokeinterface unlock {reexecute=0 rethrow=0 return_oop=0}
                      ; - java.awt.EventQueue::getNextEvent@61 (line 545)
                      ; - java.awt.EventDispatchThread::pumpOneEventForFilters@20 (line 190)
  0x000001ea719a3c84: 58e5 a4ff 

  0x000001ea719a3c88: ;   {post_call_nop}
  0x000001ea719a3c88: 0f1f 8400 | 0000 0000 | baf6 ffff | ff48 8b6c 

  0x000001ea719a3c98: ;   {runtime_call UncommonTrapBlob}
  0x000001ea719a3c98: 2428 90e8 

  0x000001ea719a3c9c: ; ImmutableOopMap {rbp=Oop [56]=NarrowOop }
                      ;*invokevirtual release {reexecute=0 rethrow=0 return_oop=0}
                      ; - java.util.concurrent.locks.ReentrantLock::unlock@5 (line 495)
                      ; - java.awt.EventQueue::getNextEvent@61 (line 545)
                      ; - java.awt.EventDispatchThread::pumpOneEventForFilters@20 (line 190)
  0x000001ea719a3c9c: 40e5 a4ff 

  0x000001ea719a3ca0: ;   {post_call_nop}
  0x000001ea719a3ca0: 0f1f 8400 | 0000 0000 | baf4 ffff | ff48 8b6c 

  0x000001ea719a3cb0: ;   {runtime_call UncommonTrapBlob}
  0x000001ea719a3cb0: 2428 90e8 

  0x000001ea719a3cb4: ; ImmutableOopMap {rbp=Oop [56]=NarrowOop }
                      ;*checkcast {reexecute=0 rethrow=0 return_oop=0}
                      ; - sun.awt.SunToolkit::flushPendingEvents@6 (line 500)
                      ; - java.awt.EventQueue::getNextEvent@4 (line 535)
                      ; - java.awt.EventDispatchThread::pumpOneEventForFilters@20 (line 190)
  0x000001ea719a3cb4: 28e5 a4ff 

  0x000001ea719a3cb8: ;   {post_call_nop}
  0x000001ea719a3cb8: 0f1f 8400 | 0000 0000 | baf6 ffff | ff48 8b6c 

  0x000001ea719a3cc8: ;   {runtime_call UncommonTrapBlob}
  0x000001ea719a3cc8: 2428 90e8 

  0x000001ea719a3ccc: ; ImmutableOopMap {rbp=Oop [56]=NarrowOop }
                      ;*invokeinterface lock {reexecute=0 rethrow=0 return_oop=0}
                      ; - java.awt.EventQueue::getNextEvent@11 (line 536)
                      ; - java.awt.EventDispatchThread::pumpOneEventForFilters@20 (line 190)
  0x000001ea719a3ccc: 10e5 a4ff 

  0x000001ea719a3cd0: ;   {post_call_nop}
  0x000001ea719a3cd0: 0f1f 8400 | 0000 0000 | baf6 ffff | ff48 8b6c | 2428 448b | 5c24 3844 | 895c 2424 | 4c8b 5424 
  0x000001ea719a3cf0: 484c 8954 | 2428 4c8b | 5424 504c | 8954 2430 | 4c8b 5424 | 584c 8954 | 2440 448b | 5c24 6045 
  0x000001ea719a3d10: 8bd3 4489 | 5424 4844 | 8b5c 2464 | 448b 5424 | 7844 895c | 2454 4489 

  0x000001ea719a3d28: ;   {runtime_call UncommonTrapBlob}
  0x000001ea719a3d28: 5424 58e8 

  0x000001ea719a3d2c: ; ImmutableOopMap {rbp=Oop [36]=NarrowOop [40]=Oop [48]=Oop [60]=NarrowOop [64]=Oop [72]=NarrowOop [84]=NarrowOop [88]=NarrowOop [96]=NarrowOop [100]=NarrowOop [120]=NarrowOop }
                      ;*invokeinterface isEmpty {reexecute=0 rethrow=0 return_oop=0}
                      ; - sun.awt.AWTAutoShutdown::isReadyToShutdown@11 (line 236)
                      ; - sun.awt.AWTAutoShutdown::notifyThreadBusy@34 (line 174)
                      ; - java.awt.EventQueue::postEvent@102 (line 330)
                      ; - java.awt.EventQueue::postEventPrivate@76 (line 279)
                      ; - java.awt.EventQueue::postEvent@9 (line 251)
                      ; - sun.awt.PostEventQueue::flush@87 (line 2064)
                      ; - sun.awt.SunToolkit::flushPendingEvents@15 (line 502)
                      ; - java.awt.EventQueue::getNextEvent@4 (line 535)
                      ; - java.awt.EventDispatchThread::pumpOneEventForFilters@20 (line 190)
  0x000001ea719a3d2c: b0e4 a4ff 

  0x000001ea719a3d30: ;   {post_call_nop}
  0x000001ea719a3d30: 0f1f 8400 | 0000 0000 | baf6 ffff | ff48 8b6c | 2428 448b | 5c24 4844 | 8b54 244c | 4489 5c24 
  0x000001ea719a3d50: 3044 8954 

  0x000001ea719a3d54: ;   {runtime_call UncommonTrapBlob}
  0x000001ea719a3d54: 2434 90e8 

  0x000001ea719a3d58: ; ImmutableOopMap {rbp=Oop [48]=NarrowOop [52]=NarrowOop [56]=NarrowOop [72]=NarrowOop [76]=NarrowOop }
                      ;*invokeinterface isEmpty {reexecute=0 rethrow=0 return_oop=0}
                      ; - sun.awt.AWTAutoShutdown::isReadyToShutdown@11 (line 236)
                      ; - sun.awt.AWTAutoShutdown::notifyThreadFree@31 (line 199)
                      ; - java.awt.EventQueue::getNextEvent@45 (line 542)
                      ; - java.awt.EventDispatchThread::pumpOneEventForFilters@20 (line 190)
  0x000001ea719a3d58: 84e4 a4ff 

  0x000001ea719a3d5c: ;   {post_call_nop}
  0x000001ea719a3d5c: 0f1f 8400 | 0000 0000 | baf6 ffff | ff48 8b6c | 2428 448b | 5424 3845 | 8bda 4489 | 5c24 244c 
  0x000001ea719a3d7c: 8b54 2448 | 4c89 5424 | 284c 8b54 | 2458 4c89 | 5424 4044 | 8b54 2460 | 4489 5424 

  0x000001ea719a3d98: ;   {runtime_call UncommonTrapBlob}
  0x000001ea719a3d98: 3866 90e8 

  0x000001ea719a3d9c: ; ImmutableOopMap {rbp=Oop [36]=NarrowOop [40]=Oop [56]=NarrowOop [60]=NarrowOop [64]=Oop [80]=Oop [100]=NarrowOop [112]=Oop [120]=Oop }
                      ;*invokevirtual postEvent {reexecute=0 rethrow=0 return_oop=0}
                      ; - sun.awt.PostEventQueue::flush@87 (line 2064)
                      ; - sun.awt.SunToolkit::flushPendingEvents@15 (line 502)
                      ; - java.awt.EventQueue::postEvent@4 (line 250)
                      ; - sun.awt.PostEventQueue::flush@87 (line 2064)
                      ; - sun.awt.SunToolkit::flushPendingEvents@15 (line 502)
                      ; - java.awt.EventQueue::getNextEvent@4 (line 535)
                      ; - java.awt.EventDispatchThread::pumpOneEventForFilters@20 (line 190)
  0x000001ea719a3d9c: 40e4 a4ff 

  0x000001ea719a3da0: ;   {post_call_nop}
  0x000001ea719a3da0: 0f1f 8400 | 0000 0000 | baf6 ffff | ff48 8b6c | 2428 448b | 5c24 3844 | 895c 2424 | 4c8b 5424 
  0x000001ea719a3dc0: 484c 8954 | 2428 4c8b | 5424 584c | 8954 2440 | 448b 5c24 | 6044 895c 

  0x000001ea719a3dd8: ;   {runtime_call UncommonTrapBlob}
  0x000001ea719a3dd8: 2438 90e8 

  0x000001ea719a3ddc: ; ImmutableOopMap {rbp=Oop [36]=NarrowOop [40]=Oop [56]=NarrowOop [60]=NarrowOop [64]=Oop [80]=Oop [112]=Oop [120]=Oop [128]=NarrowOop }
                      ;*putfield isPosted {reexecute=1 rethrow=0 return_oop=0}
                      ; - (reexecute) java.awt.EventQueue::postEventPrivate@2 (line 264)
                      ; - java.awt.EventQueue::postEvent@9 (line 251)
                      ; - sun.awt.PostEventQueue::flush@87 (line 2064)
                      ; - sun.awt.SunToolkit::flushPendingEvents@15 (line 502)
                      ; - java.awt.EventQueue::postEvent@4 (line 250)
                      ; - sun.awt.PostEventQueue::flush@87 (line 2064)
                      ; - sun.awt.SunToolkit::flushPendingEvents@15 (line 502)
                      ; - java.awt.EventQueue::getNextEvent@4 (line 535)
                      ; - java.awt.EventDispatchThread::pumpOneEventForFilters@20 (line 190)
  0x000001ea719a3ddc: 00e4 a4ff 

  0x000001ea719a3de0: ;   {post_call_nop}
  0x000001ea719a3de0: 0f1f 8400 | 0000 0000 | baf6 ffff | ff48 8b6c | 2428 448b | 5424 3845 | 8bda 4489 | 5c24 244c 
  0x000001ea719a3e00: 8b54 2448 | 4c89 5424 | 284c 8b54 | 2458 4c89 | 5424 4044 | 8b54 2460 | 4489 5424 

  0x000001ea719a3e1c: ;   {runtime_call UncommonTrapBlob}
  0x000001ea719a3e1c: 3866 90e8 

  0x000001ea719a3e20: ; ImmutableOopMap {rbp=Oop [36]=NarrowOop [40]=Oop [56]=NarrowOop [60]=NarrowOop [64]=Oop [80]=Oop [100]=NarrowOop [112]=Oop [120]=Oop [128]=NarrowOop }
                      ;*invokeinterface lock {reexecute=0 rethrow=0 return_oop=0}
                      ; - java.awt.EventQueue::postEventPrivate@9 (line 265)
                      ; - java.awt.EventQueue::postEvent@9 (line 251)
                      ; - sun.awt.PostEventQueue::flush@87 (line 2064)
                      ; - sun.awt.SunToolkit::flushPendingEvents@15 (line 502)
                      ; - java.awt.EventQueue::postEvent@4 (line 250)
                      ; - sun.awt.PostEventQueue::flush@87 (line 2064)
                      ; - sun.awt.SunToolkit::flushPendingEvents@15 (line 502)
                      ; - java.awt.EventQueue::getNextEvent@4 (line 535)
                      ; - java.awt.EventDispatchThread::pumpOneEventForFilters@20 (line 190)
  0x000001ea719a3e20: bce3 a4ff 

  0x000001ea719a3e24: ;   {post_call_nop}
  0x000001ea719a3e24: 0f1f 8400 | 0000 0000 | baf4 ffff | ff48 8b6c | 2428 448b | 5c24 3844 | 895c 2424 | 4c8b 5424 
  0x000001ea719a3e44: 484c 8954 | 2428 4c8b | 5424 584c | 8954 2440 | 448b 5c24 | 6044 895c | 2438 4c8b | 5424 704c 
  0x000001ea719a3e64: 8954 2448 | 4c8b 5424 | 784c 8954 | 2458 448b | 9c24 8000 | 0000 458b | d344 8954 | 2468 4489 
  0x000001ea719a3e84: ;   {runtime_call UncommonTrapBlob}
  0x000001ea719a3e84: 5424 70e8 

  0x000001ea719a3e88: ; ImmutableOopMap {rbp=Oop [36]=NarrowOop [40]=Oop [56]=NarrowOop [60]=NarrowOop [64]=Oop [72]=Oop [80]=Oop [88]=Oop [100]=NarrowOop [104]=NarrowOop [112]=NarrowOop }
                      ;*instanceof {reexecute=0 rethrow=0 return_oop=0}
                      ; - java.awt.EventQueue::coalesceEvent@4 (line 438)
                      ; - java.awt.EventQueue::postEvent@3 (line 314)
                      ; - java.awt.EventQueue::postEventPrivate@76 (line 279)
                      ; - java.awt.EventQueue::postEvent@9 (line 251)
                      ; - sun.awt.PostEventQueue::flush@87 (line 2064)
                      ; - sun.awt.SunToolkit::flushPendingEvents@15 (line 502)
                      ; - java.awt.EventQueue::postEvent@4 (line 250)
                      ; - sun.awt.PostEventQueue::flush@87 (line 2064)
                      ; - sun.awt.SunToolkit::flushPendingEvents@15 (line 502)
                      ; - java.awt.EventQueue::getNextEvent@4 (line 535)
                      ; - java.awt.EventDispatchThread::pumpOneEventForFilters@20 (line 190)
  0x000001ea719a3e88: 54e3 a4ff 

  0x000001ea719a3e8c: ;   {post_call_nop}
  0x000001ea719a3e8c: 0f1f 8400 | 0000 0000 | baf6 ffff | ff48 8b6c | 2428 448b | 5424 3845 | 8bda 4489 | 5c24 244c 
  0x000001ea719a3eac: 8b54 2448 | 4c89 5424 | 284c 8b54 | 2458 4c89 

  0x000001ea719a3ebc: ;   {runtime_call UncommonTrapBlob}
  0x000001ea719a3ebc: 5424 40e8 

  0x000001ea719a3ec0: ; ImmutableOopMap {rbp=Oop [36]=NarrowOop [40]=Oop [60]=NarrowOop [64]=Oop [80]=Oop [96]=NarrowOop [112]=Oop [120]=Oop }
                      ;*invokeinterface unlock {reexecute=0 rethrow=0 return_oop=0}
                      ; - java.awt.EventQueue::postEventPrivate@83 (line 281)
                      ; - java.awt.EventQueue::postEvent@9 (line 251)
                      ; - sun.awt.PostEventQueue::flush@87 (line 2064)
                      ; - sun.awt.SunToolkit::flushPendingEvents@15 (line 502)
                      ; - java.awt.EventQueue::postEvent@4 (line 250)
                      ; - sun.awt.PostEventQueue::flush@87 (line 2064)
                      ; - sun.awt.SunToolkit::flushPendingEvents@15 (line 502)
                      ; - java.awt.EventQueue::getNextEvent@4 (line 535)
                      ; - java.awt.EventDispatchThread::pumpOneEventForFilters@20 (line 190)
  0x000001ea719a3ec0: 1ce3 a4ff 

  0x000001ea719a3ec4: ;   {post_call_nop}
  0x000001ea719a3ec4: 0f1f 8400 | 0000 0000 | baf6 ffff | ff48 8b6c | 2428 448b | 5424 3845 | 8bda 4489 | 5c24 244c 
  0x000001ea719a3ee4: 8b54 2448 | 4c89 5424 | 284c 8b54 | 2458 4c89 

  0x000001ea719a3ef4: ;   {runtime_call UncommonTrapBlob}
  0x000001ea719a3ef4: 5424 40e8 

  0x000001ea719a3ef8: ; ImmutableOopMap {rbp=Oop [36]=NarrowOop [40]=Oop [60]=NarrowOop [64]=Oop [80]=Oop [96]=NarrowOop [112]=Oop [120]=Oop }
                      ;*invokevirtual release {reexecute=0 rethrow=0 return_oop=0}
                      ; - java.util.concurrent.locks.ReentrantLock::unlock@5 (line 495)
                      ; - java.awt.EventQueue::postEventPrivate@83 (line 281)
                      ; - java.awt.EventQueue::postEvent@9 (line 251)
                      ; - sun.awt.PostEventQueue::flush@87 (line 2064)
                      ; - sun.awt.SunToolkit::flushPendingEvents@15 (line 502)
                      ; - java.awt.EventQueue::postEvent@4 (line 250)
                      ; - sun.awt.PostEventQueue::flush@87 (line 2064)
                      ; - sun.awt.SunToolkit::flushPendingEvents@15 (line 502)
                      ; - java.awt.EventQueue::getNextEvent@4 (line 535)
                      ; - java.awt.EventDispatchThread::pumpOneEventForFilters@20 (line 190)
  0x000001ea719a3ef8: e4e2 a4ff 

  0x000001ea719a3efc: ;   {post_call_nop}
  0x000001ea719a3efc: 0f1f 8400 | 0000 0000 | baf6 ffff | ff48 8b6c | 2428 448b | 5424 3845 | 8bda 4489 | 5c24 244c 
  0x000001ea719a3f1c: 8b54 2448 | 4c89 5424 | 284c 8b54 | 2458 4c89 | 5424 4044 | 8b54 2460 | 4489 5424 

  0x000001ea719a3f38: ;   {runtime_call UncommonTrapBlob}
  0x000001ea719a3f38: 3866 90e8 

  0x000001ea719a3f3c: ; ImmutableOopMap {rbp=Oop [36]=NarrowOop [40]=Oop [56]=NarrowOop [60]=NarrowOop [64]=Oop [80]=Oop [112]=Oop [120]=Oop [128]=NarrowOop }
                      ;*aaload {reexecute=0 rethrow=0 return_oop=0}
                      ; - java.awt.EventQueue::postEvent@47 (line 324)
                      ; - java.awt.EventQueue::postEventPrivate@76 (line 279)
                      ; - java.awt.EventQueue::postEvent@9 (line 251)
                      ; - sun.awt.PostEventQueue::flush@87 (line 2064)
                      ; - sun.awt.SunToolkit::flushPendingEvents@15 (line 502)
                      ; - java.awt.EventQueue::postEvent@4 (line 250)
                      ; - sun.awt.PostEventQueue::flush@87 (line 2064)
                      ; - sun.awt.SunToolkit::flushPendingEvents@15 (line 502)
                      ; - java.awt.EventQueue::getNextEvent@4 (line 535)
                      ; - java.awt.EventDispatchThread::pumpOneEventForFilters@20 (line 190)
  0x000001ea719a3f3c: a0e2 a4ff 

  0x000001ea719a3f40: ;   {post_call_nop}
  0x000001ea719a3f40: 0f1f 8400 | 0000 0000 | baf6 ffff | ff48 8b6c | 2428 448b | 5424 3845 | 8bda 4489 | 5c24 244c 
  0x000001ea719a3f60: 8b54 2448 | 4c89 5424 | 284c 8b54 | 2458 4c89 | 5424 4044 | 8b54 2460 | 4489 5424 

  0x000001ea719a3f7c: ;   {runtime_call UncommonTrapBlob}
  0x000001ea719a3f7c: 3866 90e8 

  0x000001ea719a3f80: ; ImmutableOopMap {rbp=Oop [36]=NarrowOop [40]=Oop [56]=NarrowOop [60]=NarrowOop [64]=Oop [80]=Oop [112]=Oop [120]=Oop [128]=NarrowOop }
                      ;*getfield head {reexecute=1 rethrow=0 return_oop=0}
                      ; - (reexecute) java.awt.EventQueue::postEvent@48 (line 324)
                      ; - java.awt.EventQueue::postEventPrivate@76 (line 279)
                      ; - java.awt.EventQueue::postEvent@9 (line 251)
                      ; - sun.awt.PostEventQueue::flush@87 (line 2064)
                      ; - sun.awt.SunToolkit::flushPendingEvents@15 (line 502)
                      ; - java.awt.EventQueue::postEvent@4 (line 250)
                      ; - sun.awt.PostEventQueue::flush@87 (line 2064)
                      ; - sun.awt.SunToolkit::flushPendingEvents@15 (line 502)
                      ; - java.awt.EventQueue::getNextEvent@4 (line 535)
                      ; - java.awt.EventDispatchThread::pumpOneEventForFilters@20 (line 190)
  0x000001ea719a3f80: 5ce2 a4ff 

  0x000001ea719a3f84: ;   {post_call_nop}
  0x000001ea719a3f84: 0f1f 8400 | 0000 0000 | baf6 ffff | ff48 8b6c | 2428 448b | 5c24 3844 | 895c 2424 | 4c8b 5424 
  0x000001ea719a3fa4: 484c 8954 | 2428 4c8b | 5424 584c | 8954 2440 | 448b 5c24 | 6044 895c | 2438 4c8b | 5424 704c 
  0x000001ea719a3fc4: 8954 2448 | 4c8b 5424 | 784c 8954 | 2458 448b | 9c24 8000 | 0000 458b | d344 8954 | 2468 448b 
  0x000001ea719a3fe4: 9c24 8400 | 0000 448b | 9424 9800 | 0000 4489 | 5c24 7444 | 8954 2478 

  0x000001ea719a3ffc: ;   {runtime_call UncommonTrapBlob}
  0x000001ea719a3ffc: 6666 90e8 

  0x000001ea719a4000: ; ImmutableOopMap {rbp=Oop [36]=NarrowOop [40]=Oop [56]=NarrowOop [60]=NarrowOop [64]=Oop [72]=Oop [80]=Oop [88]=Oop [100]=NarrowOop [104]=NarrowOop [116]=NarrowOop [120]=NarrowOop [128]=NarrowOop [132]=NarrowOop [152]=NarrowOop }
                      ;*invokeinterface add {reexecute=0 rethrow=0 return_oop=0}
                      ; - sun.awt.AWTAutoShutdown::notifyThreadBusy@57 (line 178)
                      ; - java.awt.EventQueue::postEvent@102 (line 330)
                      ; - java.awt.EventQueue::postEventPrivate@76 (line 279)
                      ; - java.awt.EventQueue::postEvent@9 (line 251)
                      ; - sun.awt.PostEventQueue::flush@87 (line 2064)
                      ; - sun.awt.SunToolkit::flushPendingEvents@15 (line 502)
                      ; - java.awt.EventQueue::postEvent@4 (line 250)
                      ; - sun.awt.PostEventQueue::flush@87 (line 2064)
                      ; - sun.awt.SunToolkit::flushPendingEvents@15 (line 502)
                      ; - java.awt.EventQueue::getNextEvent@4 (line 535)
                      ; - java.awt.EventDispatchThread::pumpOneEventForFilters@20 (line 190)
  0x000001ea719a4000: dce1 a4ff 

  0x000001ea719a4004: ;   {post_call_nop}
  0x000001ea719a4004: 0f1f 8400 | 0000 0000 | baf6 ffff | ff48 8b6c | 2428 448b | 5c24 3844 | 895c 2424 | 4c8b 5424 
  0x000001ea719a4024: 484c 8954 | 2428 4c8b | 5424 584c | 8954 2440 | 448b 5c24 | 6044 895c 

  0x000001ea719a403c: ;   {runtime_call UncommonTrapBlob}
  0x000001ea719a403c: 2438 90e8 

  0x000001ea719a4040: ; ImmutableOopMap {rbp=Oop [36]=NarrowOop [40]=Oop [56]=NarrowOop [60]=NarrowOop [64]=Oop [80]=Oop [112]=Oop [120]=Oop [128]=NarrowOop }
                      ;*invokeinterface signalAll {reexecute=0 rethrow=0 return_oop=0}
                      ; - java.awt.EventQueue::postEvent@109 (line 332)
                      ; - java.awt.EventQueue::postEventPrivate@76 (line 279)
                      ; - java.awt.EventQueue::postEvent@9 (line 251)
                      ; - sun.awt.PostEventQueue::flush@87 (line 2064)
                      ; - sun.awt.SunToolkit::flushPendingEvents@15 (line 502)
                      ; - java.awt.EventQueue::postEvent@4 (line 250)
                      ; - sun.awt.PostEventQueue::flush@87 (line 2064)
                      ; - sun.awt.SunToolkit::flushPendingEvents@15 (line 502)
                      ; - java.awt.EventQueue::getNextEvent@4 (line 535)
                      ; - java.awt.EventDispatchThread::pumpOneEventForFilters@20 (line 190)
  0x000001ea719a4040: 9ce1 a4ff 

  0x000001ea719a4044: ;   {post_call_nop}
  0x000001ea719a4044: 0f1f 8400 | 0000 0000 | baf6 ffff | ff48 8b6c | 2428 448b | 5c24 3844 | 895c 2424 | 4c8b 5424 
  0x000001ea719a4064: 484c 8954 | 2428 4c8b | 5424 584c | 8954 2440 | 448b 5c24 | 6044 895c 

  0x000001ea719a407c: ;   {runtime_call UncommonTrapBlob}
  0x000001ea719a407c: 2438 90e8 

  0x000001ea719a4080: ; ImmutableOopMap {rbp=Oop [36]=NarrowOop [40]=Oop [56]=NarrowOop [60]=NarrowOop [64]=Oop [80]=Oop [112]=Oop [120]=Oop [128]=NarrowOop }
                      ;*invokevirtual isHeldExclusively {reexecute=0 rethrow=0 return_oop=0}
                      ; - java.util.concurrent.locks.AbstractQueuedSynchronizer$ConditionObject::signalAll@9 (line 1590)
                      ; - java.awt.EventQueue::postEvent@109 (line 332)
                      ; - java.awt.EventQueue::postEventPrivate@76 (line 279)
                      ; - java.awt.EventQueue::postEvent@9 (line 251)
                      ; - sun.awt.PostEventQueue::flush@87 (line 2064)
                      ; - sun.awt.SunToolkit::flushPendingEvents@15 (line 502)
                      ; - java.awt.EventQueue::postEvent@4 (line 250)
                      ; - sun.awt.PostEventQueue::flush@87 (line 2064)
                      ; - sun.awt.SunToolkit::flushPendingEvents@15 (line 502)
                      ; - java.awt.EventQueue::getNextEvent@4 (line 535)
                      ; - java.awt.EventDispatchThread::pumpOneEventForFilters@20 (line 190)
  0x000001ea719a4080: 5ce1 a4ff 

  0x000001ea719a4084: ;   {post_call_nop}
  0x000001ea719a4084: 0f1f 8400 | 0000 0000 | baf6 ffff | ff48 8b6c | 2428 448b | 5424 3844 | 8954 2424 

  0x000001ea719a40a0: ;   {runtime_call UncommonTrapBlob}
  0x000001ea719a40a0: 6666 90e8 

  0x000001ea719a40a4: ; ImmutableOopMap {rbp=Oop [36]=NarrowOop [72]=Oop [80]=Oop [88]=NarrowOop [104]=Oop }
                      ;*invokevirtual postEvent {reexecute=0 rethrow=0 return_oop=0}
                      ; - sun.awt.PostEventQueue::flush@87 (line 2064)
                      ; - sun.awt.SunToolkit::flushPendingEvents@15 (line 502)
                      ; - java.awt.EventQueue::getNextEvent@4 (line 535)
                      ; - java.awt.EventDispatchThread::pumpOneEventForFilters@20 (line 190)
  0x000001ea719a40a4: 38e1 a4ff 

  0x000001ea719a40a8: ;   {post_call_nop}
  0x000001ea719a40a8: 0f1f 8400 | 0000 0000 | baf4 ffff | ff48 8b6c | 2428 448b | 5c24 3844 | 895c 2424 | 448b 5c24 
  0x000001ea719a40c8: 3c44 895c 

  0x000001ea719a40cc: ;   {runtime_call UncommonTrapBlob}
  0x000001ea719a40cc: 2438 90e8 

  0x000001ea719a40d0: ; ImmutableOopMap {rbp=Oop [36]=NarrowOop [56]=NarrowOop [72]=Oop [80]=Oop [88]=NarrowOop [104]=Oop }
                      ;*checkcast {reexecute=0 rethrow=0 return_oop=0}
                      ; - sun.awt.SunToolkit::flushPendingEvents@6 (line 500)
                      ; - java.awt.EventQueue::postEvent@4 (line 250)
                      ; - sun.awt.PostEventQueue::flush@87 (line 2064)
                      ; - sun.awt.SunToolkit::flushPendingEvents@15 (line 502)
                      ; - java.awt.EventQueue::getNextEvent@4 (line 535)
                      ; - java.awt.EventDispatchThread::pumpOneEventForFilters@20 (line 190)
  0x000001ea719a40d0: 0ce1 a4ff 

  0x000001ea719a40d4: ;   {post_call_nop}
  0x000001ea719a40d4: 0f1f 8400 | 0000 0000 | baf6 ffff | ff48 8b6c | 2428 448b | 5424 3845 | 8bda 4489 | 5c24 244c 
  0x000001ea719a40f4: 8b54 2448 | 4c89 5424 | 284c 8b54 | 2458 4c89 | 5424 4044 | 8b54 2460 | 4489 5424 | 384c 8b54 
  0x000001ea719a4114: 2470 4c89 | 5424 484c | 8b54 2478 | 4c89 5424 | 5844 8b9c | 2480 0000 | 0045 8bd3 | 4489 5424 
  0x000001ea719a4134: 6844 8b9c | 2484 0000 | 0044 8b94 | 2498 0000 | 0044 895c | 2474 4489 

  0x000001ea719a414c: ;   {runtime_call UncommonTrapBlob}
  0x000001ea719a414c: 5424 78e8 

  0x000001ea719a4150: ; ImmutableOopMap {rbp=Oop [36]=NarrowOop [40]=Oop [56]=NarrowOop [60]=NarrowOop [64]=Oop [72]=Oop [80]=Oop [88]=Oop [100]=NarrowOop [104]=NarrowOop [116]=NarrowOop [120]=NarrowOop [128]=NarrowOop [132]=NarrowOop [152]=NarrowOop }
                      ;*invokeinterface isEmpty {reexecute=0 rethrow=0 return_oop=0}
                      ; - sun.awt.AWTAutoShutdown::isReadyToShutdown@11 (line 236)
                      ; - sun.awt.AWTAutoShutdown::notifyThreadBusy@34 (line 174)
                      ; - java.awt.EventQueue::postEvent@102 (line 330)
                      ; - java.awt.EventQueue::postEventPrivate@76 (line 279)
                      ; - java.awt.EventQueue::postEvent@9 (line 251)
                      ; - sun.awt.PostEventQueue::flush@87 (line 2064)
                      ; - sun.awt.SunToolkit::flushPendingEvents@15 (line 502)
                      ; - java.awt.EventQueue::postEvent@4 (line 250)
                      ; - sun.awt.PostEventQueue::flush@87 (line 2064)
                      ; - sun.awt.SunToolkit::flushPendingEvents@15 (line 502)
                      ; - java.awt.EventQueue::getNextEvent@4 (line 535)
                      ; - java.awt.EventDispatchThread::pumpOneEventForFilters@20 (line 190)
  0x000001ea719a4150: 8ce0 a4ff 

  0x000001ea719a4154: ;   {post_call_nop}
  0x000001ea719a4154: 0f1f 8400 | 0000 0000 | baf4 ffff | ff48 8b6c | 2428 894c | 242c 4489 

  0x000001ea719a416c: ;   {runtime_call UncommonTrapBlob}
  0x000001ea719a416c: 5424 30e8 

  0x000001ea719a4170: ; ImmutableOopMap {rbp=Oop [44]=NarrowOop [56]=NarrowOop }
                      ;*instanceof {reexecute=0 rethrow=0 return_oop=0}
                      ; - java.awt.EventQueue::uncacheEQItem@20 (line 472)
                      ; - java.awt.EventQueue::getNextEventPrivate@60 (line 561)
                      ; - java.awt.EventQueue::getNextEvent@17 (line 538)
                      ; - java.awt.EventDispatchThread::pumpOneEventForFilters@20 (line 190)
  0x000001ea719a4170: 6ce0 a4ff 

  0x000001ea719a4174: ;   {post_call_nop}
  0x000001ea719a4174: 0f1f 8400 | 0000 0000 | baf6 ffff | ff48 8b6c | 2428 448b | 5c24 3844 | 895c 2424 | 4c8b 5424 
  0x000001ea719a4194: 484c 8954 | 2428 448b | 5c24 3c44 | 895c 2438 | 448b 5424 | 5844 8954 

  0x000001ea719a41ac: ;   {runtime_call UncommonTrapBlob}
  0x000001ea719a41ac: 243c 90e8 

  0x000001ea719a41b0: ; ImmutableOopMap {rbp=Oop [36]=NarrowOop [40]=Oop [56]=NarrowOop [60]=NarrowOop [80]=Oop [104]=Oop [112]=Oop [120]=Oop [128]=NarrowOop }
                      ;*invokevirtual postEvent {reexecute=0 rethrow=0 return_oop=0}
                      ; - sun.awt.PostEventQueue::flush@87 (line 2064)
                      ; - sun.awt.SunToolkit::flushPendingEvents@15 (line 502)
                      ; - java.awt.EventQueue::postEvent@4 (line 250)
                      ; - sun.awt.PostEventQueue::flush@87 (line 2064)
                      ; - sun.awt.SunToolkit::flushPendingEvents@15 (line 502)
                      ; - java.awt.EventQueue::getNextEvent@4 (line 535)
                      ; - java.awt.EventDispatchThread::pumpOneEventForFilters@20 (line 190)
  0x000001ea719a41b0: 2ce0 a4ff 

  0x000001ea719a41b4: ;   {post_call_nop}
  0x000001ea719a41b4: 0f1f 8400 | 0000 0000 | baf6 ffff | ff48 8b6c | 2428 448b | 5c24 3844 | 895c 2424 | 4c8b 5424 
  0x000001ea719a41d4: 484c 8954 | 2428 448b | 5c24 3c44 | 895c 2438 | 448b 5424 | 5844 8954 

  0x000001ea719a41ec: ;   {runtime_call UncommonTrapBlob}
  0x000001ea719a41ec: 243c 90e8 

  0x000001ea719a41f0: ; ImmutableOopMap {rbp=Oop [36]=NarrowOop [40]=Oop [56]=NarrowOop [60]=NarrowOop [80]=Oop [92]=NarrowOop [104]=Oop [112]=Oop [120]=Oop }
                      ;*putfield isPosted {reexecute=1 rethrow=0 return_oop=0}
                      ; - (reexecute) java.awt.EventQueue::postEventPrivate@2 (line 264)
                      ; - java.awt.EventQueue::postEvent@9 (line 251)
                      ; - sun.awt.PostEventQueue::flush@87 (line 2064)
                      ; - sun.awt.SunToolkit::flushPendingEvents@15 (line 502)
                      ; - java.awt.EventQueue::postEvent@4 (line 250)
                      ; - sun.awt.PostEventQueue::flush@87 (line 2064)
                      ; - sun.awt.SunToolkit::flushPendingEvents@15 (line 502)
                      ; - java.awt.EventQueue::getNextEvent@4 (line 535)
                      ; - java.awt.EventDispatchThread::pumpOneEventForFilters@20 (line 190)
  0x000001ea719a41f0: ecdf a4ff 

  0x000001ea719a41f4: ;   {post_call_nop}
  0x000001ea719a41f4: 0f1f 8400 | 0000 0000 | baf6 ffff | ff48 8b6c | 2428 448b | 5c24 3844 | 895c 2424 | 4c8b 5424 
  0x000001ea719a4214: 484c 8954 | 2428 448b | 5c24 3c44 | 895c 2438 | 448b 5424 | 5844 8954 | 243c 448b | 5424 5c44 
  0x000001ea719a4234: 8954 2458 

  0x000001ea719a4238: ;   {runtime_call UncommonTrapBlob}
  0x000001ea719a4238: 6666 90e8 

  0x000001ea719a423c: ; ImmutableOopMap {rbp=Oop [36]=NarrowOop [40]=Oop [56]=NarrowOop [60]=NarrowOop [80]=Oop [88]=NarrowOop [104]=Oop [112]=Oop [120]=Oop [128]=NarrowOop }
                      ;*invokeinterface lock {reexecute=0 rethrow=0 return_oop=0}
                      ; - java.awt.EventQueue::postEventPrivate@9 (line 265)
                      ; - java.awt.EventQueue::postEvent@9 (line 251)
                      ; - sun.awt.PostEventQueue::flush@87 (line 2064)
                      ; - sun.awt.SunToolkit::flushPendingEvents@15 (line 502)
                      ; - java.awt.EventQueue::postEvent@4 (line 250)
                      ; - sun.awt.PostEventQueue::flush@87 (line 2064)
                      ; - sun.awt.SunToolkit::flushPendingEvents@15 (line 502)
                      ; - java.awt.EventQueue::getNextEvent@4 (line 535)
                      ; - java.awt.EventDispatchThread::pumpOneEventForFilters@20 (line 190)
  0x000001ea719a423c: a0df a4ff 

  0x000001ea719a4240: ;   {post_call_nop}
  0x000001ea719a4240: 0f1f 8400 | 0000 0000 | baf4 ffff | ff48 8b6c | 2428 448b | 5424 3844 | 8954 2424 | 4c8b 5424 
  0x000001ea719a4260: 484c 8954 | 2428 4c8b | 5424 684c | 8954 2440 | 448b 5424 | 3c44 8954 | 2438 448b | 5c24 5844 
  0x000001ea719a4280: 895c 243c | 4c8b 5424 | 704c 8954 | 2448 4c8b | 5424 784c | 8954 2460 | 448b 5c24 | 5c44 895c 
  0x000001ea719a42a0: 2458 448b | 9424 8000 | 0000 4489 

  0x000001ea719a42ac: ;   {runtime_call UncommonTrapBlob}
  0x000001ea719a42ac: 5424 68e8 

  0x000001ea719a42b0: ; ImmutableOopMap {rbp=Oop [36]=NarrowOop [40]=Oop [56]=NarrowOop [60]=NarrowOop [64]=Oop [72]=Oop [80]=Oop [88]=NarrowOop [96]=Oop [104]=NarrowOop }
                      ;*instanceof {reexecute=0 rethrow=0 return_oop=0}
                      ; - java.awt.EventQueue::coalesceEvent@4 (line 438)
                      ; - java.awt.EventQueue::postEvent@3 (line 314)
                      ; - java.awt.EventQueue::postEventPrivate@76 (line 279)
                      ; - java.awt.EventQueue::postEvent@9 (line 251)
                      ; - sun.awt.PostEventQueue::flush@87 (line 2064)
                      ; - sun.awt.SunToolkit::flushPendingEvents@15 (line 502)
                      ; - java.awt.EventQueue::postEvent@4 (line 250)
                      ; - sun.awt.PostEventQueue::flush@87 (line 2064)
                      ; - sun.awt.SunToolkit::flushPendingEvents@15 (line 502)
                      ; - java.awt.EventQueue::getNextEvent@4 (line 535)
                      ; - java.awt.EventDispatchThread::pumpOneEventForFilters@20 (line 190)
  0x000001ea719a42b0: 2cdf a4ff 

  0x000001ea719a42b4: ;   {post_call_nop}
  0x000001ea719a42b4: 0f1f 8400 | 0000 0000 | baf6 ffff | ff48 8b6c | 2428 448b | 5424 3844 | 8954 2424 | 4c8b 5424 
  0x000001ea719a42d4: 484c 8954 | 2428 448b | 5424 3c44 | 8954 2438 | 448b 5c24 | 5844 895c 

  0x000001ea719a42ec: ;   {runtime_call UncommonTrapBlob}
  0x000001ea719a42ec: 243c 90e8 

  0x000001ea719a42f0: ; ImmutableOopMap {rbp=Oop [36]=NarrowOop [40]=Oop [56]=NarrowOop [60]=NarrowOop [80]=Oop [104]=Oop [112]=Oop [120]=Oop }
                      ;*invokeinterface unlock {reexecute=0 rethrow=0 return_oop=0}
                      ; - java.awt.EventQueue::postEventPrivate@83 (line 281)
                      ; - java.awt.EventQueue::postEvent@9 (line 251)
                      ; - sun.awt.PostEventQueue::flush@87 (line 2064)
                      ; - sun.awt.SunToolkit::flushPendingEvents@15 (line 502)
                      ; - java.awt.EventQueue::postEvent@4 (line 250)
                      ; - sun.awt.PostEventQueue::flush@87 (line 2064)
                      ; - sun.awt.SunToolkit::flushPendingEvents@15 (line 502)
                      ; - java.awt.EventQueue::getNextEvent@4 (line 535)
                      ; - java.awt.EventDispatchThread::pumpOneEventForFilters@20 (line 190)
  0x000001ea719a42f0: ecde a4ff 

  0x000001ea719a42f4: ;   {post_call_nop}
  0x000001ea719a42f4: 0f1f 8400 | 0000 0000 | baf6 ffff | ff48 8b6c | 2428 448b | 5c24 3844 | 895c 2424 | 4c8b 5424 
  0x000001ea719a4314: 484c 8954 | 2428 448b | 5c24 3c44 | 895c 2438 | 448b 5424 | 5844 8954 | 243c 448b | 5c24 5c44 
  0x000001ea719a4334: 895c 2458 

  0x000001ea719a4338: ;   {runtime_call UncommonTrapBlob}
  0x000001ea719a4338: 6666 90e8 

  0x000001ea719a433c: ; ImmutableOopMap {rbp=Oop [36]=NarrowOop [40]=Oop [56]=NarrowOop [60]=NarrowOop [80]=Oop [88]=NarrowOop [104]=Oop [112]=Oop [120]=Oop }
                      ;*aaload {reexecute=0 rethrow=0 return_oop=0}
                      ; - java.awt.EventQueue::postEvent@47 (line 324)
                      ; - java.awt.EventQueue::postEventPrivate@76 (line 279)
                      ; - java.awt.EventQueue::postEvent@9 (line 251)
                      ; - sun.awt.PostEventQueue::flush@87 (line 2064)
                      ; - sun.awt.SunToolkit::flushPendingEvents@15 (line 502)
                      ; - java.awt.EventQueue::postEvent@4 (line 250)
                      ; - sun.awt.PostEventQueue::flush@87 (line 2064)
                      ; - sun.awt.SunToolkit::flushPendingEvents@15 (line 502)
                      ; - java.awt.EventQueue::getNextEvent@4 (line 535)
                      ; - java.awt.EventDispatchThread::pumpOneEventForFilters@20 (line 190)
  0x000001ea719a433c: a0de a4ff 

  0x000001ea719a4340: ;   {post_call_nop}
  0x000001ea719a4340: 0f1f 8400 | 0000 0000 | baf6 ffff | ff48 8b6c | 2428 448b | 5424 3844 | 8954 2424 | 4c8b 5424 
  0x000001ea719a4360: 484c 8954 | 2428 448b | 5424 3c44 | 8954 2438 | 448b 5c24 | 5844 895c 

  0x000001ea719a4378: ;   {runtime_call UncommonTrapBlob}
  0x000001ea719a4378: 243c 90e8 

  0x000001ea719a437c: ; ImmutableOopMap {rbp=Oop [36]=NarrowOop [40]=Oop [56]=NarrowOop [60]=NarrowOop [80]=Oop [92]=NarrowOop [104]=Oop [112]=Oop [120]=Oop }
                      ;*getfield head {reexecute=1 rethrow=0 return_oop=0}
                      ; - (reexecute) java.awt.EventQueue::postEvent@48 (line 324)
                      ; - java.awt.EventQueue::postEventPrivate@76 (line 279)
                      ; - java.awt.EventQueue::postEvent@9 (line 251)
                      ; - sun.awt.PostEventQueue::flush@87 (line 2064)
                      ; - sun.awt.SunToolkit::flushPendingEvents@15 (line 502)
                      ; - java.awt.EventQueue::postEvent@4 (line 250)
                      ; - sun.awt.PostEventQueue::flush@87 (line 2064)
                      ; - sun.awt.SunToolkit::flushPendingEvents@15 (line 502)
                      ; - java.awt.EventQueue::getNextEvent@4 (line 535)
                      ; - java.awt.EventDispatchThread::pumpOneEventForFilters@20 (line 190)
  0x000001ea719a437c: 60de a4ff 

  0x000001ea719a4380: ;   {post_call_nop}
  0x000001ea719a4380: 0f1f 8400 | 0000 0000 | baf6 ffff | ff48 8b6c | 2428 448b | 5c24 3844 | 895c 2424 | 4c8b 5424 
  0x000001ea719a43a0: 484c 8954 | 2428 4c8b | 5424 684c | 8954 2440 | 448b 5c24 | 3c44 895c | 2438 448b | 5424 5844 
  0x000001ea719a43c0: 8954 243c | 4c8b 5424 | 704c 8954 | 2448 4c8b | 5424 784c | 8954 2460 | 448b 9c24 | 8400 0000 
  0x000001ea719a43e0: 4489 5c24 | 6844 8b94 | 2498 0000 | 0044 8954 

  0x000001ea719a43f0: ;   {runtime_call UncommonTrapBlob}
  0x000001ea719a43f0: 246c 90e8 

  0x000001ea719a43f4: ; ImmutableOopMap {rbp=Oop [36]=NarrowOop [40]=Oop [56]=NarrowOop [60]=NarrowOop [64]=Oop [72]=Oop [80]=Oop [92]=NarrowOop [96]=Oop [104]=NarrowOop [108]=NarrowOop [128]=NarrowOop }
                      ;*invokeinterface add {reexecute=0 rethrow=0 return_oop=0}
                      ; - sun.awt.AWTAutoShutdown::notifyThreadBusy@57 (line 178)
                      ; - java.awt.EventQueue::postEvent@102 (line 330)
                      ; - java.awt.EventQueue::postEventPrivate@76 (line 279)
                      ; - java.awt.EventQueue::postEvent@9 (line 251)
                      ; - sun.awt.PostEventQueue::flush@87 (line 2064)
                      ; - sun.awt.SunToolkit::flushPendingEvents@15 (line 502)
                      ; - java.awt.EventQueue::postEvent@4 (line 250)
                      ; - sun.awt.PostEventQueue::flush@87 (line 2064)
                      ; - sun.awt.SunToolkit::flushPendingEvents@15 (line 502)
                      ; - java.awt.EventQueue::getNextEvent@4 (line 535)
                      ; - java.awt.EventDispatchThread::pumpOneEventForFilters@20 (line 190)
  0x000001ea719a43f4: e8dd a4ff 

  0x000001ea719a43f8: ;   {post_call_nop}
  0x000001ea719a43f8: 0f1f 8400 | 0000 0000 | baf6 ffff | ff48 8b6c | 2428 448b | 5424 3844 | 8954 2424 | 4c8b 5424 
  0x000001ea719a4418: 484c 8954 | 2428 448b | 5424 3c44 | 8954 2438 | 448b 5c24 | 5844 895c 

  0x000001ea719a4430: ;   {runtime_call UncommonTrapBlob}
  0x000001ea719a4430: 243c 90e8 

  0x000001ea719a4434: ; ImmutableOopMap {rbp=Oop [36]=NarrowOop [40]=Oop [56]=NarrowOop [60]=NarrowOop [80]=Oop [92]=NarrowOop [104]=Oop [112]=Oop [120]=Oop }
                      ;*invokeinterface signalAll {reexecute=0 rethrow=0 return_oop=0}
                      ; - java.awt.EventQueue::postEvent@109 (line 332)
                      ; - java.awt.EventQueue::postEventPrivate@76 (line 279)
                      ; - java.awt.EventQueue::postEvent@9 (line 251)
                      ; - sun.awt.PostEventQueue::flush@87 (line 2064)
                      ; - sun.awt.SunToolkit::flushPendingEvents@15 (line 502)
                      ; - java.awt.EventQueue::postEvent@4 (line 250)
                      ; - sun.awt.PostEventQueue::flush@87 (line 2064)
                      ; - sun.awt.SunToolkit::flushPendingEvents@15 (line 502)
                      ; - java.awt.EventQueue::getNextEvent@4 (line 535)
                      ; - java.awt.EventDispatchThread::pumpOneEventForFilters@20 (line 190)
  0x000001ea719a4434: a8dd a4ff 

  0x000001ea719a4438: ;   {post_call_nop}
  0x000001ea719a4438: 0f1f 8400 | 0000 0000 | baf6 ffff | ff48 8b6c | 2428 448b | 5c24 3844 | 895c 2424 | 4c8b 5424 
  0x000001ea719a4458: 484c 8954 | 2428 448b | 5c24 3c44 | 895c 2438 | 448b 5424 | 5844 8954 

  0x000001ea719a4470: ;   {runtime_call UncommonTrapBlob}
  0x000001ea719a4470: 243c 90e8 

  0x000001ea719a4474: ; ImmutableOopMap {rbp=Oop [36]=NarrowOop [40]=Oop [56]=NarrowOop [60]=NarrowOop [80]=Oop [92]=NarrowOop [104]=Oop [112]=Oop [120]=Oop }
                      ;*invokevirtual isHeldExclusively {reexecute=0 rethrow=0 return_oop=0}
                      ; - java.util.concurrent.locks.AbstractQueuedSynchronizer$ConditionObject::signalAll@9 (line 1590)
                      ; - java.awt.EventQueue::postEvent@109 (line 332)
                      ; - java.awt.EventQueue::postEventPrivate@76 (line 279)
                      ; - java.awt.EventQueue::postEvent@9 (line 251)
                      ; - sun.awt.PostEventQueue::flush@87 (line 2064)
                      ; - sun.awt.SunToolkit::flushPendingEvents@15 (line 502)
                      ; - java.awt.EventQueue::postEvent@4 (line 250)
                      ; - sun.awt.PostEventQueue::flush@87 (line 2064)
                      ; - sun.awt.SunToolkit::flushPendingEvents@15 (line 502)
                      ; - java.awt.EventQueue::getNextEvent@4 (line 535)
                      ; - java.awt.EventDispatchThread::pumpOneEventForFilters@20 (line 190)
  0x000001ea719a4474: 68dd a4ff 

  0x000001ea719a4478: ;   {post_call_nop}
  0x000001ea719a4478: 0f1f 8400 | 0000 0000 | baf6 ffff | ff48 8b6c | 2428 448b | 5424 3844 | 8954 2424 | 4c8b 5424 
  0x000001ea719a4498: 484c 8954 | 2428 4c8b | 5424 684c | 8954 2440 | 448b 5424 | 3c44 8954 | 2438 448b | 5c24 5844 
  0x000001ea719a44b8: 895c 243c | 4c8b 5424 | 704c 8954 | 2448 4c8b | 5424 784c | 8954 2460 | 448b 9424 | 8400 0000 
  0x000001ea719a44d8: 448b 9c24 | 9800 0000 | 4489 5424 | 7444 895c 

  0x000001ea719a44e8: ;   {runtime_call UncommonTrapBlob}
  0x000001ea719a44e8: 2478 90e8 

  0x000001ea719a44ec: ; ImmutableOopMap {rbp=Oop [36]=NarrowOop [40]=Oop [56]=NarrowOop [60]=NarrowOop [64]=Oop [72]=Oop [80]=Oop [92]=NarrowOop [96]=Oop [116]=NarrowOop [120]=NarrowOop [128]=NarrowOop [132]=NarrowOop [152]=NarrowOop }
                      ;*invokeinterface isEmpty {reexecute=0 rethrow=0 return_oop=0}
                      ; - sun.awt.AWTAutoShutdown::isReadyToShutdown@11 (line 236)
                      ; - sun.awt.AWTAutoShutdown::notifyThreadBusy@34 (line 174)
                      ; - java.awt.EventQueue::postEvent@102 (line 330)
                      ; - java.awt.EventQueue::postEventPrivate@76 (line 279)
                      ; - java.awt.EventQueue::postEvent@9 (line 251)
                      ; - sun.awt.PostEventQueue::flush@87 (line 2064)
                      ; - sun.awt.SunToolkit::flushPendingEvents@15 (line 502)
                      ; - java.awt.EventQueue::postEvent@4 (line 250)
                      ; - sun.awt.PostEventQueue::flush@87 (line 2064)
                      ; - sun.awt.SunToolkit::flushPendingEvents@15 (line 502)
                      ; - java.awt.EventQueue::getNextEvent@4 (line 535)
                      ; - java.awt.EventDispatchThread::pumpOneEventForFilters@20 (line 190)
  0x000001ea719a44ec: f0dc a4ff 

  0x000001ea719a44f0: ;   {post_call_nop}
  0x000001ea719a44f0: 0f1f 8400 | 0000 0000 | baf4 ffff | ff48 8b6c | 2428 448b | 5424 3844 | 8954 2424 | 4c8b 5424 
  0x000001ea719a4510: 484c 8954 | 2428 4c8b | 5424 504c | 8954 2430 | 4c8b 5424 | 584c 8954 | 2440 448b | 5424 6044 
  0x000001ea719a4530: 8954 2448 | 4c8b 9424 | 8000 0000 | 4c89 5424 | 5844 895c 

  0x000001ea719a4544: ;   {runtime_call UncommonTrapBlob}
  0x000001ea719a4544: 2460 90e8 

  0x000001ea719a4548: ; ImmutableOopMap {rbp=Oop [36]=NarrowOop [40]=Oop [48]=Oop [60]=NarrowOop [64]=Oop [72]=NarrowOop [88]=Oop [128]=Oop }
                      ;*instanceof {reexecute=0 rethrow=0 return_oop=0}
                      ; - java.awt.EventQueue::cacheEQItem@20 (line 461)
                      ; - java.awt.EventQueue::postEvent@21 (line 320)
                      ; - java.awt.EventQueue::postEventPrivate@76 (line 279)
                      ; - java.awt.EventQueue::postEvent@9 (line 251)
                      ; - sun.awt.PostEventQueue::flush@87 (line 2064)
                      ; - sun.awt.SunToolkit::flushPendingEvents@15 (line 502)
                      ; - java.awt.EventQueue::getNextEvent@4 (line 535)
                      ; - java.awt.EventDispatchThread::pumpOneEventForFilters@20 (line 190)
  0x000001ea719a4548: 94dc a4ff 

  0x000001ea719a454c: ;   {post_call_nop}
  0x000001ea719a454c: 0f1f 8400 | 0000 0000 | baf4 ffff | ff48 8b6c | 2428 448b | 5c24 3844 | 895c 2424 | 4c8b 5c24 
  0x000001ea719a456c: 484c 895c | 2428 4c8b | 5c24 584c | 895c 2440 | 448b 5c24 | 6044 895c | 2438 4c8b | 5c24 704c 
  0x000001ea719a458c: 895c 2448 | 4c8b 5c24 | 784c 895c | 2458 448b | 9c24 8000 | 0000 4489 | 5c24 684c | 8b9c 24a8 
  0x000001ea719a45ac: 0000 004c | 895c 2478 | 4489 9424 | 8000 0000 

  0x000001ea719a45bc: ;   {runtime_call UncommonTrapBlob}
  0x000001ea719a45bc: 6666 90e8 

  0x000001ea719a45c0: ; ImmutableOopMap {rbp=Oop [36]=NarrowOop [40]=Oop [56]=NarrowOop [60]=NarrowOop [64]=Oop [72]=Oop [80]=Oop [88]=Oop [100]=NarrowOop [104]=NarrowOop [120]=Oop [168]=Oop }
                      ;*instanceof {reexecute=0 rethrow=0 return_oop=0}
                      ; - java.awt.EventQueue::cacheEQItem@20 (line 461)
                      ; - java.awt.EventQueue::postEvent@21 (line 320)
                      ; - java.awt.EventQueue::postEventPrivate@76 (line 279)
                      ; - java.awt.EventQueue::postEvent@9 (line 251)
                      ; - sun.awt.PostEventQueue::flush@87 (line 2064)
                      ; - sun.awt.SunToolkit::flushPendingEvents@15 (line 502)
                      ; - java.awt.EventQueue::postEvent@4 (line 250)
                      ; - sun.awt.PostEventQueue::flush@87 (line 2064)
                      ; - sun.awt.SunToolkit::flushPendingEvents@15 (line 502)
                      ; - java.awt.EventQueue::getNextEvent@4 (line 535)
                      ; - java.awt.EventDispatchThread::pumpOneEventForFilters@20 (line 190)
  0x000001ea719a45c0: 1cdc a4ff 

  0x000001ea719a45c4: ;   {post_call_nop}
  0x000001ea719a45c4: 0f1f 8400 | 0000 0000 | baf6 ffff | ff48 8b6c | 2428 448b | 5c24 3844 | 895c 2424 | 894c 2444 
  0x000001ea719a45e4: ;   {runtime_call UncommonTrapBlob}
  0x000001ea719a45e4: 6666 90e8 

  0x000001ea719a45e8: ; ImmutableOopMap {rbp=Oop [36]=NarrowOop [68]=NarrowOop [72]=Oop [80]=Oop [88]=Oop [96]=NarrowOop }
                      ;*invokevirtual enqueue {reexecute=0 rethrow=0 return_oop=0}
                      ; - java.util.concurrent.locks.AbstractQueuedSynchronizer$ConditionObject::doSignal@46 (line 1556)
                      ; - java.util.concurrent.locks.AbstractQueuedSynchronizer$ConditionObject::signalAll@30 (line 1593)
                      ; - java.awt.EventQueue::postEvent@109 (line 332)
                      ; - java.awt.EventQueue::postEventPrivate@76 (line 279)
                      ; - java.awt.EventQueue::postEvent@9 (line 251)
                      ; - sun.awt.PostEventQueue::flush@87 (line 2064)
                      ; - sun.awt.SunToolkit::flushPendingEvents@15 (line 502)
                      ; - java.awt.EventQueue::getNextEvent@4 (line 535)
                      ; - java.awt.EventDispatchThread::pumpOneEventForFilters@20 (line 190)
  0x000001ea719a45e8: f4db a4ff 

  0x000001ea719a45ec: ;   {post_call_nop}
  0x000001ea719a45ec: 0f1f 8400 | 0000 0000 | ba45 ffff | ff4c 8b54 | 2428 4c89 | 5424 2089 

  0x000001ea719a4604: ;   {runtime_call UncommonTrapBlob}
  0x000001ea719a4604: 4c24 30e8 

  0x000001ea719a4608: ; ImmutableOopMap {rbp=NarrowOop [32]=Oop [48]=NarrowOop [56]=NarrowOop }
                      ;*ifnonnull {reexecute=1 rethrow=0 return_oop=0}
                      ; - (reexecute) java.awt.EventQueue::uncacheEQItem@41 (line 474)
                      ; - java.awt.EventQueue::getNextEventPrivate@60 (line 561)
                      ; - java.awt.EventQueue::getNextEvent@17 (line 538)
                      ; - java.awt.EventDispatchThread::pumpOneEventForFilters@20 (line 190)
  0x000001ea719a4608: d4db a4ff 

  0x000001ea719a460c: ;   {post_call_nop}
  0x000001ea719a460c: 0f1f 8400 | 0000 0000 | baf6 ffff | ff48 8b6c | 2428 448b | 5c24 3844 | 895c 2424 | 4c8b 5424 
  0x000001ea719a462c: 484c 8954 | 2428 4c8b | 5424 584c | 8954 2440 | 448b 5c24 | 6044 895c | 2438 4489 

  0x000001ea719a4648: ;   {runtime_call UncommonTrapBlob}
  0x000001ea719a4648: 4c24 64e8 

  0x000001ea719a464c: ; ImmutableOopMap {rbp=Oop [36]=NarrowOop [40]=Oop [56]=NarrowOop [60]=NarrowOop [64]=Oop [80]=Oop [100]=NarrowOop [112]=Oop [120]=Oop [128]=NarrowOop }
                      ;*invokevirtual enqueue {reexecute=0 rethrow=0 return_oop=0}
                      ; - java.util.concurrent.locks.AbstractQueuedSynchronizer$ConditionObject::doSignal@46 (line 1556)
                      ; - java.util.concurrent.locks.AbstractQueuedSynchronizer$ConditionObject::signalAll@30 (line 1593)
                      ; - java.awt.EventQueue::postEvent@109 (line 332)
                      ; - java.awt.EventQueue::postEventPrivate@76 (line 279)
                      ; - java.awt.EventQueue::postEvent@9 (line 251)
                      ; - sun.awt.PostEventQueue::flush@87 (line 2064)
                      ; - sun.awt.SunToolkit::flushPendingEvents@15 (line 502)
                      ; - java.awt.EventQueue::postEvent@4 (line 250)
                      ; - sun.awt.PostEventQueue::flush@87 (line 2064)
                      ; - sun.awt.SunToolkit::flushPendingEvents@15 (line 502)
                      ; - java.awt.EventQueue::getNextEvent@4 (line 535)
                      ; - java.awt.EventDispatchThread::pumpOneEventForFilters@20 (line 190)
  0x000001ea719a464c: 90db a4ff 

  0x000001ea719a4650: ;   {post_call_nop}
  0x000001ea719a4650: 0f1f 8400 | 0000 0000 | baf4 ffff | ff48 8b6c | 2428 448b | 5c24 3844 | 895c 2424 | 4c8b 5424 
  0x000001ea719a4670: 484c 8954 | 2428 4c8b | 5424 684c | 8954 2440 | 448b 5c24 | 3c44 895c | 2438 448b | 5424 5844 
  0x000001ea719a4690: 8954 243c | 4c8b 5424 | 704c 8954 | 2448 4c8b | 5424 784c | 8954 2460 | 4489 4424 | 684c 8b94 
  0x000001ea719a46b0: 24a8 0000 | 004c 8954 | 2478 4489 | 8c24 8000 

  0x000001ea719a46c0: ;   {runtime_call UncommonTrapBlob}
  0x000001ea719a46c0: 0000 90e8 

  0x000001ea719a46c4: ; ImmutableOopMap {rbp=Oop [36]=NarrowOop [40]=Oop [56]=NarrowOop [60]=NarrowOop [64]=Oop [72]=Oop [80]=Oop [92]=NarrowOop [96]=Oop [104]=NarrowOop [120]=Oop [168]=Oop }
                      ;*instanceof {reexecute=0 rethrow=0 return_oop=0}
                      ; - java.awt.EventQueue::cacheEQItem@20 (line 461)
                      ; - java.awt.EventQueue::postEvent@21 (line 320)
                      ; - java.awt.EventQueue::postEventPrivate@76 (line 279)
                      ; - java.awt.EventQueue::postEvent@9 (line 251)
                      ; - sun.awt.PostEventQueue::flush@87 (line 2064)
                      ; - sun.awt.SunToolkit::flushPendingEvents@15 (line 502)
                      ; - java.awt.EventQueue::postEvent@4 (line 250)
                      ; - sun.awt.PostEventQueue::flush@87 (line 2064)
                      ; - sun.awt.SunToolkit::flushPendingEvents@15 (line 502)
                      ; - java.awt.EventQueue::getNextEvent@4 (line 535)
                      ; - java.awt.EventDispatchThread::pumpOneEventForFilters@20 (line 190)
  0x000001ea719a46c4: 18db a4ff 

  0x000001ea719a46c8: ;   {post_call_nop}
  0x000001ea719a46c8: 0f1f 8400 | 0000 0000 | baf6 ffff | ff48 8b6c | 2428 448b | 5c24 3844 | 895c 2424 | 4c8b 5424 
  0x000001ea719a46e8: 484c 8954 | 2428 448b | 5c24 3c44 | 895c 2438 | 448b 5424 | 5844 8954 | 243c 448b | 5424 5c44 
  0x000001ea719a4708: 8954 2458 

  0x000001ea719a470c: ;   {runtime_call UncommonTrapBlob}
  0x000001ea719a470c: 6666 90e8 

  0x000001ea719a4710: ; ImmutableOopMap {rbp=Oop [36]=NarrowOop [40]=Oop [56]=NarrowOop [60]=NarrowOop [80]=Oop [88]=NarrowOop [104]=Oop [112]=Oop [120]=Oop [144]=NarrowOop }
                      ;*invokevirtual enqueue {reexecute=0 rethrow=0 return_oop=0}
                      ; - java.util.concurrent.locks.AbstractQueuedSynchronizer$ConditionObject::doSignal@46 (line 1556)
                      ; - java.util.concurrent.locks.AbstractQueuedSynchronizer$ConditionObject::signalAll@30 (line 1593)
                      ; - java.awt.EventQueue::postEvent@109 (line 332)
                      ; - java.awt.EventQueue::postEventPrivate@76 (line 279)
                      ; - java.awt.EventQueue::postEvent@9 (line 251)
                      ; - sun.awt.PostEventQueue::flush@87 (line 2064)
                      ; - sun.awt.SunToolkit::flushPendingEvents@15 (line 502)
                      ; - java.awt.EventQueue::postEvent@4 (line 250)
                      ; - sun.awt.PostEventQueue::flush@87 (line 2064)
                      ; - sun.awt.SunToolkit::flushPendingEvents@15 (line 502)
                      ; - java.awt.EventQueue::getNextEvent@4 (line 535)
                      ; - java.awt.EventDispatchThread::pumpOneEventForFilters@20 (line 190)
  0x000001ea719a4710: ccda a4ff 

  0x000001ea719a4714: ;   {post_call_nop}
  0x000001ea719a4714: 0f1f 8400 | 0000 0000 | eb00 488b | e8eb 0348 | 8be8 ba95 | ffff ff4c | 8b54 2428 | 4c89 5424 
  0x000001ea719a4734: 2044 8b54 | 2438 4489 | 5424 2c44 | 8b54 2448 | 448b 5c24 | 4c44 8954 | 2438 4489 

  0x000001ea719a4750: ;   {runtime_call UncommonTrapBlob}
  0x000001ea719a4750: 5c24 3ce8 

  0x000001ea719a4754: ; ImmutableOopMap {rbp=Oop [32]=Oop [44]=NarrowOop [56]=NarrowOop [60]=NarrowOop [72]=NarrowOop [76]=NarrowOop }
                      ;*astore {reexecute=0 rethrow=0 return_oop=0}
                      ; - sun.awt.AWTAutoShutdown::notifyThreadFree@54 (line 203)
                      ; - java.awt.EventQueue::getNextEvent@45 (line 542)
                      ; - java.awt.EventDispatchThread::pumpOneEventForFilters@20 (line 190)
  0x000001ea719a4754: 88da a4ff 

  0x000001ea719a4758: ;   {post_call_nop}
  0x000001ea719a4758: 0f1f 8400 | 0000 0000 | baf4 ffff | ff48 8b6c | 2428 448b | 5424 3845 | 8bda 4489 | 5c24 244c 
  0x000001ea719a4778: 8b54 2448 | 4c89 5424 | 284c 8b54 | 2450 4c89 | 5424 3044 | 8b54 2460 | 4489 5424 | 484c 8944 
  0x000001ea719a4798: ;   {runtime_call UncommonTrapBlob}
  0x000001ea719a4798: 2450 90e8 

  0x000001ea719a479c: ; ImmutableOopMap {rbp=Oop [36]=NarrowOop [40]=Oop [48]=Oop [60]=NarrowOop [72]=NarrowOop [80]=Oop [88]=Oop [96]=NarrowOop }
                      ;*checkcast {reexecute=0 rethrow=0 return_oop=0}
                      ; - java.awt.EventQueue::coalesceMouseEvent@4 (line 381)
                      ; - java.awt.EventQueue::coalesceEvent@80 (line 454)
                      ; - java.awt.EventQueue::postEvent@3 (line 314)
                      ; - java.awt.EventQueue::postEventPrivate@76 (line 279)
                      ; - java.awt.EventQueue::postEvent@9 (line 251)
                      ; - sun.awt.PostEventQueue::flush@87 (line 2064)
                      ; - sun.awt.SunToolkit::flushPendingEvents@15 (line 502)
                      ; - java.awt.EventQueue::getNextEvent@4 (line 535)
                      ; - java.awt.EventDispatchThread::pumpOneEventForFilters@20 (line 190)
  0x000001ea719a479c: 40da a4ff 

  0x000001ea719a47a0: ;   {post_call_nop}
  0x000001ea719a47a0: 0f1f 8400 | 0000 0000 | baf4 ffff | ff48 8b6c | 2428 448b | 5c24 3844 | 895c 2424 | 4c8b 5424 
  0x000001ea719a47c0: 484c 8954 | 2428 4c8b | 5424 584c | 8954 2440 | 448b 5c24 | 6044 895c | 2438 4c8b | 5424 704c 
  0x000001ea719a47e0: 8954 2448 | 448b 9424 | 8000 0000 | 4489 5424 | 684c 8944 

  0x000001ea719a47f4: ;   {runtime_call UncommonTrapBlob}
  0x000001ea719a47f4: 2470 90e8 

  0x000001ea719a47f8: ; ImmutableOopMap {rbp=Oop [36]=NarrowOop [40]=Oop [56]=NarrowOop [60]=NarrowOop [64]=Oop [72]=Oop [80]=Oop [100]=NarrowOop [104]=NarrowOop [112]=Oop [120]=Oop [128]=NarrowOop }
                      ;*checkcast {reexecute=0 rethrow=0 return_oop=0}
                      ; - java.awt.EventQueue::coalesceMouseEvent@4 (line 381)
                      ; - java.awt.EventQueue::coalesceEvent@80 (line 454)
                      ; - java.awt.EventQueue::postEvent@3 (line 314)
                      ; - java.awt.EventQueue::postEventPrivate@76 (line 279)
                      ; - java.awt.EventQueue::postEvent@9 (line 251)
                      ; - sun.awt.PostEventQueue::flush@87 (line 2064)
                      ; - sun.awt.SunToolkit::flushPendingEvents@15 (line 502)
                      ; - java.awt.EventQueue::postEvent@4 (line 250)
                      ; - sun.awt.PostEventQueue::flush@87 (line 2064)
                      ; - sun.awt.SunToolkit::flushPendingEvents@15 (line 502)
                      ; - java.awt.EventQueue::getNextEvent@4 (line 535)
                      ; - java.awt.EventDispatchThread::pumpOneEventForFilters@20 (line 190)
  0x000001ea719a47f8: e4d9 a4ff 

  0x000001ea719a47fc: ;   {post_call_nop}
  0x000001ea719a47fc: 0f1f 8400 | 0000 0000 | baf4 ffff | ff48 8b6c | 2428 448b | 5c24 3844 | 895c 2424 | 4c8b 5424 
  0x000001ea719a481c: 484c 8954 | 2428 4c8b | 5424 684c | 8954 2440 | 448b 5424 | 3c44 8954 | 2438 448b | 5c24 5844 
  0x000001ea719a483c: 895c 243c | 4c8b 5424 | 704c 8954 | 2448 4c89 

  0x000001ea719a484c: ;   {runtime_call UncommonTrapBlob}
  0x000001ea719a484c: 4424 70e8 

  0x000001ea719a4850: ; ImmutableOopMap {rbp=Oop [36]=NarrowOop [40]=Oop [56]=NarrowOop [60]=NarrowOop [64]=Oop [72]=Oop [80]=Oop [92]=NarrowOop [112]=Oop [120]=Oop [128]=NarrowOop }
                      ;*checkcast {reexecute=0 rethrow=0 return_oop=0}
                      ; - java.awt.EventQueue::coalesceMouseEvent@4 (line 381)
                      ; - java.awt.EventQueue::coalesceEvent@80 (line 454)
                      ; - java.awt.EventQueue::postEvent@3 (line 314)
                      ; - java.awt.EventQueue::postEventPrivate@76 (line 279)
                      ; - java.awt.EventQueue::postEvent@9 (line 251)
                      ; - sun.awt.PostEventQueue::flush@87 (line 2064)
                      ; - sun.awt.SunToolkit::flushPendingEvents@15 (line 502)
                      ; - java.awt.EventQueue::postEvent@4 (line 250)
                      ; - sun.awt.PostEventQueue::flush@87 (line 2064)
                      ; - sun.awt.SunToolkit::flushPendingEvents@15 (line 502)
                      ; - java.awt.EventQueue::getNextEvent@4 (line 535)
                      ; - java.awt.EventDispatchThread::pumpOneEventForFilters@20 (line 190)
  0x000001ea719a4850: 8cd9 a4ff 

  0x000001ea719a4854: ;   {post_call_nop}
  0x000001ea719a4854: 0f1f 8400 | 0000 0000 | ba45 ffff | ff48 8b6c | 2428 448b | 5c24 3844 | 895c 2424 | 4c8b 5424 
  0x000001ea719a4874: 484c 8954 | 2428 4c8b | 5424 504c | 8954 2430 | 448b 5c24 | 6044 895c | 2448 894c 

  0x000001ea719a4890: ;   {runtime_call UncommonTrapBlob}
  0x000001ea719a4890: 2454 90e8 

  0x000001ea719a4894: ; ImmutableOopMap {rbp=Oop [36]=NarrowOop [40]=Oop [48]=Oop [60]=NarrowOop [72]=NarrowOop [84]=NarrowOop [88]=Oop [96]=NarrowOop }
                      ;*ifnonnull {reexecute=1 rethrow=0 return_oop=0}
                      ; - (reexecute) java.awt.EventQueue::coalesceMouseEvent@12 (line 382)
                      ; - java.awt.EventQueue::coalesceEvent@80 (line 454)
                      ; - java.awt.EventQueue::postEvent@3 (line 314)
                      ; - java.awt.EventQueue::postEventPrivate@76 (line 279)
                      ; - java.awt.EventQueue::postEvent@9 (line 251)
                      ; - sun.awt.PostEventQueue::flush@87 (line 2064)
                      ; - sun.awt.SunToolkit::flushPendingEvents@15 (line 502)
                      ; - java.awt.EventQueue::getNextEvent@4 (line 535)
                      ; - java.awt.EventDispatchThread::pumpOneEventForFilters@20 (line 190)
  0x000001ea719a4894: 48d9 a4ff 

  0x000001ea719a4898: ;   {post_call_nop}
  0x000001ea719a4898: 0f1f 8400 | 0000 0000 | ba45 ffff | ff48 8b6c | 2428 448b | 5c24 3844 | 895c 2424 | 4c8b 5424 
  0x000001ea719a48b8: 484c 8954 | 2428 4c8b | 5424 584c | 8954 2440 | 448b 5c24 | 6044 895c | 2438 4c8b | 5424 704c 
  0x000001ea719a48d8: 8954 2448 | 448b 9424 | 8000 0000 | 4489 5424 | 6889 4c24 

  0x000001ea719a48ec: ;   {runtime_call UncommonTrapBlob}
  0x000001ea719a48ec: 7466 90e8 

  0x000001ea719a48f0: ; ImmutableOopMap {rbp=Oop [36]=NarrowOop [40]=Oop [56]=NarrowOop [60]=NarrowOop [64]=Oop [72]=Oop [80]=Oop [100]=NarrowOop [104]=NarrowOop [116]=NarrowOop [120]=Oop [128]=NarrowOop }
                      ;*ifnonnull {reexecute=1 rethrow=0 return_oop=0}
                      ; - (reexecute) java.awt.EventQueue::coalesceMouseEvent@12 (line 382)
                      ; - java.awt.EventQueue::coalesceEvent@80 (line 454)
                      ; - java.awt.EventQueue::postEvent@3 (line 314)
                      ; - java.awt.EventQueue::postEventPrivate@76 (line 279)
                      ; - java.awt.EventQueue::postEvent@9 (line 251)
                      ; - sun.awt.PostEventQueue::flush@87 (line 2064)
                      ; - sun.awt.SunToolkit::flushPendingEvents@15 (line 502)
                      ; - java.awt.EventQueue::postEvent@4 (line 250)
                      ; - sun.awt.PostEventQueue::flush@87 (line 2064)
                      ; - sun.awt.SunToolkit::flushPendingEvents@15 (line 502)
                      ; - java.awt.EventQueue::getNextEvent@4 (line 535)
                      ; - java.awt.EventDispatchThread::pumpOneEventForFilters@20 (line 190)
  0x000001ea719a48f0: ecd8 a4ff 

  0x000001ea719a48f4: ;   {post_call_nop}
  0x000001ea719a48f4: 0f1f 8400 | 0000 0000 | eb00 488b | e8eb 0aeb | 0048 8be8 | eb03 488b | e8ba 95ff | ffff 4c8b 
  0x000001ea719a4914: 5424 284c | 8954 2420 | 448b 5424 | 3845 8bda | 4489 5c24 

  0x000001ea719a4928: ;   {runtime_call UncommonTrapBlob}
  0x000001ea719a4928: 2c66 90e8 

  0x000001ea719a492c: ; ImmutableOopMap {rbp=Oop [32]=Oop [44]=NarrowOop [72]=Oop [80]=Oop }
                      ;*astore {reexecute=0 rethrow=0 return_oop=0}
                      ; - sun.awt.PostEventQueue::flush@126 (line 2070)
                      ; - sun.awt.SunToolkit::flushPendingEvents@15 (line 502)
                      ; - java.awt.EventQueue::getNextEvent@4 (line 535)
                      ; - java.awt.EventDispatchThread::pumpOneEventForFilters@20 (line 190)
  0x000001ea719a492c: b0d8 a4ff 

  0x000001ea719a4930: ;   {post_call_nop}
  0x000001ea719a4930: 0f1f 8400 | 0000 0000 | ba45 ffff | ff48 8b6c | 2428 448b | 5c24 3844 | 895c 2424 | 4c8b 5424 
  0x000001ea719a4950: 484c 8954 | 2428 4c8b | 5424 684c | 8954 2440 | 448b 5c24 | 3c44 895c | 2438 448b | 5424 5844 
  0x000001ea719a4970: 8954 243c | 4c8b 5424 | 704c 8954 | 2448 4489 

  0x000001ea719a4980: ;   {runtime_call UncommonTrapBlob}
  0x000001ea719a4980: 4c24 74e8 

  0x000001ea719a4984: ; ImmutableOopMap {rbp=Oop [36]=NarrowOop [40]=Oop [56]=NarrowOop [60]=NarrowOop [64]=Oop [72]=Oop [80]=Oop [92]=NarrowOop [116]=NarrowOop [120]=Oop [128]=NarrowOop }
                      ;*ifnonnull {reexecute=1 rethrow=0 return_oop=0}
                      ; - (reexecute) java.awt.EventQueue::coalesceMouseEvent@12 (line 382)
                      ; - java.awt.EventQueue::coalesceEvent@80 (line 454)
                      ; - java.awt.EventQueue::postEvent@3 (line 314)
                      ; - java.awt.EventQueue::postEventPrivate@76 (line 279)
                      ; - java.awt.EventQueue::postEvent@9 (line 251)
                      ; - sun.awt.PostEventQueue::flush@87 (line 2064)
                      ; - sun.awt.SunToolkit::flushPendingEvents@15 (line 502)
                      ; - java.awt.EventQueue::postEvent@4 (line 250)
                      ; - sun.awt.PostEventQueue::flush@87 (line 2064)
                      ; - sun.awt.SunToolkit::flushPendingEvents@15 (line 502)
                      ; - java.awt.EventQueue::getNextEvent@4 (line 535)
                      ; - java.awt.EventDispatchThread::pumpOneEventForFilters@20 (line 190)
  0x000001ea719a4984: 58d8 a4ff 

  0x000001ea719a4988: ;   {post_call_nop}
  0x000001ea719a4988: 0f1f 8400 | 0000 0000 | eb00 488b | e8eb 0aeb | 0048 8be8 | eb03 488b | e8ba 95ff | ffff 4c8b 
  0x000001ea719a49a8: 5424 284c | 8954 2420 | 448b 5424 | 3845 8bda | 4489 5c24 | 2c4c 8b54 | 2448 4c89 | 5424 304c 
  0x000001ea719a49c8: 8b54 2458 | 4c89 5424 

  0x000001ea719a49d0: ;   {runtime_call UncommonTrapBlob}
  0x000001ea719a49d0: 4866 90e8 

  0x000001ea719a49d4: ; ImmutableOopMap {rbp=Oop [32]=Oop [44]=NarrowOop [48]=Oop [60]=NarrowOop [72]=Oop [80]=Oop [96]=NarrowOop [112]=Oop }
                      ;*astore {reexecute=0 rethrow=0 return_oop=0}
                      ; - sun.awt.PostEventQueue::flush@126 (line 2070)
                      ; - sun.awt.SunToolkit::flushPendingEvents@15 (line 502)
                      ; - java.awt.EventQueue::postEvent@4 (line 250)
                      ; - sun.awt.PostEventQueue::flush@87 (line 2064)
                      ; - sun.awt.SunToolkit::flushPendingEvents@15 (line 502)
                      ; - java.awt.EventQueue::getNextEvent@4 (line 535)
                      ; - java.awt.EventDispatchThread::pumpOneEventForFilters@20 (line 190)
  0x000001ea719a49d4: 08d8 a4ff 

  0x000001ea719a49d8: ;   {post_call_nop}
  0x000001ea719a49d8: 0f1f 8400 | 0000 0000 | eb02 eb00 | 488b e8eb | 0348 8be8 | ba95 ffff | ff4c 8b54 | 2428 4c89 
  0x000001ea719a49f8: 5424 2044 | 8b5c 2438 | 4489 5c24 | 2c4c 8b54 | 2448 4c89 | 5424 3044 | 8b54 243c | 4489 5424 
  0x000001ea719a4a18: 3844 8b5c | 2458 4489 

  0x000001ea719a4a20: ;   {runtime_call UncommonTrapBlob}
  0x000001ea719a4a20: 5c24 3ce8 

  0x000001ea719a4a24: ; ImmutableOopMap {rbp=Oop [32]=Oop [44]=NarrowOop [48]=Oop [56]=NarrowOop [60]=NarrowOop [80]=Oop [104]=Oop [112]=Oop }
                      ;*astore {reexecute=0 rethrow=0 return_oop=0}
                      ; - sun.awt.PostEventQueue::flush@126 (line 2070)
                      ; - sun.awt.SunToolkit::flushPendingEvents@15 (line 502)
                      ; - java.awt.EventQueue::postEvent@4 (line 250)
                      ; - sun.awt.PostEventQueue::flush@87 (line 2064)
                      ; - sun.awt.SunToolkit::flushPendingEvents@15 (line 502)
                      ; - java.awt.EventQueue::getNextEvent@4 (line 535)
                      ; - java.awt.EventDispatchThread::pumpOneEventForFilters@20 (line 190)
  0x000001ea719a4a24: b8d7 a4ff 

  0x000001ea719a4a28: ;   {post_call_nop}
  0x000001ea719a4a28: 0f1f 8400 | 0000 0000 | 448b 5808 

  0x000001ea719a4a34: ;   {metadata('java/lang/OutOfMemoryError')}
  0x000001ea719a4a34: 4181 fb58 | 581e 0075 | 4448 8be8 | ba95 ffff | ff4c 8b54 | 2428 4c89 | 5424 2044 | 8b5c 2438 
  0x000001ea719a4a54: 4489 5c24 | 2c4c 8b54 | 2448 4c89 

  0x000001ea719a4a60: ;   {runtime_call UncommonTrapBlob}
  0x000001ea719a4a60: 5424 38e8 

  0x000001ea719a4a64: ; ImmutableOopMap {rbp=Oop [32]=Oop [44]=NarrowOop [56]=Oop [72]=Oop }
                      ;*astore_2 {reexecute=0 rethrow=0 return_oop=0}
                      ; - java.util.concurrent.locks.AbstractQueuedSynchronizer$ConditionObject::newConditionNode@18 (line 1668)
                      ; - java.util.concurrent.locks.AbstractQueuedSynchronizer$ConditionObject::await@15 (line 1737)
                      ; - java.awt.EventQueue::getNextEvent@52 (line 543)
                      ; - java.awt.EventDispatchThread::pumpOneEventForFilters@20 (line 190)
  0x000001ea719a4a64: 78d7 a4ff 

  0x000001ea719a4a68: ;   {post_call_nop}
  0x000001ea719a4a68: 0f1f 8400 | 0000 0000 | 448b 5808 

  0x000001ea719a4a74: ;   {metadata('java/lang/OutOfMemoryError')}
  0x000001ea719a4a74: 4181 fb58 | 581e 000f | 84a3 0000 | 0048 8be8 | eb42 488b | e8eb 3deb | 0048 8be8 | eb36 448b 
  0x000001ea719a4a94: ;   {metadata('java/lang/Error')}
  0x000001ea719a4a94: 5808 49ba | d828 1e94 | 0000 0000 | 41b9 0000 | 0094 4d03 | cb4d 8b59 | 404d 3bda | 7432 4d8b 
  0x000001ea719a4ab4: ;   {metadata('java/lang/RuntimeException')}
  0x000001ea719a4ab4: 5148 49bb | d8fd 1d94 | 0000 0000 | 4d3b d374 | 1f48 8be8 | ba95 ffff | ff4c 8b54 | 2428 4c89 
  0x000001ea719a4ad4: ;   {runtime_call UncommonTrapBlob}
  0x000001ea719a4ad4: 5424 20e8 

  0x000001ea719a4ad8: ; ImmutableOopMap {rbp=Oop [32]=Oop [56]=NarrowOop }
                      ;*astore_3 {reexecute=0 rethrow=0 return_oop=0}
                      ; - java.awt.EventQueue::getNextEvent@69 (line 545)
                      ; - java.awt.EventDispatchThread::pumpOneEventForFilters@20 (line 190)
  0x000001ea719a4ad8: 04d7 a4ff 

  0x000001ea719a4adc: ;   {post_call_nop}
  0x000001ea719a4adc: 0f1f 8400 | 0000 0000 | ba95 ffff | ff4c 8b54 | 2428 4c89 | 5424 2044 | 8b54 2438 | 4489 5424 
  0x000001ea719a4afc: 2c4c 8b54 | 2448 4c89 | 5424 304c | 8b54 2458 | 4c89 5424 | 4048 8944 

  0x000001ea719a4b14: ;   {runtime_call UncommonTrapBlob}
  0x000001ea719a4b14: 2450 90e8 

  0x000001ea719a4b18: ; ImmutableOopMap {rbp=NarrowOop [32]=Oop [44]=NarrowOop [48]=Oop [64]=Oop [80]=Oop [88]=Oop }
                      ;*astore_3 {reexecute=0 rethrow=0 return_oop=0}
                      ; - java.util.concurrent.locks.AbstractQueuedSynchronizer::reacquire@14 (line 669)
                      ; - java.util.concurrent.locks.AbstractQueuedSynchronizer$ConditionObject::await@148 (line 1763)
                      ; - java.awt.EventQueue::getNextEvent@52 (line 543)
                      ; - java.awt.EventDispatchThread::pumpOneEventForFilters@20 (line 190)
  0x000001ea719a4b18: c4d6 a4ff 

  0x000001ea719a4b1c: ;   {post_call_nop}
  0x000001ea719a4b1c: 0f1f 8400 | 0000 0000 | 488b e8ba | 95ff ffff | 4c8b 5424 | 284c 8954 | 2420 448b | 5424 3844 
  0x000001ea719a4b3c: 8954 242c | 4c8b 5424 | 484c 8954 

  0x000001ea719a4b48: ;   {runtime_call UncommonTrapBlob}
  0x000001ea719a4b48: 2438 90e8 

  0x000001ea719a4b4c: ; ImmutableOopMap {rbp=Oop [32]=Oop [44]=NarrowOop [56]=Oop [72]=Oop }
                      ;*astore_3 {reexecute=0 rethrow=0 return_oop=0}
                      ; - java.util.concurrent.locks.AbstractQueuedSynchronizer::tryInitializeHead@41 (line 593)
                      ; - java.util.concurrent.locks.AbstractQueuedSynchronizer$ConditionObject::newConditionNode@4 (line 1665)
                      ; - java.util.concurrent.locks.AbstractQueuedSynchronizer$ConditionObject::await@15 (line 1737)
                      ; - java.awt.EventQueue::getNextEvent@52 (line 543)
                      ; - java.awt.EventDispatchThread::pumpOneEventForFilters@20 (line 190)
  0x000001ea719a4b4c: 90d6 a4ff 

  0x000001ea719a4b50: ;   {post_call_nop}
  0x000001ea719a4b50: 0f1f 8400 | 0000 0000 | ba95 ffff | ff48 8b6c | 2428 448b | 5c24 3844 | 895c 2424 | 4889 4424 
  0x000001ea719a4b70: ;   {runtime_call UncommonTrapBlob}
  0x000001ea719a4b70: 4066 90e8 

  0x000001ea719a4b74: ; ImmutableOopMap {rbp=Oop [36]=NarrowOop [64]=Oop [72]=Oop [88]=Oop }
                      ;*astore {reexecute=0 rethrow=0 return_oop=0}
                      ; - java.util.concurrent.locks.AbstractQueuedSynchronizer$ConditionObject::await@121 (line 1755)
                      ; - java.awt.EventQueue::getNextEvent@52 (line 543)
                      ; - java.awt.EventDispatchThread::pumpOneEventForFilters@20 (line 190)
  0x000001ea719a4b74: 68d6 a4ff 

  0x000001ea719a4b78: ;   {post_call_nop}
  0x000001ea719a4b78: 0f1f 8400 | 0000 0000 | baad ffff | ff48 8b6c | 2428 448b | 4424 3844 | 8944 2424 | 4889 4424 
  0x000001ea719a4b98: ;   {runtime_call UncommonTrapBlob}
  0x000001ea719a4b98: 4066 90e8 

  0x000001ea719a4b9c: ; ImmutableOopMap {rbp=Oop [36]=NarrowOop [64]=Oop [72]=Oop [88]=Oop }
                      ;*astore {reexecute=0 rethrow=0 return_oop=0}
                      ; - java.util.concurrent.locks.AbstractQueuedSynchronizer$ConditionObject::await@113 (line 1753)
                      ; - java.awt.EventQueue::getNextEvent@52 (line 543)
                      ; - java.awt.EventDispatchThread::pumpOneEventForFilters@20 (line 190)
  0x000001ea719a4b9c: 40d6 a4ff 

  0x000001ea719a4ba0: ;   {post_call_nop}
  0x000001ea719a4ba0: 0f1f 8400 | 0000 0000 | 488b e8e9 | cf00 0000 | 488b e8e9 | c700 0000 | 488b e8e9 | bf00 0000 
  0x000001ea719a4bc0: eb00 448b | 4008 41ba | 0000 0094 | 4d03 d0e9 | 8300 0000 | eb02 eb0f | 448b 5808 | 41ba 0000 
  0x000001ea719a4be0: 0094 4d03 | d3eb 7044 | 8b58 0841 | ba00 0000 | 944d 03d3 | eb61 448b 

  0x000001ea719a4bf8: ;   {metadata('java/lang/InterruptedException')}
  0x000001ea719a4bf8: 5008 4181 | fa28 5024 | 0175 a548 | 8be8 eb61 | 448b 5008 

  0x000001ea719a4c0c: ;   {metadata('java/lang/InterruptedException')}
  0x000001ea719a4c0c: 4181 fa28 | 5024 0175 | 9b48 8be8 | eb4f 448b 

  0x000001ea719a4c1c: ;   {metadata('java/lang/InterruptedException')}
  0x000001ea719a4c1c: 5808 4181 | fb28 5024 | 0175 9148 | 8be8 eb3d | 448b 4008 | 41ba 0000 | 0094 4d03 | d0eb 1c44 
  0x000001ea719a4c3c: 8b40 0841 | ba00 0000 | 944d 03d0 | eb0d 448b | 4008 41ba | 0000 0094 

  0x000001ea719a4c54: ;   {metadata('java/lang/InterruptedException')}
  0x000001ea719a4c54: 4d03 d049 | bb28 5024 | 9500 0000 | 004d 3bd3 | 7516 488b | e8ba 95ff 

  0x000001ea719a4c6c: ;   {runtime_call UncommonTrapBlob}
  0x000001ea719a4c6c: ffff 90e8 

  0x000001ea719a4c70: ; ImmutableOopMap {rbp=Oop [40]=Oop }
                      ;*astore {reexecute=0 rethrow=0 return_oop=0}
                      ; - java.awt.EventDispatchThread::pumpOneEventForFilters@87 (line 205)
  0x000001ea719a4c70: 6cd5 a4ff 

  0x000001ea719a4c74: ;   {post_call_nop}
  0x000001ea719a4c74: 0f1f 8400 | 0000 0000 | 488b e8ba | 95ff ffff 

  0x000001ea719a4c84: ;   {runtime_call UncommonTrapBlob}
  0x000001ea719a4c84: 6666 90e8 

  0x000001ea719a4c88: ; ImmutableOopMap {rbp=Oop [40]=Oop }
                      ;*astore {reexecute=0 rethrow=0 return_oop=0}
                      ; - java.awt.EventDispatchThread::pumpOneEventForFilters@97 (line 209)
  0x000001ea719a4c88: 54d5 a4ff 

  0x000001ea719a4c8c: ;   {post_call_nop}
  0x000001ea719a4c8c: 0f1f 8400 | 0000 0000 | 488b e8eb | 0a48 8be8 | eb05 eb00 | 488b e8ba | 95ff ffff | 4c8b 5424 
  0x000001ea719a4cac: 284c 8954 | 2420 448b | 5c24 3844 | 895c 242c | 4c8b 5424 | 484c 8954 

  0x000001ea719a4cc4: ;   {runtime_call UncommonTrapBlob}
  0x000001ea719a4cc4: 2430 90e8 

  0x000001ea719a4cc8: ; ImmutableOopMap {rbp=Oop [32]=Oop [44]=NarrowOop [48]=Oop [80]=Oop [88]=Oop [96]=NarrowOop }
                      ;*astore_2 {reexecute=0 rethrow=0 return_oop=0}
                      ; - java.awt.EventQueue::postEventPrivate@91 (line 281)
                      ; - java.awt.EventQueue::postEvent@9 (line 251)
                      ; - sun.awt.PostEventQueue::flush@87 (line 2064)
                      ; - sun.awt.SunToolkit::flushPendingEvents@15 (line 502)
                      ; - java.awt.EventQueue::getNextEvent@4 (line 535)
                      ; - java.awt.EventDispatchThread::pumpOneEventForFilters@20 (line 190)
  0x000001ea719a4cc8: 14d5 a4ff 

  0x000001ea719a4ccc: ;   {post_call_nop}
  0x000001ea719a4ccc: 0f1f 8400 | 0000 0000 | 488b e8eb | 0a48 8be8 | eb05 eb00 | 488b e8ba | 95ff ffff | 4c8b 5424 
  0x000001ea719a4cec: 284c 8954 | 2420 448b | 5c24 3844 | 895c 242c | 4c8b 5424 | 484c 8954 | 2430 4c8b | 5424 584c 
  0x000001ea719a4d0c: 8954 2448 | 448b 5424 | 6044 8954 

  0x000001ea719a4d18: ;   {runtime_call UncommonTrapBlob}
  0x000001ea719a4d18: 2438 90e8 

  0x000001ea719a4d1c: ; ImmutableOopMap {rbp=Oop [32]=Oop [44]=NarrowOop [48]=Oop [56]=NarrowOop [60]=NarrowOop [72]=Oop [80]=Oop [112]=Oop [120]=Oop [128]=NarrowOop }
                      ;*astore_2 {reexecute=0 rethrow=0 return_oop=0}
                      ; - java.awt.EventQueue::postEventPrivate@91 (line 281)
                      ; - java.awt.EventQueue::postEvent@9 (line 251)
                      ; - sun.awt.PostEventQueue::flush@87 (line 2064)
                      ; - sun.awt.SunToolkit::flushPendingEvents@15 (line 502)
                      ; - java.awt.EventQueue::postEvent@4 (line 250)
                      ; - sun.awt.PostEventQueue::flush@87 (line 2064)
                      ; - sun.awt.SunToolkit::flushPendingEvents@15 (line 502)
                      ; - java.awt.EventQueue::getNextEvent@4 (line 535)
                      ; - java.awt.EventDispatchThread::pumpOneEventForFilters@20 (line 190)
  0x000001ea719a4d1c: c0d4 a4ff 

  0x000001ea719a4d20: ;   {post_call_nop}
  0x000001ea719a4d20: 0f1f 8400 | 0000 0000 | 488b e8eb | 1148 8be8 | eb0c eb00 | 488b e8eb | 05eb 0048 | 8be8 ba95 
  0x000001ea719a4d40: ffff ff4c | 8b54 2428 | 4c89 5424 | 2044 8b54 | 2438 4489 | 5424 2c4c | 8b54 2448 | 4c89 5424 
  0x000001ea719a4d60: 304c 8b54 | 2468 4c89 | 5424 4844 | 8b54 243c | 4489 5424 | 3844 8b5c | 2458 4489 

  0x000001ea719a4d7c: ;   {runtime_call UncommonTrapBlob}
  0x000001ea719a4d7c: 5c24 3ce8 

  0x000001ea719a4d80: ; ImmutableOopMap {rbp=Oop [32]=Oop [44]=NarrowOop [48]=Oop [56]=NarrowOop [60]=NarrowOop [72]=Oop [80]=Oop [92]=NarrowOop [112]=Oop [120]=Oop }
                      ;*astore_2 {reexecute=0 rethrow=0 return_oop=0}
                      ; - java.awt.EventQueue::postEventPrivate@91 (line 281)
                      ; - java.awt.EventQueue::postEvent@9 (line 251)
                      ; - sun.awt.PostEventQueue::flush@87 (line 2064)
                      ; - sun.awt.SunToolkit::flushPendingEvents@15 (line 502)
                      ; - java.awt.EventQueue::postEvent@4 (line 250)
                      ; - sun.awt.PostEventQueue::flush@87 (line 2064)
                      ; - sun.awt.SunToolkit::flushPendingEvents@15 (line 502)
                      ; - java.awt.EventQueue::getNextEvent@4 (line 535)
                      ; - java.awt.EventDispatchThread::pumpOneEventForFilters@20 (line 190)
  0x000001ea719a4d80: 5cd4 a4ff 

  0x000001ea719a4d84: ;   {post_call_nop}
  0x000001ea719a4d84: 0f1f 8400 | 0000 0000 | 458b 0b49 | c1e1 034d | 85c9 0f84 | 455a ffff | 4d8b 4738 | 4d85 c074 
  0x000001ea719a4da4: 1449 83e8 | 084d 8947 | 384d 0347 | 404d 8908 | e928 5aff | ff48 83ec | 304c 895c | 2428 4889 
  0x000001ea719a4dc4: 4c24 2049 | 8bc9 498b 

  0x000001ea719a4dcc: ;   {runtime_call}
  0x000001ea719a4dcc: d748 b880 | ad0d e5fd | 7f00 00ff | d048 8b4c | 2420 4c8b | 5c24 28c5 | f877 4883 | c430 e9f2 
  0x000001ea719a4dec: 59ff ff41 | 8b18 48c1 | e303 4885 | db0f 8438 | 5bff ff4d | 8b4f 384d | 85c9 7414 | 4983 e908 
  0x000001ea719a4e0c: 4d89 4f38 | 4d03 4f40 | 4989 19e9 | 1b5b ffff | 4883 ec50 | 4c89 5424 | 484c 895c | 2440 4c89 
  0x000001ea719a4e2c: 4424 3848 | 894c 2430 | 4889 7c24 | 2848 8bcb 

  0x000001ea719a4e3c: ;   {runtime_call}
  0x000001ea719a4e3c: 498b d748 | b880 ad0d | e5fd 7f00 | 00ff d048 | 8b7c 2428 | 488b 4c24 | 304c 8b44 | 2438 4c8b 
  0x000001ea719a4e5c: 5c24 404c | 8b54 2448 | c5f8 7748 | 83c4 50e9 | c75a ffff | 448b 0349 | c1e0 034d | 85c0 0f84 
  0x000001ea719a4e7c: d35a ffff | 4d8b 4f38 | 4d85 c974 | 1449 83e9 | 084d 894f | 384d 034f | 404d 8901 | e9b6 5aff 
  0x000001ea719a4e9c: ff48 83ec | 304c 895c | 2428 4889 | 4c24 2049 | 8bc8 498b 

  0x000001ea719a4eb0: ;   {runtime_call}
  0x000001ea719a4eb0: d748 b880 | ad0d e5fd | 7f00 00ff | d048 8b4c | 2420 4c8b | 5c24 28c5 | f877 4883 | c430 e980 
  0x000001ea719a4ed0: 5aff ff41 | 8b08 48c1 | e103 4885 | c90f 8427 | 5bff ff4d | 8b4f 384d | 85c9 7414 | 4983 e908 
  0x000001ea719a4ef0: 4d89 4f38 | 4d03 4f40 | 4989 09e9 | 0a5b ffff | 4883 ec30 | 4c89 4424 | 2848 897c | 2420 498b 
  0x000001ea719a4f10: ;   {runtime_call}
  0x000001ea719a4f10: d748 b880 | ad0d e5fd | 7f00 00ff | d048 8b7c | 2420 4c8b | 4424 28c5 | f877 4883 | c430 e9d7 
  0x000001ea719a4f30: 5aff ff45 | 8b0b 49c1 | e103 4d85 | c90f 8425 | 5bff ff4d | 8b47 384d | 85c0 7414 | 4983 e808 
  0x000001ea719a4f50: 4d89 4738 | 4d03 4740 | 4d89 08e9 | 085b ffff | 4883 ec40 | 4c89 5424 | 384c 895c | 2430 4889 
  0x000001ea719a4f70: 4c24 2848 | 897c 2420 | 498b c949 

  0x000001ea719a4f7c: ;   {runtime_call}
  0x000001ea719a4f7c: 8bd7 48b8 | 80ad 0de5 | fd7f 0000 | ffd0 488b | 7c24 2048 | 8b4c 2428 | 4c8b 5c24 | 304c 8b54 
  0x000001ea719a4f9c: 2438 c5f8 | 7748 83c4 | 40e9 be5a | ffff 458b | 1849 c1e3 | 034d 85db | 0f84 a85e | ffff 4d8b 
  0x000001ea719a4fbc: 5738 4d85 | d274 1449 | 83ea 084d | 8957 384d | 0357 404d | 891a e98b | 5eff ff48 | 83ec 304c 
  0x000001ea719a4fdc: 8944 2428 | 498b cb49 

  0x000001ea719a4fe4: ;   {runtime_call}
  0x000001ea719a4fe4: 8bd7 48b8 | 80ad 0de5 | fd7f 0000 | ffd0 4c8b | 4424 28c5 | f877 4883 | c430 e95f | 5eff ff45 
  0x000001ea719a5004: 8b08 49c1 | e103 4d85 | c90f 8442 | 61ff ff4d | 8b57 384d | 85d2 7414 | 4983 ea08 | 4d89 5738 
  0x000001ea719a5024: 4d03 5740 | 4d89 0ae9 | 2561 ffff | 4883 ec40 | 4c89 5c24 | 384c 8944 | 2430 4889 | 4c24 2848 
  0x000001ea719a5044: 8944 2420 | 498b c949 

  0x000001ea719a504c: ;   {runtime_call}
  0x000001ea719a504c: 8bd7 48b8 | 80ad 0de5 | fd7f 0000 | ffd0 488b | 4424 2048 | 8b4c 2428 | 4c8b 4424 | 304c 8b5c 
  0x000001ea719a506c: 2438 c5f8 | 7748 83c4 | 40e9 db60 | ffff 458b | 1a49 c1e3 | 034d 85db | 0f84 0861 | ffff 4d8b 
  0x000001ea719a508c: 4738 4d85 | c074 1449 | 83e8 084d | 8947 384d | 0347 404d | 8918 e9eb | 60ff ff48 | 83ec 404c 
  0x000001ea719a50ac: 8954 2438 | 4c89 4c24 | 3048 8944 | 2428 498b | cb49 8bd7 

  0x000001ea719a50c0: ;   {runtime_call}
  0x000001ea719a50c0: 48b8 80ad | 0de5 fd7f | 0000 ffd0 | 488b 4424 | 284c 8b4c | 2430 4c8b | 5424 38c5 | f877 4883 
  0x000001ea719a50e0: c440 e9ab | 60ff ff45 | 8b0b 49c1 | e103 4d85 | c90f 8405 | 61ff ff4d | 8b47 384d | 85c0 7414 
  0x000001ea719a5100: 4983 e808 | 4d89 4738 | 4d03 4740 | 4d89 08e9 | e860 ffff | 4883 ec40 | 4c89 5424 | 384c 895c 
  0x000001ea719a5120: 2430 4889 | 4c24 2848 | 8944 2420 | 498b c949 

  0x000001ea719a5130: ;   {runtime_call}
  0x000001ea719a5130: 8bd7 48b8 | 80ad 0de5 | fd7f 0000 | ffd0 488b | 4424 2048 | 8b4c 2428 | 4c8b 5c24 | 304c 8b54 
  0x000001ea719a5150: 2438 c5f8 | 7748 83c4 | 40e9 9e60 | ffff 458b | 1849 c1e3 | 034d 85db | 0f84 df60 | ffff 4d8b 
  0x000001ea719a5170: 5738 4d85 | d274 1449 | 83ea 084d | 8957 384d | 0357 404d | 891a e9c2 | 60ff ff48 | 83ec 404c 
  0x000001ea719a5190: 8944 2438 | 4c89 4c24 | 3048 894c | 2428 498b | cb49 8bd7 

  0x000001ea719a51a4: ;   {runtime_call}
  0x000001ea719a51a4: 48b8 80ad | 0de5 fd7f | 0000 ffd0 | 488b 4c24 | 284c 8b4c | 2430 4c8b | 4424 38c5 | f877 4883 
  0x000001ea719a51c4: c440 e982 | 60ff ff45 | 8b1a 49c1 | e303 4d85 | db0f 840f | 62ff ff4d | 8b47 384d | 85c0 7414 
  0x000001ea719a51e4: 4983 e808 | 4d89 4738 | 4d03 4740 | 4d89 18e9 | f261 ffff | 4883 ec60 | 4c89 5424 | 584c 894c 
  0x000001ea719a5204: 2450 4889 | 4c24 4848 | 897c 2440 | 4889 5424 | 3848 8974 | 2430 4889 | 4424 2849 | 8bcb 498b 
  0x000001ea719a5224: ;   {runtime_call}
  0x000001ea719a5224: d748 b880 | ad0d e5fd | 7f00 00ff | d048 8b44 | 2428 488b | 7424 3048 | 8b54 2438 | 488b 7c24 
  0x000001ea719a5244: 4048 8b4c | 2448 4c8b | 4c24 504c | 8b54 2458 | c5f8 7748 | 83c4 60e9 | 8a61 ffff | 418b 3348 
  0x000001ea719a5264: c1e6 0348 | 85f6 0f84 | b761 ffff | 498b 5738 | 4885 d274 | 1448 83ea | 0849 8957 | 3849 0357 
  0x000001ea719a5284: 4048 8932 | e99a 61ff | ff48 83ec | 504c 8954 | 2448 4c89 | 5c24 404c | 8944 2438 | 4c89 4c24 
  0x000001ea719a52a4: 3048 894c | 2428 4889 | 7c24 2048 | 8bce 498b 

  0x000001ea719a52b4: ;   {runtime_call}
  0x000001ea719a52b4: d748 b880 | ad0d e5fd | 7f00 00ff | d048 8b7c | 2420 488b | 4c24 284c | 8b4c 2430 | 4c8b 4424 
  0x000001ea719a52d4: 384c 8b5c | 2440 4c8b | 5424 48c5 | f877 4883 | c450 e93c | 61ff ff41 | 8b38 48c1 | e703 4885 
  0x000001ea719a52f4: ff0f 8441 | 61ff ff4d | 8b57 384d | 85d2 7414 | 4983 ea08 | 4d89 5738 | 4d03 5740 | 4989 3ae9 
  0x000001ea719a5314: 2461 ffff | 4883 ec40 | 4c89 5c24 | 384c 8944 | 2430 4c89 | 4c24 2848 | 894c 2420 | 488b cf49 
  0x000001ea719a5334: ;   {runtime_call}
  0x000001ea719a5334: 8bd7 48b8 | 80ad 0de5 | fd7f 0000 | ffd0 488b | 4c24 204c | 8b4c 2428 | 4c8b 4424 | 304c 8b5c 
  0x000001ea719a5354: 2438 c5f8 | 7748 83c4 | 40e9 da60 | ffff 458b | 1049 c1e2 | 034d 85d2 | 0f84 8e62 | ffff 4d8b 
  0x000001ea719a5374: 4f38 4d85 | c974 1449 | 83e9 084d | 894f 384d | 034f 404d | 8911 e971 | 62ff ff48 | 83ec 304c 
  0x000001ea719a5394: 8944 2428 | 4889 4c24 | 2049 8bca 

  0x000001ea719a53a0: ;   {runtime_call}
  0x000001ea719a53a0: 498b d748 | b880 ad0d | e5fd 7f00 | 00ff d048 | 8b4c 2420 | 4c8b 4424 | 28c5 f877 | 4883 c430 
  0x000001ea719a53c0: e93b 62ff | ff45 8b0b | 49c1 e103 | 4d85 c90f | 845f 64ff | ff4d 8b47 | 384d 85c0 | 7414 4983 
  0x000001ea719a53e0: e808 4d89 | 4738 4d03 | 4740 4d89 | 08e9 4264 | ffff 4883 | ec30 4c89 | 5c24 2848 | 894c 2420 
  0x000001ea719a5400: 498b c949 

  0x000001ea719a5404: ;   {runtime_call}
  0x000001ea719a5404: 8bd7 48b8 | 80ad 0de5 | fd7f 0000 | ffd0 488b | 4c24 204c | 8b5c 2428 | c5f8 7748 | 83c4 30e9 
  0x000001ea719a5424: 0c64 ffff | 418b 1b48 | c1e3 0348 | 85db 0f84 | 1565 ffff | 498b 4f38 | 4885 c974 | 1448 83e9 
  0x000001ea719a5444: 0849 894f | 3849 034f | 4048 8919 | e9f8 64ff | ff48 83ec | 504c 8954 | 2448 4c89 | 5c24 404c 
  0x000001ea719a5464: 8944 2438 | 4c89 4c24 | 3048 897c | 2428 488b | cb49 8bd7 

  0x000001ea719a5478: ;   {runtime_call}
  0x000001ea719a5478: 48b8 80ad | 0de5 fd7f | 0000 ffd0 | 488b 7c24 | 284c 8b4c | 2430 4c8b | 4424 384c | 8b5c 2440 
  0x000001ea719a5498: 4c8b 5424 | 48c5 f877 | 4883 c450 | e9a4 64ff | ff45 8b10 | 49c1 e203 | 4d85 d20f | 84cd 64ff 
  0x000001ea719a54b8: ff4d 8b5f | 384d 85db | 7414 4983 | eb08 4d89 | 5f38 4d03 | 5f40 4d89 | 13e9 b064 | ffff 4883 
  0x000001ea719a54d8: ec30 4c89 | 4424 2848 | 897c 2420 | 498b ca49 

  0x000001ea719a54e8: ;   {runtime_call}
  0x000001ea719a54e8: 8bd7 48b8 | 80ad 0de5 | fd7f 0000 | ffd0 488b | 7c24 204c | 8b44 2428 | c5f8 7748 | 83c4 30e9 
  0x000001ea719a5508: 7a64 ffff | 458b 0349 | c1e0 034d | 85c0 0f84 | 2168 ffff | 4d8b 5738 | 4d85 d274 | 1449 83ea 
  0x000001ea719a5528: 084d 8957 | 384d 0357 | 404d 8902 | e904 68ff | ff48 83ec | 404c 895c | 2438 4c89 | 4c24 3048 
  0x000001ea719a5548: 894c 2428 | 498b c849 

  0x000001ea719a5550: ;   {runtime_call}
  0x000001ea719a5550: 8bd7 48b8 | 80ad 0de5 | fd7f 0000 | ffd0 488b | 4c24 284c | 8b4c 2430 | 4c8b 5c24 | 38c5 f877 
  0x000001ea719a5570: 4883 c440 | e9c4 67ff | ff45 8b03 | 49c1 e003 | 4d85 c00f | 84fe 67ff | ff4d 8b57 | 384d 85d2 
  0x000001ea719a5590: 7414 4983 | ea08 4d89 | 5738 4d03 | 5740 4d89 | 02e9 e167 | ffff 4883 | ec40 4c89 | 5c24 384c 
  0x000001ea719a55b0: 894c 2430 | 4889 4c24 | 2849 8bc8 

  0x000001ea719a55bc: ;   {runtime_call}
  0x000001ea719a55bc: 498b d748 | b880 ad0d | e5fd 7f00 | 00ff d048 | 8b4c 2428 | 4c8b 4c24 | 304c 8b5c | 2438 c5f8 
  0x000001ea719a55dc: 7748 83c4 | 40e9 a167 | ffff 8b13 | 48c1 e203 | 4885 d20f | 84ec 67ff | ff49 8b7f | 3848 85ff 
  0x000001ea719a55fc: 7414 4883 | ef08 4989 | 7f38 4903 | 7f40 4889 | 17e9 cf67 | ffff 4883 | ec50 4c89 | 5c24 484c 
  0x000001ea719a561c: 8944 2440 | 4c89 4c24 | 3848 894c | 2430 4889 | 7424 2848 | 8bca 498b 

  0x000001ea719a5634: ;   {runtime_call}
  0x000001ea719a5634: d748 b880 | ad0d e5fd | 7f00 00ff | d048 8b74 | 2428 488b | 4c24 304c | 8b4c 2438 | 4c8b 4424 
  0x000001ea719a5654: 404c 8b5c | 2448 c5f8 | 7748 83c4 | 50e9 7b67 | ffff 448b | 2e49 c1e5 | 034d 85ed | 0f84 a267 
  0x000001ea719a5674: ffff 498b | 5f38 4885 | db74 1448 | 83eb 0849 | 895f 3849 | 035f 404c | 892b e985 | 67ff ff48 
  0x000001ea719a5694: 83ec 504c | 895c 2448 | 4c89 4424 | 404c 894c | 2438 4889 | 4c24 3048 | 8974 2428 | 4889 4424 
  0x000001ea719a56b4: 2049 8bcd 

  0x000001ea719a56b8: ;   {runtime_call}
  0x000001ea719a56b8: 498b d748 | b880 ad0d | e5fd 7f00 | 00ff d048 | 8b44 2420 | 488b 7424 | 2848 8b4c | 2430 4c8b 
  0x000001ea719a56d8: 4c24 384c | 8b44 2440 | 4c8b 5c24 | 48c5 f877 | 4883 c450 | e927 67ff | ff44 8b13 | 49c1 e203 
  0x000001ea719a56f8: 4d85 d20f | 846b 67ff | ff4d 8b47 | 384d 85c0 | 7414 4983 | e808 4d89 | 4738 4d03 | 4740 4d89 
  0x000001ea719a5718: 10e9 4e67 | ffff 4883 | ec40 4c89 | 5c24 384c | 894c 2430 | 4889 4c24 | 2849 8bca 

  0x000001ea719a5734: ;   {runtime_call}
  0x000001ea719a5734: 498b d748 | b880 ad0d | e5fd 7f00 | 00ff d048 | 8b4c 2428 | 4c8b 4c24 | 304c 8b5c | 2438 c5f8 
  0x000001ea719a5754: 7748 83c4 | 40e9 0e67 | ffff 458b | 1849 c1e3 | 034d 85db | 0f84 d567 | ffff 4d8b | 4f38 4d85 
  0x000001ea719a5774: c974 1449 | 83e9 084d | 894f 384d | 034f 404d | 8919 e9b8 | 67ff ff48 | 83ec 404c | 8954 2438 
  0x000001ea719a5794: 4c89 4424 | 3048 894c | 2428 4889 | 7c24 2049 | 8bcb 498b 

  0x000001ea719a57a8: ;   {runtime_call}
  0x000001ea719a57a8: d748 b880 | ad0d e5fd | 7f00 00ff | d048 8b7c | 2420 488b | 4c24 284c | 8b44 2430 | 4c8b 5424 
  0x000001ea719a57c8: 38c5 f877 | 4883 c440 | e96e 67ff | ff45 8b1a | 49c1 e303 | 4d85 db0f | 8434 68ff | ff4d 8b47 
  0x000001ea719a57e8: 384d 85c0 | 7414 4983 | e808 4d89 | 4738 4d03 | 4740 4d89 | 18e9 1768 | ffff 4883 | ec40 4c89 
  0x000001ea719a5808: 5424 384c | 894c 2430 | 4889 4c24 | 2849 8bcb 

  0x000001ea719a5818: ;   {runtime_call}
  0x000001ea719a5818: 498b d748 | b880 ad0d | e5fd 7f00 | 00ff d048 | 8b4c 2428 | 4c8b 4c24 | 304c 8b54 | 2438 c5f8 
  0x000001ea719a5838: 7748 83c4 | 40e9 d767 | ffff 458b | 1a49 c1e3 | 034d 85db | 0f84 a36a | ffff 4d8b | 4738 4d85 
  0x000001ea719a5858: c074 1449 | 83e8 084d | 8947 384d | 0347 404d | 8918 e986 | 6aff ff48 | 83ec 604c | 8954 2458 
  0x000001ea719a5878: 4c89 4c24 | 5048 894c | 2448 4889 | 7c24 4048 | 8954 2438 | 4889 7424 | 3048 8944 | 2428 498b 
  0x000001ea719a5898: cb49 8bd7 

  0x000001ea719a589c: ;   {runtime_call}
  0x000001ea719a589c: 48b8 80ad | 0de5 fd7f | 0000 ffd0 | 488b 4424 | 2848 8b74 | 2430 488b | 5424 3848 | 8b7c 2440 
  0x000001ea719a58bc: 488b 4c24 | 484c 8b4c | 2450 4c8b | 5424 58c5 | f877 4883 | c460 e91e | 6aff ff41 | 8b00 48c1 
  0x000001ea719a58dc: e003 4885 | c00f 844b | 6aff ff49 | 8b7f 3848 | 85ff 7414 | 4883 ef08 | 4989 7f38 | 4903 7f40 
  0x000001ea719a58fc: 4889 07e9 | 2e6a ffff | 4883 ec50 | 4c89 5424 | 484c 895c | 2440 4c89 | 4424 384c | 894c 2430 
  0x000001ea719a591c: 4889 5424 | 2848 8974 | 2420 488b | c849 8bd7 

  0x000001ea719a592c: ;   {runtime_call}
  0x000001ea719a592c: 48b8 80ad | 0de5 fd7f | 0000 ffd0 | 488b 7424 | 2048 8b54 | 2428 4c8b | 4c24 304c | 8b44 2438 
  0x000001ea719a594c: 4c8b 5c24 | 404c 8b54 | 2448 c5f8 | 7748 83c4 | 50e9 d069 | ffff 418b | 3348 c1e6 | 0348 85f6 
  0x000001ea719a596c: 0f84 d869 | ffff 4d8b | 5738 4d85 | d274 1449 | 83ea 084d | 8957 384d | 0357 4049 | 8932 e9bb 
  0x000001ea719a598c: 69ff ff48 | 83ec 404c | 895c 2438 | 4c89 4424 | 304c 894c | 2428 4889 | 5424 2048 | 8bce 498b 
  0x000001ea719a59ac: ;   {runtime_call}
  0x000001ea719a59ac: d748 b880 | ad0d e5fd | 7f00 00ff | d048 8b54 | 2420 4c8b | 4c24 284c | 8b44 2430 | 4c8b 5c24 
  0x000001ea719a59cc: 38c5 f877 | 4883 c440 | e971 69ff | ff45 8b18 | 49c1 e303 | 4d85 db0f | 8490 6aff | ff4d 8b57 
  0x000001ea719a59ec: 384d 85d2 | 7414 4983 | ea08 4d89 | 5738 4d03 | 5740 4d89 | 1ae9 736a | ffff 4883 | ec30 4c89 
  0x000001ea719a5a0c: 4424 2849 | 8bcb 498b 

  0x000001ea719a5a14: ;   {runtime_call}
  0x000001ea719a5a14: d748 b880 | ad0d e5fd | 7f00 00ff | d04c 8b44 | 2428 c5f8 | 7748 83c4 | 30e9 476a | ffff 458b 
  0x000001ea719a5a34: 0149 c1e0 | 034d 85c0 | 0f84 d96a | ffff 4d8b | 5f38 4d85 | db74 1449 | 83eb 084d | 895f 384d 
  0x000001ea719a5a54: 035f 404d | 8903 e9bc | 6aff ff48 | 83ec 404c | 8954 2438 | 4c89 4c24 | 3048 894c | 2428 4889 
  0x000001ea719a5a74: 7c24 2049 | 8bc8 498b 

  0x000001ea719a5a7c: ;   {runtime_call}
  0x000001ea719a5a7c: d748 b880 | ad0d e5fd | 7f00 00ff | d048 8b7c | 2420 488b | 4c24 284c | 8b4c 2430 | 4c8b 5424 
  0x000001ea719a5a9c: 38c5 f877 | 4883 c440 | e972 6aff | ff45 8b01 | 49c1 e003 | 4d85 c00f | 8463 6cff | ff4d 8b57 
  0x000001ea719a5abc: 384d 85d2 | 7414 4983 | ea08 4d89 | 5738 4d03 | 5740 4d89 | 02e9 466c | ffff 4883 | ec50 4c89 
  0x000001ea719a5adc: 5c24 484c | 894c 2440 | 4889 4c24 | 3848 897c | 2430 4889 | 5424 2849 | 8bc8 498b 

  0x000001ea719a5af8: ;   {runtime_call}
  0x000001ea719a5af8: d748 b880 | ad0d e5fd | 7f00 00ff | d048 8b54 | 2428 488b | 7c24 3048 | 8b4c 2438 | 4c8b 4c24 
  0x000001ea719a5b18: 404c 8b5c | 2448 c5f8 | 7748 83c4 | 50e9 f26b | ffff 458b | 0149 c1e0 | 034d 85c0 | 0f84 1f6c 
  0x000001ea719a5b38: ffff 4d8b | 5f38 4d85 | db74 1449 | 83eb 084d | 895f 384d | 035f 404d | 8903 e902 | 6cff ff48 
  0x000001ea719a5b58: 83ec 404c | 8954 2438 | 4c89 4c24 | 3048 894c | 2428 4889 | 7c24 2049 | 8bc8 498b 

  0x000001ea719a5b74: ;   {runtime_call}
  0x000001ea719a5b74: d748 b880 | ad0d e5fd | 7f00 00ff | d048 8b7c | 2420 488b | 4c24 284c | 8b4c 2430 | 4c8b 5424 
  0x000001ea719a5b94: 38c5 f877 | 4883 c440 | e9b8 6bff | ff45 8b01 | 49c1 e003 | 4d85 c00f | 84bd 6bff | ff4d 8b57 
  0x000001ea719a5bb4: 384d 85d2 | 7414 4983 | ea08 4d89 | 5738 4d03 | 5740 4d89 | 02e9 a06b | ffff 4883 | ec40 4c89 
  0x000001ea719a5bd4: 5c24 384c | 894c 2430 | 4889 4c24 | 2848 897c | 2420 498b | c849 8bd7 

  0x000001ea719a5bec: ;   {runtime_call}
  0x000001ea719a5bec: 48b8 80ad | 0de5 fd7f | 0000 ffd0 | 488b 7c24 | 2048 8b4c | 2428 4c8b | 4c24 304c | 8b5c 2438 
  0x000001ea719a5c0c: c5f8 7748 | 83c4 40e9 | 566b ffff | 458b 0a49 | c1e1 034d | 85c9 0f84 | 916d ffff | 4d8b 5f38 
  0x000001ea719a5c2c: 4d85 db74 | 1449 83eb | 084d 895f | 384d 035f | 404d 890b | e974 6dff | ff48 83ec | 304c 8954 
  0x000001ea719a5c4c: 2428 498b | c949 8bd7 

  0x000001ea719a5c54: ;   {runtime_call}
  0x000001ea719a5c54: 48b8 80ad | 0de5 fd7f | 0000 ffd0 | 4c8b 5424 | 28c5 f877 | 4883 c430 | e948 6dff | ff41 8b1b 
  0x000001ea719a5c74: 48c1 e303 | 4885 db0f | 8458 6eff | ff49 8b4f | 3848 85c9 | 7414 4883 | e908 4989 | 4f38 4903 
  0x000001ea719a5c94: 4f40 4889 | 19e9 3b6e | ffff 4883 | ec50 4c89 | 5424 484c | 895c 2440 | 4c89 4424 | 384c 894c 
  0x000001ea719a5cb4: 2430 4889 | 7c24 2848 | 8bcb 498b 

  0x000001ea719a5cc0: ;   {runtime_call}
  0x000001ea719a5cc0: d748 b880 | ad0d e5fd | 7f00 00ff | d048 8b7c | 2428 4c8b | 4c24 304c | 8b44 2438 | 4c8b 5c24 
  0x000001ea719a5ce0: 404c 8b54 | 2448 c5f8 | 7748 83c4 | 50e9 e76d | ffff 458b | 1049 c1e2 | 034d 85d2 | 0f84 106e 
  0x000001ea719a5d00: ffff 4d8b | 5f38 4d85 | db74 1449 | 83eb 084d | 895f 384d | 035f 404d | 8913 e9f3 | 6dff ff48 
  0x000001ea719a5d20: 83ec 304c | 8944 2428 | 4889 7c24 | 2049 8bca 

  0x000001ea719a5d30: ;   {runtime_call}
  0x000001ea719a5d30: 498b d748 | b880 ad0d | e5fd 7f00 | 00ff d048 | 8b7c 2420 | 4c8b 4424 | 28c5 f877 | 4883 c430 
  0x000001ea719a5d50: e9bd 6dff | ff44 8b11 | 49c1 e203 | 4d85 d20f | 847f 71ff | ff4d 8b5f | 384d 85db | 7414 4983 
  0x000001ea719a5d70: eb08 4d89 | 5f38 4d03 | 5f40 4d89 | 13e9 6271 | ffff 4883 | ec40 4c89 | 4424 384c | 894c 2430 
  0x000001ea719a5d90: 4889 4c24 | 2849 8bca 

  0x000001ea719a5d98: ;   {runtime_call}
  0x000001ea719a5d98: 498b d748 | b880 ad0d | e5fd 7f00 | 00ff d048 | 8b4c 2428 | 4c8b 4c24 | 304c 8b44 | 2438 c5f8 
  0x000001ea719a5db8: 7748 83c4 | 40e9 2271 | ffff 418b | 0b48 c1e1 | 0348 85c9 | 0f84 5b71 | ffff 4d8b | 5738 4d85 
  0x000001ea719a5dd8: d274 1449 | 83ea 084d | 8957 384d | 0357 4049 | 890a e93e | 71ff ff48 | 83ec 404c | 895c 2438 
  0x000001ea719a5df8: 4c89 4424 | 304c 894c | 2428 4889 | 7c24 2049 

  0x000001ea719a5e08: ;   {runtime_call}
  0x000001ea719a5e08: 8bd7 48b8 | 80ad 0de5 | fd7f 0000 | ffd0 488b | 7c24 204c | 8b4c 2428 | 4c8b 4424 | 304c 8b5c 
  0x000001ea719a5e28: 2438 c5f8 | 7748 83c4 | 40e9 f770 | ffff 8b19 | 48c1 e303 | 4885 db0f | 8440 71ff | ff49 8b47 
  0x000001ea719a5e48: 3848 85c0 | 7414 4883 | e808 4989 | 4738 4903 | 4740 4889 | 18e9 2371 | ffff 4883 | ec60 4c89 
  0x000001ea719a5e68: 5424 584c | 895c 2450 | 4c89 4424 | 484c 894c | 2440 4889 | 4c24 3848 | 897c 2430 | 4889 5424 
  0x000001ea719a5e88: 2848 8974 | 2420 488b | cb49 8bd7 

  0x000001ea719a5e94: ;   {runtime_call}
  0x000001ea719a5e94: 48b8 80ad | 0de5 fd7f | 0000 ffd0 | 488b 7424 | 2048 8b54 | 2428 488b | 7c24 3048 | 8b4c 2438 
  0x000001ea719a5eb4: 4c8b 4c24 | 404c 8b44 | 2448 4c8b | 5c24 504c | 8b54 2458 | c5f8 7748 | 83c4 60e9 | b170 ffff 
  0x000001ea719a5ed4: 8b0f 48c1 | e103 4885 | c90f 84d9 | 70ff ff49 | 8b57 3848 | 85d2 7414 | 4883 ea08 | 4989 5738 
  0x000001ea719a5ef4: 4903 5740 | 4889 0ae9 | bc70 ffff | 4883 ec50 | 4c89 5424 | 484c 895c | 2440 4c89 | 4424 384c 
  0x000001ea719a5f14: 894c 2430 | 4889 7c24 | 2848 8944 | 2420 498b 

  0x000001ea719a5f24: ;   {runtime_call}
  0x000001ea719a5f24: d748 b880 | ad0d e5fd | 7f00 00ff | d048 8b44 | 2420 488b | 7c24 284c | 8b4c 2430 | 4c8b 4424 
  0x000001ea719a5f44: 384c 8b5c | 2440 4c8b | 5424 48c5 | f877 4883 | c450 e961 | 70ff ff41 | 8b1a 48c1 | e303 4885 
  0x000001ea719a5f64: db0f 84a0 | 70ff ff49 | 8b4f 3848 | 85c9 7414 | 4883 e908 | 4989 4f38 | 4903 4f40 | 4889 19e9 
  0x000001ea719a5f84: 8370 ffff | 4883 ec40 | 4c89 5424 | 384c 895c | 2430 4c89 | 4424 284c | 894c 2420 | 488b cb49 
  0x000001ea719a5fa4: ;   {runtime_call}
  0x000001ea719a5fa4: 8bd7 48b8 | 80ad 0de5 | fd7f 0000 | ffd0 4c8b | 4c24 204c | 8b44 2428 | 4c8b 5c24 | 304c 8b54 
  0x000001ea719a5fc4: 2438 c5f8 | 7748 83c4 | 40e9 3970 | ffff 458b | 0849 c1e1 | 034d 85c9 | 0f84 1871 | ffff 4d8b 
  0x000001ea719a5fe4: 5738 4d85 | d274 1449 | 83ea 084d | 8957 384d | 0357 404d | 890a e9fb | 70ff ff48 | 83ec 404c 
  0x000001ea719a6004: 895c 2438 | 4c89 4424 | 3048 894c | 2428 498b | c949 8bd7 

  0x000001ea719a6018: ;   {runtime_call}
  0x000001ea719a6018: 48b8 80ad | 0de5 fd7f | 0000 ffd0 | 488b 4c24 | 284c 8b44 | 2430 4c8b | 5c24 38c5 | f877 4883 
  0x000001ea719a6038: c440 e9bb | 70ff ff45 | 8b10 49c1 | e203 4d85 | d20f 8481 | 71ff ff4d | 8b5f 384d | 85db 7414 
  0x000001ea719a6058: 4983 eb08 | 4d89 5f38 | 4d03 5f40 | 4d89 13e9 | 6471 ffff | 4883 ec30 | 4c89 4424 | 284c 894c 
  0x000001ea719a6078: 2420 498b | ca49 8bd7 

  0x000001ea719a6080: ;   {runtime_call}
  0x000001ea719a6080: 48b8 80ad | 0de5 fd7f | 0000 ffd0 | 4c8b 4c24 | 204c 8b44 | 2428 c5f8 | 7748 83c4 | 30e9 2e71 
  0x000001ea719a60a0: ffff 458b | 0a49 c1e1 | 034d 85c9 | 0f84 e072 | ffff 4d8b | 5f38 4d85 | db74 1449 | 83eb 084d 
  0x000001ea719a60c0: 895f 384d | 035f 404d | 890b e9c3 | 72ff ff48 | 83ec 304c | 8954 2428 | 4889 4c24 | 2049 8bc9 
  0x000001ea719a60e0: ;   {runtime_call}
  0x000001ea719a60e0: 498b d748 | b880 ad0d | e5fd 7f00 | 00ff d048 | 8b4c 2420 | 4c8b 5424 | 28c5 f877 | 4883 c430 
  0x000001ea719a6100: e98d 72ff | ff45 8b13 | 49c1 e203 | 4d85 d20f | 8414 75ff | ff4d 8b4f | 384d 85c9 | 7414 4983 
  0x000001ea719a6120: e908 4d89 | 4f38 4d03 | 4f40 4d89 | 11e9 f774 | ffff 4883 | ec30 4c89 | 5c24 2848 | 894c 2420 
  0x000001ea719a6140: 498b ca49 

  0x000001ea719a6144: ;   {runtime_call}
  0x000001ea719a6144: 8bd7 48b8 | 80ad 0de5 | fd7f 0000 | ffd0 488b | 4c24 204c | 8b5c 2428 | c5f8 7748 | 83c4 30e9 
  0x000001ea719a6164: c174 ffff | 458b 1049 | c1e2 034d | 85d2 0f84 | d975 ffff | 498b 4f38 | 4885 c974 | 1448 83e9 
  0x000001ea719a6184: 0849 894f | 3849 034f | 404c 8911 | e9bc 75ff | ff48 83ec | 404c 895c | 2438 4c89 | 4424 304c 
  0x000001ea719a61a4: 894c 2428 | 498b ca49 

  0x000001ea719a61ac: ;   {runtime_call}
  0x000001ea719a61ac: 8bd7 48b8 | 80ad 0de5 | fd7f 0000 | ffd0 4c8b | 4c24 284c | 8b44 2430 | 4c8b 5c24 | 38c5 f877 
  0x000001ea719a61cc: 4883 c440 | e97c 75ff | ff45 8b03 | 49c1 e003 | 4d85 c00f | 84a5 75ff | ff4d 8b57 | 384d 85d2 
  0x000001ea719a61ec: 7414 4983 | ea08 4d89 | 5738 4d03 | 5740 4d89 | 02e9 8875 | ffff 4883 | ec30 4c89 | 5c24 2849 
  0x000001ea719a620c: 8bc8 498b 

  0x000001ea719a6210: ;   {runtime_call}
  0x000001ea719a6210: d748 b880 | ad0d e5fd | 7f00 00ff | d04c 8b5c | 2428 c5f8 | 7748 83c4 | 30e9 5c75 | ffff 458b 
  0x000001ea719a6230: 0349 c1e0 | 034d 85c0 | 0f84 4a79 | ffff 4d8b | 5738 4d85 | d274 1449 | 83ea 084d | 8957 384d 
  0x000001ea719a6250: 0357 404d | 8902 e92d | 79ff ff48 | 83ec 304c | 895c 2428 | 4c89 4c24 | 2049 8bc8 

  0x000001ea719a626c: ;   {runtime_call}
  0x000001ea719a626c: 498b d748 | b880 ad0d | e5fd 7f00 | 00ff d04c | 8b4c 2420 | 4c8b 5c24 | 28c5 f877 | 4883 c430 
  0x000001ea719a628c: e9f7 78ff | ff45 8b02 | 49c1 e003 | 4d85 c00f | 8431 79ff | ff4d 8b5f | 384d 85db | 7414 4983 
  0x000001ea719a62ac: eb08 4d89 | 5f38 4d03 | 5f40 4d89 | 03e9 1479 | ffff 4883 | ec30 4c89 | 5424 2848 | 894c 2420 
  0x000001ea719a62cc: 498b c849 

  0x000001ea719a62d0: ;   {runtime_call}
  0x000001ea719a62d0: 8bd7 48b8 | 80ad 0de5 | fd7f 0000 | ffd0 488b | 4c24 204c | 8b54 2428 | c5f8 7748 | 83c4 30e9 
  0x000001ea719a62f0: de78 ffff | 458b 1349 | c1e2 034d | 85d2 0f84 | bc79 ffff | 4d8b 4738 | 4d85 c074 | 1449 83e8 
  0x000001ea719a6310: 084d 8947 | 384d 0347 | 404d 8910 | e99f 79ff | ff48 83ec | 304c 895c | 2428 4c89 | 4c24 2049 
  0x000001ea719a6330: 8bca 498b 

  0x000001ea719a6334: ;   {runtime_call}
  0x000001ea719a6334: d748 b880 | ad0d e5fd | 7f00 00ff | d04c 8b4c | 2420 4c8b | 5c24 28c5 | f877 4883 | c430 e969 
  0x000001ea719a6354: 79ff ff45 | 8b13 49c1 | e203 4d85 | d20f 84d0 | 7aff ff4d | 8b47 384d | 85c0 7414 | 4983 e808 
  0x000001ea719a6374: 4d89 4738 | 4d03 4740 | 4d89 10e9 | b37a ffff | 4883 ec40 | 4c89 5c24 | 384c 894c | 2430 4889 
  0x000001ea719a6394: 4c24 2849 | 8bca 498b 

  0x000001ea719a639c: ;   {runtime_call}
  0x000001ea719a639c: d748 b880 | ad0d e5fd | 7f00 00ff | d048 8b4c | 2428 4c8b | 4c24 304c | 8b5c 2438 | c5f8 7748 
  0x000001ea719a63bc: 83c4 40e9 | 737a ffff | 458b 1349 | c1e2 034d | 85d2 0f84 | af7c ffff | 4d8b 4738 | 4d85 c074 
  0x000001ea719a63dc: 1449 83e8 | 084d 8947 | 384d 0347 | 404d 8910 | e992 7cff | ff48 83ec | 304c 895c | 2428 4c89 
  0x000001ea719a63fc: 4c24 2049 | 8bca 498b 

  0x000001ea719a6404: ;   {runtime_call}
  0x000001ea719a6404: d748 b880 | ad0d e5fd | 7f00 00ff | d04c 8b4c | 2420 4c8b | 5c24 28c5 | f877 4883 | c430 e95c 
  0x000001ea719a6424: 7cff ff45 | 8b02 49c1 | e003 4d85 | c00f 8428 | 7fff ff4d | 8b5f 384d | 85db 7414 | 4983 eb08 
  0x000001ea719a6444: 4d89 5f38 | 4d03 5f40 | 4d89 03e9 | 0b7f ffff | 4883 ec40 | 4c89 5424 | 3848 894c | 2430 4889 
  0x000001ea719a6464: 5424 2849 | 8bc8 498b 

  0x000001ea719a646c: ;   {runtime_call}
  0x000001ea719a646c: d748 b880 | ad0d e5fd | 7f00 00ff | d048 8b54 | 2428 488b | 4c24 304c | 8b54 2438 | c5f8 7748 
  0x000001ea719a648c: 83c4 40e9 | cb7e ffff | 458b 0a49 | c1e1 034d | 85c9 0f84 | d77e ffff | 4d8b 4738 | 4d85 c074 
  0x000001ea719a64ac: 1449 83e8 | 084d 8947 | 384d 0347 | 404d 8908 | e9ba 7eff | ff48 83ec | 504c 8954 | 2448 4c89 
  0x000001ea719a64cc: 5c24 4048 | 894c 2438 | 4889 7c24 | 3048 8954 | 2428 498b | c949 8bd7 

  0x000001ea719a64e4: ;   {runtime_call}
  0x000001ea719a64e4: 48b8 80ad | 0de5 fd7f | 0000 ffd0 | 488b 5424 | 2848 8b7c | 2430 488b | 4c24 384c | 8b5c 2440 
  0x000001ea719a6504: 4c8b 5424 | 48c5 f877 | 4883 c450 | e966 7eff | ff45 8b13 | 49c1 e203 | 4d85 d20f | 8493 7eff 
  0x000001ea719a6524: ff4d 8b47 | 384d 85c0 | 7414 4983 | e808 4d89 | 4738 4d03 | 4740 4d89 | 10e9 767e | ffff 4883 
  0x000001ea719a6544: ec40 4c89 | 5c24 3848 | 894c 2430 | 4889 7c24 | 2848 8954 | 2420 498b | ca49 8bd7 

  0x000001ea719a6560: ;   {runtime_call}
  0x000001ea719a6560: 48b8 80ad | 0de5 fd7f | 0000 ffd0 | 488b 5424 | 2048 8b7c | 2428 488b | 4c24 304c | 8b5c 2438 
  0x000001ea719a6580: c5f8 7748 | 83c4 40e9 | 2c7e ffff | 458b 1949 | c1e3 034d | 85db 0f84 | a27f ffff | 4d8b 5738 
  0x000001ea719a65a0: 4d85 d274 | 1449 83ea | 084d 8957 | 384d 0357 | 404d 891a | e985 7fff | ff48 83ec | 304c 894c 
  0x000001ea719a65c0: 2428 4889 | 4c24 2049 | 8bcb 498b 

  0x000001ea719a65cc: ;   {runtime_call}
  0x000001ea719a65cc: d748 b880 | ad0d e5fd | 7f00 00ff | d048 8b4c | 2420 4c8b | 4c24 28c5 | f877 4883 | c430 e94f 
  0x000001ea719a65ec: 7fff ff41 | 8b18 48c1 | e303 4885 | db0f 8414 | 85ff ff49 | 8b4f 3848 | 85c9 7414 | 4883 e908 
  0x000001ea719a660c: 4989 4f38 | 4903 4f40 | 4889 19e9 | f784 ffff | 4883 ec40 | 4c89 5424 | 384c 895c | 2430 4c89 
  0x000001ea719a662c: 4424 2848 | 897c 2420 | 488b cb49 

  0x000001ea719a6638: ;   {runtime_call}
  0x000001ea719a6638: 8bd7 48b8 | 80ad 0de5 | fd7f 0000 | ffd0 488b | 7c24 204c | 8b44 2428 | 4c8b 5c24 | 304c 8b54 
  0x000001ea719a6658: 2438 c5f8 | 7748 83c4 | 40e9 ad84 | ffff 458b | 0849 c1e1 | 034d 85c9 | 0f84 d684 | ffff 4d8b 
  0x000001ea719a6678: 5f38 4d85 | db74 1449 | 83eb 084d | 895f 384d | 035f 404d | 890b e9b9 | 84ff ff48 | 83ec 304c 
  0x000001ea719a6698: 8944 2428 | 4889 7c24 | 2049 8bc9 

  0x000001ea719a66a4: ;   {runtime_call}
  0x000001ea719a66a4: 498b d748 | b880 ad0d | e5fd 7f00 | 00ff d048 | 8b7c 2420 | 4c8b 4424 | 28c5 f877 | 4883 c430 
  0x000001ea719a66c4: e983 84ff | ff41 8b08 | 48c1 e103 | 4885 c90f | 845c 86ff | ff49 8b5f | 3848 85db | 7414 4883 
  0x000001ea719a66e4: eb08 4989 | 5f38 4903 | 5f40 4889 | 0be9 3f86 | ffff 4883 | ec40 4c89 | 5424 384c | 895c 2430 
  0x000001ea719a6704: 4c89 4424 | 2848 897c | 2420 498b 

  0x000001ea719a6710: ;   {runtime_call}
  0x000001ea719a6710: d748 b880 | ad0d e5fd | 7f00 00ff | d048 8b7c | 2420 4c8b | 4424 284c | 8b5c 2430 | 4c8b 5424 
  0x000001ea719a6730: 38c5 f877 | 4883 c440 | e9f8 85ff | ff45 8b18 | 49c1 e303 | 4d85 db0f | 8421 86ff | ff4d 8b4f 
  0x000001ea719a6750: 384d 85c9 | 7414 4983 | e908 4d89 | 4f38 4d03 | 4f40 4d89 | 19e9 0486 | ffff 4883 | ec30 4c89 
  0x000001ea719a6770: 4424 2848 | 897c 2420 | 498b cb49 

  0x000001ea719a677c: ;   {runtime_call}
  0x000001ea719a677c: 8bd7 48b8 | 80ad 0de5 | fd7f 0000 | ffd0 488b | 7c24 204c | 8b44 2428 | c5f8 7748 | 83c4 30e9 
  0x000001ea719a679c: ce85 ffff | 8b0b 48c1 | e103 4885 | c90f 8466 | 87ff ff4d | 8b47 384d | 85c0 7414 | 4983 e808 
  0x000001ea719a67bc: 4d89 4738 | 4d03 4740 | 4989 08e9 | 4987 ffff | 4883 ec40 | 4c89 5424 | 384c 895c | 2430 4889 
  0x000001ea719a67dc: 7c24 2849 

  0x000001ea719a67e0: ;   {runtime_call}
  0x000001ea719a67e0: 8bd7 48b8 | 80ad 0de5 | fd7f 0000 | ffd0 488b | 7c24 284c | 8b5c 2430 | 4c8b 5424 | 38c5 f877 
  0x000001ea719a6800: 4883 c440 | e90c 87ff | ff45 8b18 | 49c1 e303 | 4d85 db0f | 8436 87ff | ff4d 8b4f | 384d 85c9 
  0x000001ea719a6820: 7414 4983 | e908 4d89 | 4f38 4d03 | 4f40 4d89 | 19e9 1987 | ffff 4883 | ec30 4c89 | 4424 2848 
  0x000001ea719a6840: 897c 2420 | 498b cb49 

  0x000001ea719a6848: ;   {runtime_call}
  0x000001ea719a6848: 8bd7 48b8 | 80ad 0de5 | fd7f 0000 | ffd0 488b | 7c24 204c | 8b44 2428 | c5f8 7748 | 83c4 30e9 
  0x000001ea719a6868: e386 ffff | 418b 0b48 | c1e1 0348 | 85c9 0f84 | fb87 ffff | 4d8b 4f38 | 4d85 c974 | 1449 83e9 
  0x000001ea719a6888: 084d 894f | 384d 034f | 4049 8909 | e9de 87ff | ff48 83ec | 304c 895c | 2428 4c89 | 4424 2049 
  0x000001ea719a68a8: ;   {runtime_call}
  0x000001ea719a68a8: 8bd7 48b8 | 80ad 0de5 | fd7f 0000 | ffd0 4c8b | 4424 204c | 8b5c 2428 | c5f8 7748 | 83c4 30e9 
  0x000001ea719a68c8: ab87 ffff | 448b 1949 | c1e3 034d | 85db 0f84 | 0289 ffff | 4d8b 4f38 | 4d85 c974 | 1449 83e9 
  0x000001ea719a68e8: 084d 894f | 384d 034f | 404d 8919 | e9e5 88ff | ff48 83ec | 304c 8944 | 2428 4889 | 4c24 2049 
  0x000001ea719a6908: 8bcb 498b 

  0x000001ea719a690c: ;   {runtime_call}
  0x000001ea719a690c: d748 b880 | ad0d e5fd | 7f00 00ff | d048 8b4c | 2420 4c8b | 4424 28c5 | f877 4883 | c430 e9af 
  0x000001ea719a692c: 88ff ff41 | 8b09 48c1 | e103 4885 | c90f 84d9 | 89ff ff4d | 8b5f 384d | 85db 7414 | 4983 eb08 
  0x000001ea719a694c: 4d89 5f38 | 4d03 5f40 | 4989 0be9 | bc89 ffff | 4883 ec30 | 4c89 4424 | 284c 894c | 2420 498b 
  0x000001ea719a696c: ;   {runtime_call}
  0x000001ea719a696c: d748 b880 | ad0d e5fd | 7f00 00ff | d04c 8b4c | 2420 4c8b | 4424 28c5 | f877 4883 | c430 e989 
  0x000001ea719a698c: 89ff ff41 | 8b1b 48c1 | e303 4885 | db0f 8499 | 8aff ff4d | 8b4f 384d | 85c9 7414 | 4983 e908 
  0x000001ea719a69ac: 4d89 4f38 | 4d03 4f40 | 4989 19e9 | 7c8a ffff | 4883 ec40 | 4c89 5424 | 384c 895c | 2430 4889 
  0x000001ea719a69cc: 4c24 2848 | 8944 2420 | 488b cb49 

  0x000001ea719a69d8: ;   {runtime_call}
  0x000001ea719a69d8: 8bd7 48b8 | 80ad 0de5 | fd7f 0000 | ffd0 488b | 4424 2048 | 8b4c 2428 | 4c8b 5c24 | 304c 8b54 
  0x000001ea719a69f8: 2438 c5f8 | 7748 83c4 | 40e9 328a | ffff 458b | 0349 c1e0 | 034d 85c0 | 0f84 668d | ffff 4d8b 
  0x000001ea719a6a18: 5738 4d85 | d274 1449 | 83ea 084d | 8957 384d | 0357 404d | 8902 e949 | 8dff ff48 | 83ec 304c 
  0x000001ea719a6a38: 895c 2428 | 498b c849 

  0x000001ea719a6a40: ;   {runtime_call}
  0x000001ea719a6a40: 8bd7 48b8 | 80ad 0de5 | fd7f 0000 | ffd0 4c8b | 5c24 28c5 | f877 4883 | c430 e91d | 8dff ff45 
  0x000001ea719a6a60: 8b01 49c1 | e003 4d85 | c00f 84b0 | 8dff ff4d | 8b5f 384d | 85db 7414 | 4983 eb08 | 4d89 5f38 
  0x000001ea719a6a80: 4d03 5f40 | 4d89 03e9 | 938d ffff | 4883 ec30 | 4c89 5424 | 284c 894c | 2420 498b | c849 8bd7 
  0x000001ea719a6aa0: ;   {runtime_call}
  0x000001ea719a6aa0: 48b8 80ad | 0de5 fd7f | 0000 ffd0 | 4c8b 4c24 | 204c 8b54 | 2428 c5f8 | 7748 83c4 | 30e9 5d8d 
  0x000001ea719a6ac0: ffff 418b | 1b48 c1e3 | 0348 85db | 0f84 f28d | ffff 498b | 4f38 4885 | c974 1448 | 83e9 0849 
  0x000001ea719a6ae0: 894f 3849 | 034f 4048 | 8919 e9d5 | 8dff ff48 | 83ec 504c | 8954 2448 | 4c89 5c24 | 404c 8944 
  0x000001ea719a6b00: 2438 4c89 | 4c24 3048 | 897c 2428 | 488b cb49 

  0x000001ea719a6b10: ;   {runtime_call}
  0x000001ea719a6b10: 8bd7 48b8 | 80ad 0de5 | fd7f 0000 | ffd0 488b | 7c24 284c | 8b4c 2430 | 4c8b 4424 | 384c 8b5c 
  0x000001ea719a6b30: 2440 4c8b | 5424 48c5 | f877 4883 | c450 e981 | 8dff ff45 | 8b10 49c1 | e203 4d85 | d20f 84aa 
  0x000001ea719a6b50: 8dff ff4d | 8b5f 384d | 85db 7414 | 4983 eb08 | 4d89 5f38 | 4d03 5f40 | 4d89 13e9 | 8d8d ffff 
  0x000001ea719a6b70: 4883 ec30 | 4c89 4424 | 2848 897c | 2420 498b | ca49 8bd7 

  0x000001ea719a6b84: ;   {runtime_call}
  0x000001ea719a6b84: 48b8 80ad | 0de5 fd7f | 0000 ffd0 | 488b 7c24 | 204c 8b44 | 2428 c5f8 | 7748 83c4 | 30e9 578d 
  0x000001ea719a6ba4: ffff 458b | 1849 c1e3 | 034d 85db | 0f84 fe8d | ffff 4d8b | 4f38 4d85 | c974 1449 | 83e9 084d 
  0x000001ea719a6bc4: 894f 384d | 034f 404d | 8919 e9e1 | 8dff ff48 | 83ec 304c | 8954 2428 | 4c89 4424 | 2049 8bcb 
  0x000001ea719a6be4: ;   {runtime_call}
  0x000001ea719a6be4: 498b d748 | b880 ad0d | e5fd 7f00 | 00ff d04c | 8b44 2420 | 4c8b 5424 | 28c5 f877 | 4883 c430 
  0x000001ea719a6c04: e9ab 8dff | ff44 8b01 | 49c1 e003 | 4d85 c00f | 84e3 8dff | ff4d 8b57 | 384d 85d2 | 7414 4983 
  0x000001ea719a6c24: ea08 4d89 | 5738 4d03 | 5740 4d89 | 02e9 c68d | ffff 4883 | ec40 4c89 | 5c24 384c | 894c 2430 
  0x000001ea719a6c44: 4889 4c24 | 2849 8bc8 

  0x000001ea719a6c4c: ;   {runtime_call}
  0x000001ea719a6c4c: 498b d748 | b880 ad0d | e5fd 7f00 | 00ff d048 | 8b4c 2428 | 4c8b 4c24 | 304c 8b5c | 2438 c5f8 
  0x000001ea719a6c6c: 7748 83c4 | 40e9 868d | ffff 458b | 0349 c1e0 | 034d 85c0 | 0f84 b18d | ffff 4d8b | 5738 4d85 
  0x000001ea719a6c8c: d274 1449 | 83ea 084d | 8957 384d | 0357 404d | 8902 e994 | 8dff ff48 | 83ec 304c | 895c 2428 
  0x000001ea719a6cac: 498b c849 

  0x000001ea719a6cb0: ;   {runtime_call}
  0x000001ea719a6cb0: 8bd7 48b8 | 80ad 0de5 | fd7f 0000 | ffd0 4c8b | 5c24 28c5 | f877 4883 | c430 e968 | 8dff ff45 
  0x000001ea719a6cd0: 8b0a 49c1 | e103 4d85 | c90f 8415 | 8eff ff4d | 8b5f 384d | 85db 7414 | 4983 eb08 | 4d89 5f38 
  0x000001ea719a6cf0: 4d03 5f40 | 4d89 0be9 | f88d ffff | 4883 ec30 | 4c89 5424 | 284c 8944 | 2420 498b | c949 8bd7 
  0x000001ea719a6d10: ;   {runtime_call}
  0x000001ea719a6d10: 48b8 80ad | 0de5 fd7f | 0000 ffd0 | 4c8b 4424 | 204c 8b54 | 2428 c5f8 | 7748 83c4 | 30e9 c28d 
  0x000001ea719a6d30: ffff 448b | 0149 c1e0 | 034d 85c0 | 0f84 fa8d | ffff 4d8b | 5f38 4d85 | db74 1449 | 83eb 084d 
  0x000001ea719a6d50: 895f 384d | 035f 404d | 8903 e9dd | 8dff ff48 | 83ec 404c | 8954 2438 | 4c89 4c24 | 3048 894c 
  0x000001ea719a6d70: 2428 498b | c849 8bd7 

  0x000001ea719a6d78: ;   {runtime_call}
  0x000001ea719a6d78: 48b8 80ad | 0de5 fd7f | 0000 ffd0 | 488b 4c24 | 284c 8b4c | 2430 4c8b | 5424 38c5 | f877 4883 
  0x000001ea719a6d98: c440 e99d | 8dff ff45 | 8b03 49c1 | e003 4d85 | c00f 84c8 | 8dff ff4d | 8b57 384d | 85d2 7414 
  0x000001ea719a6db8: 4983 ea08 | 4d89 5738 | 4d03 5740 | 4d89 02e9 | ab8d ffff | 4883 ec30 | 4c89 5c24 | 2849 8bc8 
  0x000001ea719a6dd8: ;   {runtime_call}
  0x000001ea719a6dd8: 498b d748 | b880 ad0d | e5fd 7f00 | 00ff d04c | 8b5c 2428 | c5f8 7748 | 83c4 30e9 | 7f8d ffff 
  0x000001ea719a6df8: 458b 1149 | c1e2 034d | 85d2 0f84 | 5f8e ffff | 4d8b 5f38 | 4d85 db74 | 1449 83eb | 084d 895f 
  0x000001ea719a6e18: 384d 035f | 404d 8913 | e942 8eff | ff48 83ec | 304c 8944 | 2428 4c89 | 4c24 2049 | 8bca 498b 
  0x000001ea719a6e38: ;   {runtime_call}
  0x000001ea719a6e38: d748 b880 | ad0d e5fd | 7f00 00ff | d04c 8b4c | 2420 4c8b | 4424 28c5 | f877 4883 | c430 e90c 
  0x000001ea719a6e58: 8eff ff41 | 8387 c806 | 0000 08e9 | e375 ffff | 4183 87c8 | 0600 0008 | e9a5 74ff | ff41 8387 
  0x000001ea719a6e78: c806 0000 | 08e9 af72 | ffff 4183 | 87c8 0600 | 0008 e928 | 71ff ff41 | 8387 c806 | 0000 08e9 
  0x000001ea719a6e98: 4870 ffff | 4183 87c8 | 0600 0008 | e94f 6cff | ff41 8387 | c806 0000 | 08e9 a26b | ffff 4183 
  0x000001ea719a6eb8: 87c8 0600 | 0008 e9b9 | 63ff ff41 | 8387 c806 | 0000 08e9 | ac5f ffff | 4183 87c8 | 0600 0008 
  0x000001ea719a6ed8: e9ff 5eff | ff41 8387 | c806 0000 | 08e9 1759 | ffff 4183 | 87c8 0600 | 0008 e9de | 57ff ff41 
  0x000001ea719a6ef8: 8387 c806 | 0000 08e9 | d954 ffff | 4183 87c8 | 0600 0008 | e99d 53ff | ff41 8387 | c806 0000 
  0x000001ea719a6f18: 08e9 a751 | ffff 4183 | 87c8 0600 | 0008 e9ae | 4dff ff41 | 8387 c806 | 0000 08e9 | 044d ffff 
  0x000001ea719a6f38: ;   {other}
  0x000001ea719a6f38: 4183 87c8 | 0600 0008 | e930 46ff | ff41 8387 | c806 0000 | 08e9 7d45 | ffff 4183 | 87c8 0600 
  0x000001ea719a6f58: 0008 e944 | 44ff ff41 | 8387 c806 | 0000 08e9 | cd40 ffff | 4183 87c8 | 0600 0008 | e923 40ff 
  0x000001ea719a6f78: ;   {internal_word}
  0x000001ea719a6f78: ff49 ba14 | ab99 71ea | 0100 004d | 8997 b804 

  0x000001ea719a6f88: ;   {runtime_call SafepointBlob}
  0x000001ea719a6f88: 0000 e9d1 | a297 ff41 | 8387 c806 | 0000 08e9 | 0c39 ffff | 4183 87c8 | 0600 0008 | e9d0 37ff 
  0x000001ea719a6fa8: ff41 8387 | c806 0000 | 08e9 2736 

  0x000001ea719a6fb4: ;   {runtime_call Stub::Stub Generator method_entry_barrier_stub}
  0x000001ea719a6fb4: ffff e8c5 | d095 ffe9 | ee34 ffff 
[Stub Code]
  0x000001ea719a6fc0: ;   {static_stub}
  0x000001ea719a6fc0: 48bb 0000 | 0000 0000 

  0x000001ea719a6fc8: ;   {runtime_call nmethod}
  0x000001ea719a6fc8: 0000 e9fb 

  0x000001ea719a6fcc: ;   {static_stub}
  0x000001ea719a6fcc: ffff ff48 | bb00 0000 | 0000 0000 

  0x000001ea719a6fd8: ;   {runtime_call nmethod}
  0x000001ea719a6fd8: 00e9 fbff 

  0x000001ea719a6fdc: ;   {static_stub}
  0x000001ea719a6fdc: ffff 48bb | 0000 0000 | 0000 0000 

  0x000001ea719a6fe8: ;   {runtime_call nmethod}
  0x000001ea719a6fe8: e9fb ffff 

  0x000001ea719a6fec: ;   {static_stub}
  0x000001ea719a6fec: ff48 bb00 | 0000 0000 

  0x000001ea719a6ff4: ;   {runtime_call nmethod}
  0x000001ea719a6ff4: 0000 00e9 | fbff ffff 

  0x000001ea719a6ffc: ;   {static_stub}
  0x000001ea719a6ffc: 48bb 0000 | 0000 0000 

  0x000001ea719a7004: ;   {runtime_call nmethod}
  0x000001ea719a7004: 0000 e9fb 

  0x000001ea719a7008: ;   {static_stub}
  0x000001ea719a7008: ffff ff48 | bb00 0000 | 0000 0000 

  0x000001ea719a7014: ;   {runtime_call nmethod}
  0x000001ea719a7014: 00e9 fbff 

  0x000001ea719a7018: ;   {static_stub}
  0x000001ea719a7018: ffff 48bb | 0000 0000 | 0000 0000 

  0x000001ea719a7024: ;   {runtime_call nmethod}
  0x000001ea719a7024: e9fb ffff 

  0x000001ea719a7028: ;   {static_stub}
  0x000001ea719a7028: ff48 bb00 | 0000 0000 

  0x000001ea719a7030: ;   {runtime_call nmethod}
  0x000001ea719a7030: 0000 00e9 | fbff ffff 

  0x000001ea719a7038: ;   {static_stub}
  0x000001ea719a7038: 48bb 0000 | 0000 0000 

  0x000001ea719a7040: ;   {runtime_call nmethod}
  0x000001ea719a7040: 0000 e9fb 

  0x000001ea719a7044: ;   {static_stub}
  0x000001ea719a7044: ffff ff48 | bb00 0000 | 0000 0000 

  0x000001ea719a7050: ;   {runtime_call nmethod}
  0x000001ea719a7050: 00e9 fbff 

  0x000001ea719a7054: ;   {static_stub}
  0x000001ea719a7054: ffff 48bb | 0000 0000 | 0000 0000 

  0x000001ea719a7060: ;   {runtime_call nmethod}
  0x000001ea719a7060: e9fb ffff 

  0x000001ea719a7064: ;   {static_stub}
  0x000001ea719a7064: ff48 bb00 | 0000 0000 

  0x000001ea719a706c: ;   {runtime_call nmethod}
  0x000001ea719a706c: 0000 00e9 | fbff ffff 

  0x000001ea719a7074: ;   {static_stub}
  0x000001ea719a7074: 48bb 0000 | 0000 0000 

  0x000001ea719a707c: ;   {runtime_call nmethod}
  0x000001ea719a707c: 0000 e9fb 

  0x000001ea719a7080: ;   {static_stub}
  0x000001ea719a7080: ffff ff48 | bb00 0000 | 0000 0000 

  0x000001ea719a708c: ;   {runtime_call nmethod}
  0x000001ea719a708c: 00e9 fbff 

  0x000001ea719a7090: ;   {static_stub}
  0x000001ea719a7090: ffff 48bb | 0000 0000 | 0000 0000 

  0x000001ea719a709c: ;   {runtime_call nmethod}
  0x000001ea719a709c: e9fb ffff 

  0x000001ea719a70a0: ;   {static_stub}
  0x000001ea719a70a0: ff48 bb00 | 0000 0000 

  0x000001ea719a70a8: ;   {runtime_call nmethod}
  0x000001ea719a70a8: 0000 00e9 | fbff ffff 

  0x000001ea719a70b0: ;   {static_stub}
  0x000001ea719a70b0: 48bb 0000 | 0000 0000 

  0x000001ea719a70b8: ;   {runtime_call nmethod}
  0x000001ea719a70b8: 0000 e9fb 

  0x000001ea719a70bc: ;   {static_stub}
  0x000001ea719a70bc: ffff ff48 | bb00 0000 | 0000 0000 

  0x000001ea719a70c8: ;   {runtime_call nmethod}
  0x000001ea719a70c8: 00e9 fbff 

  0x000001ea719a70cc: ;   {static_stub}
  0x000001ea719a70cc: ffff 48bb | 0000 0000 | 0000 0000 

  0x000001ea719a70d8: ;   {runtime_call nmethod}
  0x000001ea719a70d8: e9fb ffff 

  0x000001ea719a70dc: ;   {static_stub}
  0x000001ea719a70dc: ff48 bb00 | 0000 0000 

  0x000001ea719a70e4: ;   {runtime_call nmethod}
  0x000001ea719a70e4: 0000 00e9 | fbff ffff 

  0x000001ea719a70ec: ;   {static_stub}
  0x000001ea719a70ec: 48bb 0000 | 0000 0000 

  0x000001ea719a70f4: ;   {runtime_call nmethod}
  0x000001ea719a70f4: 0000 e9fb 

  0x000001ea719a70f8: ;   {static_stub}
  0x000001ea719a70f8: ffff ff48 | bb00 0000 | 0000 0000 

  0x000001ea719a7104: ;   {runtime_call nmethod}
  0x000001ea719a7104: 00e9 fbff 

  0x000001ea719a7108: ;   {static_stub}
  0x000001ea719a7108: ffff 48bb | 0000 0000 | 0000 0000 

  0x000001ea719a7114: ;   {runtime_call nmethod}
  0x000001ea719a7114: e9fb ffff 

  0x000001ea719a7118: ;   {static_stub}
  0x000001ea719a7118: ff48 bb00 | 0000 0000 

  0x000001ea719a7120: ;   {runtime_call nmethod}
  0x000001ea719a7120: 0000 00e9 | fbff ffff 

  0x000001ea719a7128: ;   {static_stub}
  0x000001ea719a7128: 48bb 0000 | 0000 0000 

  0x000001ea719a7130: ;   {runtime_call nmethod}
  0x000001ea719a7130: 0000 e9fb 

  0x000001ea719a7134: ;   {static_stub}
  0x000001ea719a7134: ffff ff48 | bb38 5708 | 08ea 0100 

  0x000001ea719a7140: ;   {runtime_call I2C/C2I adapters}
  0x000001ea719a7140: 00e9 f0ed 

  0x000001ea719a7144: ;   {static_stub}
  0x000001ea719a7144: 97ff 48bb | 0000 0000 | 0000 0000 

  0x000001ea719a7150: ;   {runtime_call nmethod}
  0x000001ea719a7150: e9fb ffff 

  0x000001ea719a7154: ;   {static_stub}
  0x000001ea719a7154: ff48 bb00 | 0000 0000 

  0x000001ea719a715c: ;   {runtime_call nmethod}
  0x000001ea719a715c: 0000 00e9 | fbff ffff 

  0x000001ea719a7164: ;   {runtime_call DeoptimizationBlob}
  0x000001ea719a7164: e8f7 a397 | ffeb f9f4 | f4f4 f4f4 
[/MachCode]


---------------  P R O C E S S  ---------------

Threads class SMR info:
_java_thread_list=0x000001ea0c2b8670, length=19, elements={
0x000001ea7ecc9c80, 0x000001ea7ecca6d0, 0x000001ea7ecceb30, 0x000001ea7eccf6e0,
0x000001ea7ecd82a0, 0x000001ea7ecd8f80, 0x000001ea7ecf1400, 0x000001ea7ed04d60,
0x000001ea0c19b0f0, 0x000001ea0c1c21e0, 0x000001ea0c1c2990, 0x000001ea0c47eaf0,
0x000001ea0c75a920, 0x000001ea0c75bce0, 0x000001ea0c766180, 0x000001ea5edb1aa0,
0x000001ea15c74c00, 0x000001ea15861c40, 0x000001ea15e21ec0
}

Java Threads: ( => current thread )
  0x000001ea7ecc9c80 JavaThread "Reference Handler"          daemon [_thread_blocked, id=24420, stack(0x0000002615100000,0x0000002615200000) (1024K)]
  0x000001ea7ecca6d0 JavaThread "Finalizer"                  daemon [_thread_blocked, id=18904, stack(0x0000002615200000,0x0000002615300000) (1024K)]
  0x000001ea7ecceb30 JavaThread "Signal Dispatcher"          daemon [_thread_blocked, id=21740, stack(0x0000002615300000,0x0000002615400000) (1024K)]
  0x000001ea7eccf6e0 JavaThread "Attach Listener"            daemon [_thread_blocked, id=6056, stack(0x0000002615400000,0x0000002615500000) (1024K)]
  0x000001ea7ecd82a0 JavaThread "Service Thread"             daemon [_thread_blocked, id=23808, stack(0x0000002615500000,0x0000002615600000) (1024K)]
  0x000001ea7ecd8f80 JavaThread "Monitor Deflation Thread"   daemon [_thread_blocked, id=23484, stack(0x0000002615600000,0x0000002615700000) (1024K)]
  0x000001ea7ecf1400 JavaThread "C2 CompilerThread0"         daemon [_thread_blocked, id=18612, stack(0x0000002615700000,0x0000002615800000) (1024K)]
  0x000001ea7ed04d60 JavaThread "C1 CompilerThread0"         daemon [_thread_blocked, id=21732, stack(0x0000002615800000,0x0000002615900000) (1024K)]
  0x000001ea0c19b0f0 JavaThread "Common-Cleaner"             daemon [_thread_blocked, id=3324, stack(0x0000002615900000,0x0000002615a00000) (1024K)]
  0x000001ea0c1c21e0 JavaThread "Monitor Ctrl-Break"         daemon [_thread_in_native, id=1260, stack(0x0000002615a00000,0x0000002615b00000) (1024K)]
  0x000001ea0c1c2990 JavaThread "Notification Thread"        daemon [_thread_blocked, id=22084, stack(0x0000002615b00000,0x0000002615c00000) (1024K)]
  0x000001ea0c47eaf0 JavaThread "Java2D Disposer"            daemon [_thread_blocked, id=14436, stack(0x0000002615c00000,0x0000002615d00000) (1024K)]
  0x000001ea0c75a920 JavaThread "AWT-Shutdown"                      [_thread_blocked, id=7496, stack(0x0000002615d00000,0x0000002615e00000) (1024K)]
  0x000001ea0c75bce0 JavaThread "AWT-Windows"                daemon [_thread_in_native, id=14396, stack(0x0000002615e00000,0x0000002615f00000) (1024K)]
=>0x000001ea0c766180 JavaThread "AWT-EventQueue-0"                  [_thread_in_native, id=19308, stack(0x0000002615f00000,0x0000002616000000) (1024K)]
  0x000001ea5edb1aa0 JavaThread "DestroyJavaVM"                     [_thread_blocked, id=24196, stack(0x0000002614800000,0x0000002614900000) (1024K)]
  0x000001ea15c74c00 JavaThread "D3D Screen Updater"         daemon [_thread_in_native, id=21192, stack(0x0000002618000000,0x0000002618100000) (1024K)]
  0x000001ea15861c40 JavaThread "TimerQueue"                 daemon [_thread_blocked, id=23016, stack(0x0000002618100000,0x0000002618200000) (1024K)]
  0x000001ea15e21ec0 JavaThread "Cleaner-0"                  daemon [_thread_blocked, id=24148, stack(0x0000002618400000,0x0000002618500000) (1024K)]
Total: 19

Other Threads:
  0x000001ea7ecb8950 VMThread "VM Thread"                           [id=23588, stack(0x0000002615000000,0x0000002615100000) (1024K)]
  0x000001ea7eca9620 WatcherThread "VM Periodic Task Thread"        [id=23616, stack(0x0000002614f00000,0x0000002615000000) (1024K)]
  0x000001ea6115aea0 WorkerThread "GC Thread#0"                     [id=19608, stack(0x0000002614900000,0x0000002614a00000) (1024K)]
  0x000001ea1591b190 WorkerThread "GC Thread#1"                     [id=18016, stack(0x0000002617600000,0x0000002617700000) (1024K)]
  0x000001ea1591be80 WorkerThread "GC Thread#2"                     [id=20620, stack(0x0000002617700000,0x0000002617800000) (1024K)]
  0x000001ea1591a4a0 WorkerThread "GC Thread#3"                     [id=23128, stack(0x0000002617800000,0x0000002617900000) (1024K)]
  0x000001ea1591d860 WorkerThread "GC Thread#4"                     [id=17156, stack(0x0000002617900000,0x0000002617a00000) (1024K)]
  0x000001ea1591dcb0 WorkerThread "GC Thread#5"                     [id=13368, stack(0x0000002617a00000,0x0000002617b00000) (1024K)]
  0x000001ea0c112720 WorkerThread "GC Thread#6"                     [id=23500, stack(0x0000002618500000,0x0000002618600000) (1024K)]
  0x000001ea0c110050 WorkerThread "GC Thread#7"                     [id=24020, stack(0x0000002618600000,0x0000002618700000) (1024K)]
  0x000001ea0c1104a0 WorkerThread "GC Thread#8"                     [id=10416, stack(0x0000002618800000,0x0000002618900000) (1024K)]
  0x000001ea0c111a30 WorkerThread "GC Thread#9"                     [id=4612, stack(0x0000002618900000,0x0000002618a00000) (1024K)]
  0x000001ea61174a90 ConcurrentGCThread "G1 Main Marker"            [id=23624, stack(0x0000002614a00000,0x0000002614b00000) (1024K)]
  0x000001ea61175610 WorkerThread "G1 Conc#0"                       [id=16456, stack(0x0000002614b00000,0x0000002614c00000) (1024K)]
  0x000001ea1591ba30 WorkerThread "G1 Conc#1"                       [id=8236, stack(0x0000002617b00000,0x0000002617c00000) (1024K)]
  0x000001ea1591a8f0 WorkerThread "G1 Conc#2"                       [id=2424, stack(0x0000002617c00000,0x0000002617d00000) (1024K)]
  0x000001ea7eb7d210 WorkerThread "G1 Refinement Workers#0"         [id=16524, stack(0x0000002614d00000,0x0000002614e00000) (1024K)]
  0x000001ea611ae6e0 ConcurrentGCThread "G1 Refine Control"         [id=20628, stack(0x0000002614c00000,0x0000002614d00000) (1024K)]
  0x000001ea7eb7e390 ConcurrentGCThread "G1 Service"                [id=23608, stack(0x0000002614e00000,0x0000002614f00000) (1024K)]
Total: 19

Threads with active compile tasks:
Total: 0

VM state: not at safepoint (normal execution)

VM Mutex/Monitor currently owned by a thread: None

Heap address: 0x0000000603000000, size: 8144 MB, Compressed Oops mode: Zero based, Oop shift amount: 3

CDS archive(s) mapped at: [0x0000000094000000-0x0000000094de0000-0x0000000094de0000), size 14548992, SharedBaseAddress: 0x0000000094000000, ArchiveRelocationMode: 1.
Compressed class space mapped at: 0x0000000095000000-0x00000000d5000000, reserved size: 1073741824
UseCompressedClassPointers 1, UseCompactObjectHeaders 0
Narrow klass pointer bits 32, Max shift 3
Narrow klass base: 0x0000000094000000, Narrow klass shift: 0
Encoding Range: [0x0000000094000000 - 0x0000000194000000), (4294967296 bytes)
Klass Range:    [0x0000000094000000 - 0x00000000d5000000), (1090519040 bytes)
Klass ID Range:  [8 - 1090519033) (1090519025)
Protection zone: [0x0000000094000000 - 0x0000000094010000), (65536 bytes)

GC Precious Log:
 CardTable entry size: 512
 Card Set container configuration: InlinePtr #cards 4 size 8 Array Of Cards #cards 32 size 80 Howl #buckets 8 coarsen threshold 7372 Howl Bitmap #cards 1024 size 144 coarsen threshold 921 Card regions per heap region 1 cards per card region 8192
 CPUs: 12 total, 12 available
 Memory: 32563M
 Large Page Support: Disabled
 NUMA Support: Disabled
 Compressed Oops: Enabled (Zero based)
 Heap Region Size: 4M
 Heap Min Capacity: 8M
 Heap Initial Capacity: 8M
 Heap Max Capacity: 8144M
 Pre-touch: Disabled
 Parallel Workers: 10
 Concurrent Workers: 3
 Concurrent Refinement Workers: 10
 Periodic GC: Disabled

Heap:
 garbage-first heap   total reserved 8339456K, committed 20480K, used 6139K [0x0000000603000000, 0x0000000800000000)
  region size 4M, 1 eden (4M), 1 survivor (4M), 2 old (8M), 0 humongous (0M), 1 free (4M)

Heap Regions: E=young(eden), S=young(survivor), O=old, HS=humongous(starts), HC=humongous(continues), CS=collection set, F=free, TAMS=top-at-mark-start, PB=parsable bottom
|    0|0x0000000603000000, 0x0000000603007dc0, 0x0000000603400000|  0%| O|  |TAMS 0x0000000603000000| PB 0x0000000603000000| Untracked |  0
|    1|0x0000000603400000, 0x00000006035f70f0, 0x0000000603800000| 49%| S|CS|TAMS 0x0000000603400000| PB 0x0000000603400000| Complete  |  0
|    2|0x0000000603800000, 0x0000000603800000, 0x0000000603c00000|  0%| F|  |TAMS 0x0000000603800000| PB 0x0000000603800000| Untracked |  0
| 2034|0x00000007ff800000, 0x00000007ffc00000, 0x00000007ffc00000|100%| O|  |TAMS 0x00000007ff800000| PB 0x00000007ff800000| Untracked |  0
| 2035|0x00000007ffc00000, 0x00000007fffbd4b8, 0x0000000800000000| 93%| E|CS|TAMS 0x00000007ffc00000| PB 0x00000007ffc00000| Complete  |  0

Card table byte_map: [0x000001ea7a410000,0x000001ea7b400000] _byte_map_base: 0x000001ea773f8000
Refinement table byte_map: [0x000001ea7b400000,0x000001ea7c3f0000] _byte_map_base: 0x000001ea783e8000

Marking Bits: (CMBitMap*) 0x000001ea6115b620
 Bits: [0x000001ea00000000, 0x000001ea07f40000)

Polling page: 0x000001ea5ef40000

Metaspace:
Metaspace        used 20697K, committed 20864K, reserved 1114112K
 class space     used 2280K, committed 2368K, reserved 1048576K

Usage:
  Non-class:     17.98 MB used.
      Class:      2.23 MB used.
       Both:     20.21 MB used.

Virtual space:
  Non-class space:       64.00 MB reserved,      18.06 MB ( 28%) committed,  1 nodes.
      Class space:        1.00 GB reserved,       2.31 MB ( <1%) committed,  1 nodes.
             Both:        1.06 GB reserved,      20.38 MB (  2%) committed. 

Chunk freelists:
   Non-Class:  13.00 MB
       Class:  13.59 MB
        Both:  26.59 MB

MaxMetaspaceSize: unlimited
CompressedClassSpaceSize: 1.00 GB
Initial GC threshold: 21.00 MB
Current GC threshold: 21.00 MB
CDS: on
 - commit_granule_bytes: 65536.
 - commit_granule_words: 8192.
 - virtual_space_node_default_size: 8388608.
 - enlarge_chunks_in_place: 1.
UseCompressedClassPointers 1, UseCompactObjectHeaders 0
Narrow klass pointer bits 32, Max shift 3
Narrow klass base: 0x0000000094000000, Narrow klass shift: 0
Encoding Range: [0x0000000094000000 - 0x0000000194000000), (4294967296 bytes)
Klass Range:    [0x0000000094000000 - 0x00000000d5000000), (1090519040 bytes)
Klass ID Range:  [8 - 1090519033) (1090519025)
Protection zone: [0x0000000094000000 - 0x0000000094010000), (65536 bytes)


Internal statistics:

num_allocs_failed_limit: 0.
num_arena_births: 172.
num_arena_deaths: 0.
num_vsnodes_births: 2.
num_vsnodes_deaths: 0.
num_space_committed: 326.
num_space_uncommitted: 0.
num_chunks_returned_to_freelist: 0.
num_chunks_taken_from_freelist: 380.
num_chunk_merges: 0.
num_chunk_splits: 201.
num_chunks_enlarged: 103.
num_inconsistent_stats: 0.

CodeHeap 'non-profiled nmethods': size=120064Kb used=1525Kb max_used=1525Kb free=118538Kb
 bounds [0x000001ea71870000, 0x000001ea71ae0000, 0x000001ea78db0000]
CodeHeap 'profiled nmethods': size=120064Kb used=6074Kb max_used=6074Kb free=113989Kb
 bounds [0x000001ea69d90000, 0x000001ea6a380000, 0x000001ea712d0000]
CodeHeap 'non-nmethods': size=5760Kb used=1682Kb max_used=1834Kb free=4077Kb
 bounds [0x000001ea712d0000, 0x000001ea71540000, 0x000001ea71870000]
CodeCache: size=245888Kb, used=9281Kb, max_used=9433Kb, free=236604Kb
 total_blobs=4870, nmethods=4072, adapters=702, full_count=0
Compilation: enabled, stopped_count=0, restarted_count=0

Compilation events (20 events):
Event: 256.639 Thread 0x000001ea7ed04d60 4063   !   3       sun.swing.DefaultLookup::get (137 bytes)
Event: 256.639 Thread 0x000001ea7ed04d60 nmethod 4063 0x000001ea6a37bd08 code [0x000001ea6a37be00, 0x000001ea6a37cc20]
Event: 256.640 Thread 0x000001ea7ecf1400 4064       4       sun.java2d.SunGraphics2D::setRenderingHint (543 bytes)
Event: 256.640 Thread 0x000001ea7ed04d60 4065       3       sun.java2d.loops.ProcessPath::FillPolygon (675 bytes)
Event: 256.641 Thread 0x000001ea7ed04d60 nmethod 4065 0x000001ea6a37cc88 code [0x000001ea6a37cd80, 0x000001ea6a37e918]
Event: 256.642 Thread 0x000001ea7ecf1400 nmethod 4064 0x000001ea719e6308 code [0x000001ea719e6400, 0x000001ea719e6d98]
Event: 290.117 Thread 0x000001ea7ecf1400 4066   !   4       java.lang.Object::wait (59 bytes)
Event: 290.118 Thread 0x000001ea7ecf1400 nmethod 4066 0x000001ea719e6e08 code [0x000001ea719e6f00, 0x000001ea719e6ff0]
Event: 308.961 Thread 0x000001ea7ecf1400 4067       4       java.awt.Window::dispatchEventImpl (23 bytes)
Event: 309.006 Thread 0x000001ea7ecf1400 nmethod 4067 0x000001ea719e7108 code [0x000001ea719e7200, 0x000001ea719eb2d0]
Event: 309.537 Thread 0x000001ea7ecf1400 4068   !   4       sun.awt.GlobalCursorManager$NativeUpdater::run (43 bytes)
Event: 309.542 Thread 0x000001ea7ecf1400 nmethod 4068 0x000001ea719eb308 code [0x000001ea719eb400, 0x000001ea719ebf80]
Event: 361.267 Thread 0x000001ea7ecf1400 4069       4       java.util.ArrayList::toArray (57 bytes)
Event: 361.270 Thread 0x000001ea7ecf1400 nmethod 4069 0x000001ea719ec008 code [0x000001ea719ec100, 0x000001ea719ec730]
Event: 375.332 Thread 0x000001ea7ecf1400 4070       4       java.util.ArrayList::toArray (57 bytes)
Event: 375.336 Thread 0x000001ea7ecf1400 nmethod 4070 0x000001ea719ec788 code [0x000001ea719ec880, 0x000001ea719ecfa0]
Event: 396.993 Thread 0x000001ea7ecf1400 4071       4       sun.java2d.StateTrackableDelegate$1::isCurrent (17 bytes)
Event: 396.994 Thread 0x000001ea7ecf1400 nmethod 4071 0x000001ea719ed008 code [0x000001ea719ed100, 0x000001ea719ed190]
Event: 398.188 Thread 0x000001ea7ecf1400 4072       4       sun.java2d.d3d.D3DSurfaceData$D3DWindowSurfaceData::isDirty (18 bytes)
Event: 398.188 Thread 0x000001ea7ecf1400 nmethod 4072 0x000001ea719ed308 code [0x000001ea719ed400, 0x000001ea719ed4d0]

GC Heap Usage History (20 events):
Event: 0.238 {heap Before GC invocations=0 (full 0):
 garbage-first heap   total reserved 8339456K, committed 12288K, used 1183K [0x0000000603000000, 0x0000000800000000)
  region size 4M, 1 eden (4M), 0 survivor (0M), 1 old (4M), 0 humongous (0M), 1 free (4M)
}
Event: 0.240 {heap After GC invocations=1 (full 0):
 garbage-first heap   total reserved 8339456K, committed 12288K, used 2247K [0x0000000603000000, 0x0000000800000000)
  region size 4M, 0 eden (0M), 1 survivor (4M), 1 old (4M), 0 humongous (0M), 1 free (4M)
}
Event: 0.317 {heap Before GC invocations=1 (full 0):
 garbage-first heap   total reserved 8339456K, committed 12288K, used 6343K [0x0000000603000000, 0x0000000800000000)
  region size 4M, 1 eden (4M), 1 survivor (4M), 1 old (4M), 0 humongous (0M), 0 free (0M)
}
Event: 0.318 {heap After GC invocations=2 (full 0):
 garbage-first heap   total reserved 8339456K, committed 16384K, used 2685K [0x0000000603000000, 0x0000000800000000)
  region size 4M, 0 eden (0M), 1 survivor (4M), 1 old (4M), 0 humongous (0M), 2 free (8M)
}
Event: 23.964 {heap Before GC invocations=3 (full 0):
 garbage-first heap   total reserved 8339456K, committed 16384K, used 6781K [0x0000000603000000, 0x0000000800000000)
  region size 4M, 1 eden (4M), 1 survivor (4M), 1 old (4M), 0 humongous (0M), 1 free (4M)
}
Event: 23.965 {heap After GC invocations=4 (full 0):
 garbage-first heap   total reserved 8339456K, committed 16384K, used 3261K [0x0000000603000000, 0x0000000800000000)
  region size 4M, 0 eden (0M), 1 survivor (4M), 1 old (4M), 0 humongous (0M), 2 free (8M)
}
Event: 24.357 {heap Before GC invocations=4 (full 0):
 garbage-first heap   total reserved 8339456K, committed 16384K, used 7357K [0x0000000603000000, 0x0000000800000000)
  region size 4M, 1 eden (4M), 1 survivor (4M), 1 old (4M), 0 humongous (0M), 1 free (4M)
}
Event: 24.359 {heap After GC invocations=5 (full 0):
 garbage-first heap   total reserved 8339456K, committed 20480K, used 4085K [0x0000000603000000, 0x0000000800000000)
  region size 4M, 0 eden (0M), 1 survivor (4M), 1 old (4M), 0 humongous (0M), 3 free (12M)
}
Event: 24.664 {heap Before GC invocations=5 (full 0):
 garbage-first heap   total reserved 8339456K, committed 20480K, used 4085K [0x0000000603000000, 0x0000000800000000)
  region size 4M, 1 eden (4M), 1 survivor (4M), 1 old (4M), 0 humongous (0M), 2 free (8M)
}
Event: 24.666 {heap After GC invocations=6 (full 0):
 garbage-first heap   total reserved 8339456K, committed 20480K, used 5272K [0x0000000603000000, 0x0000000800000000)
  region size 4M, 0 eden (0M), 1 survivor (4M), 1 old (4M), 0 humongous (0M), 3 free (12M)
}
Event: 25.590 {heap Before GC invocations=6 (full 0):
 garbage-first heap   total reserved 8339456K, committed 20480K, used 9368K [0x0000000603000000, 0x0000000800000000)
  region size 4M, 1 eden (4M), 1 survivor (4M), 1 old (4M), 0 humongous (0M), 2 free (8M)
}
Event: 25.592 {heap After GC invocations=7 (full 0):
 garbage-first heap   total reserved 8339456K, committed 20480K, used 6029K [0x0000000603000000, 0x0000000800000000)
  region size 4M, 0 eden (0M), 1 survivor (4M), 1 old (4M), 0 humongous (0M), 3 free (12M)
}
Event: 60.552 {heap Before GC invocations=7 (full 0):
 garbage-first heap   total reserved 8339456K, committed 20480K, used 10125K [0x0000000603000000, 0x0000000800000000)
  region size 4M, 1 eden (4M), 1 survivor (4M), 1 old (4M), 0 humongous (0M), 2 free (8M)
}
Event: 60.554 {heap After GC invocations=8 (full 0):
 garbage-first heap   total reserved 8339456K, committed 20480K, used 6106K [0x0000000603000000, 0x0000000800000000)
  region size 4M, 0 eden (0M), 1 survivor (4M), 2 old (8M), 0 humongous (0M), 2 free (8M)
}
Event: 106.769 {heap Before GC invocations=8 (full 0):
 garbage-first heap   total reserved 8339456K, committed 20480K, used 10202K [0x0000000603000000, 0x0000000800000000)
  region size 4M, 1 eden (4M), 1 survivor (4M), 2 old (8M), 0 humongous (0M), 1 free (4M)
}
Event: 106.770 {heap After GC invocations=9 (full 0):
 garbage-first heap   total reserved 8339456K, committed 20480K, used 6137K [0x0000000603000000, 0x0000000800000000)
  region size 4M, 0 eden (0M), 1 survivor (4M), 2 old (8M), 0 humongous (0M), 2 free (8M)
}
Event: 166.096 {heap Before GC invocations=9 (full 0):
 garbage-first heap   total reserved 8339456K, committed 20480K, used 10233K [0x0000000603000000, 0x0000000800000000)
  region size 4M, 1 eden (4M), 1 survivor (4M), 2 old (8M), 0 humongous (0M), 1 free (4M)
}
Event: 166.097 {heap After GC invocations=10 (full 0):
 garbage-first heap   total reserved 8339456K, committed 20480K, used 6272K [0x0000000603000000, 0x0000000800000000)
  region size 4M, 0 eden (0M), 1 survivor (4M), 2 old (8M), 0 humongous (0M), 2 free (8M)
}
Event: 207.218 {heap Before GC invocations=10 (full 0):
 garbage-first heap   total reserved 8339456K, committed 20480K, used 10368K [0x0000000603000000, 0x0000000800000000)
  region size 4M, 1 eden (4M), 1 survivor (4M), 2 old (8M), 0 humongous (0M), 1 free (4M)
}
Event: 207.219 {heap After GC invocations=11 (full 0):
 garbage-first heap   total reserved 8339456K, committed 20480K, used 6139K [0x0000000603000000, 0x0000000800000000)
  region size 4M, 0 eden (0M), 1 survivor (4M), 2 old (8M), 0 humongous (0M), 2 free (8M)
}

Metaspace Usage History (20 events):
Event: 0.238 {metaspace Before GC invocations=0 (full 0):
 Metaspace       used 4408K, committed 4608K, reserved 1114112K
  class space    used 416K, committed 512K, reserved 1048576K
}
Event: 0.240 {metaspace After GC invocations=1 (full 0):
 Metaspace       used 4408K, committed 4608K, reserved 1114112K
  class space    used 416K, committed 512K, reserved 1048576K
}
Event: 0.317 {metaspace Before GC invocations=1 (full 0):
 Metaspace       used 7899K, committed 8128K, reserved 1114112K
  class space    used 942K, committed 1024K, reserved 1048576K
}
Event: 0.318 {metaspace After GC invocations=2 (full 0):
 Metaspace       used 7899K, committed 8128K, reserved 1114112K
  class space    used 942K, committed 1024K, reserved 1048576K
}
Event: 23.964 {metaspace Before GC invocations=3 (full 0):
 Metaspace       used 10929K, committed 11136K, reserved 1114112K
  class space    used 1245K, committed 1344K, reserved 1048576K
}
Event: 23.965 {metaspace After GC invocations=4 (full 0):
 Metaspace       used 10929K, committed 11136K, reserved 1114112K
  class space    used 1245K, committed 1344K, reserved 1048576K
}
Event: 24.357 {metaspace Before GC invocations=4 (full 0):
 Metaspace       used 13639K, committed 13888K, reserved 1114112K
  class space    used 1548K, committed 1664K, reserved 1048576K
}
Event: 24.359 {metaspace After GC invocations=5 (full 0):
 Metaspace       used 13639K, committed 13888K, reserved 1114112K
  class space    used 1548K, committed 1664K, reserved 1048576K
}
Event: 24.664 {metaspace Before GC invocations=5 (full 0):
 Metaspace       used 17514K, committed 17728K, reserved 1114112K
  class space    used 2028K, committed 2112K, reserved 1048576K
}
Event: 24.666 {metaspace After GC invocations=6 (full 0):
 Metaspace       used 17514K, committed 17728K, reserved 1114112K
  class space    used 2028K, committed 2112K, reserved 1048576K
}
Event: 25.590 {metaspace Before GC invocations=6 (full 0):
 Metaspace       used 18609K, committed 18816K, reserved 1114112K
  class space    used 2152K, committed 2240K, reserved 1048576K
}
Event: 25.592 {metaspace After GC invocations=7 (full 0):
 Metaspace       used 18609K, committed 18816K, reserved 1114112K
  class space    used 2152K, committed 2240K, reserved 1048576K
}
Event: 60.552 {metaspace Before GC invocations=7 (full 0):
 Metaspace       used 19356K, committed 19584K, reserved 1114112K
  class space    used 2186K, committed 2304K, reserved 1048576K
}
Event: 60.554 {metaspace After GC invocations=8 (full 0):
 Metaspace       used 19356K, committed 19584K, reserved 1114112K
  class space    used 2186K, committed 2304K, reserved 1048576K
}
Event: 106.769 {metaspace Before GC invocations=8 (full 0):
 Metaspace       used 19667K, committed 19904K, reserved 1114112K
  class space    used 2199K, committed 2304K, reserved 1048576K
}
Event: 106.770 {metaspace After GC invocations=9 (full 0):
 Metaspace       used 19667K, committed 19904K, reserved 1114112K
  class space    used 2199K, committed 2304K, reserved 1048576K
}
Event: 166.096 {metaspace Before GC invocations=9 (full 0):
 Metaspace       used 20485K, committed 20672K, reserved 1114112K
  class space    used 2278K, committed 2368K, reserved 1048576K
}
Event: 166.097 {metaspace After GC invocations=10 (full 0):
 Metaspace       used 20485K, committed 20672K, reserved 1114112K
  class space    used 2278K, committed 2368K, reserved 1048576K
}
Event: 207.218 {metaspace Before GC invocations=10 (full 0):
 Metaspace       used 20607K, committed 20800K, reserved 1114112K
  class space    used 2278K, committed 2368K, reserved 1048576K
}
Event: 207.219 {metaspace After GC invocations=11 (full 0):
 Metaspace       used 20607K, committed 20800K, reserved 1114112K
  class space    used 2278K, committed 2368K, reserved 1048576K
}

Dll operation events (20 events):
Event: 0.055 Attempting to load shared library C:\Users\usuario\.jdks\openjdk-26.0.1\bin\nio.dll
Event: 0.055 Loaded shared library C:\Users\usuario\.jdks\openjdk-26.0.1\bin\nio.dll
Event: 0.059 Attempting to load shared library C:\Users\usuario\.jdks\openjdk-26.0.1\bin\zip.dll
Event: 0.059 Loaded shared library C:\Users\usuario\.jdks\openjdk-26.0.1\bin\zip.dll
Event: 0.072 Attempting to load shared library C:\Users\usuario\.jdks\openjdk-26.0.1\bin\jimage.dll
Event: 0.072 Loaded shared library C:\Users\usuario\.jdks\openjdk-26.0.1\bin\jimage.dll
Event: 0.075 Attempting to load shared library C:\Users\usuario\.jdks\openjdk-26.0.1\bin\awt.dll
Event: 0.076 Loaded shared library C:\Users\usuario\.jdks\openjdk-26.0.1\bin\awt.dll
Event: 0.076 Attempting to load shared library C:\Users\usuario\.jdks\openjdk-26.0.1\bin\extnet.dll
Event: 0.076 Loaded shared library C:\Users\usuario\.jdks\openjdk-26.0.1\bin\extnet.dll
Event: 0.326 Attempting to load shared library C:\Users\usuario\.jdks\openjdk-26.0.1\bin\freetype.dll
Event: 0.326 Loaded shared library C:\Users\usuario\.jdks\openjdk-26.0.1\bin\freetype.dll
Event: 0.327 Attempting to load shared library C:\Users\usuario\.jdks\openjdk-26.0.1\bin\fontmanager.dll
Event: 0.327 Loaded shared library C:\Users\usuario\.jdks\openjdk-26.0.1\bin\fontmanager.dll
Event: 24.204 Attempting to load shared library C:\Users\usuario\.jdks\openjdk-26.0.1\bin\management.dll
Event: 24.204 Loaded shared library C:\Users\usuario\.jdks\openjdk-26.0.1\bin\management.dll
Event: 24.205 Attempting to load shared library C:\Users\usuario\.jdks\openjdk-26.0.1\bin\management_ext.dll
Event: 24.205 Loaded shared library C:\Users\usuario\.jdks\openjdk-26.0.1\bin\management_ext.dll
Event: 24.372 Attempting to load shared library C:\Users\usuario\.jdks\openjdk-26.0.1\bin\sunmscapi.dll
Event: 24.373 Loaded shared library C:\Users\usuario\.jdks\openjdk-26.0.1\bin\sunmscapi.dll

Deoptimization events (20 events):
Event: 252.153 Thread 0x000001ea0c766180 Uncommon trap: trap_request=0xffffff5e fr.pc=0x000001ea719dad6c relative=0x0000000000002e6c
Event: 252.153 Thread 0x000001ea0c766180 Uncommon trap: reason=speculate_class_check action=maybe_recompile pc=0x000001ea719dad6c method=java.awt.Container.findComponentAt(IIZ)Ljava/awt/Component; @ 9 c2
Event: 252.153 Thread 0x000001ea0c766180 DEOPT PACKING pc=0x000001ea719dad6c sp=0x0000002615ffe1c0
Event: 252.153 Thread 0x000001ea0c766180 DEOPT UNPACKING pc=0x000001ea713f2282 sp=0x0000002615ffde00 mode 2
Event: 252.401 Thread 0x000001ea0c766180 Uncommon trap: trap_request=0xffffff5e fr.pc=0x000001ea719e48c0 relative=0x00000000000007c0
Event: 252.401 Thread 0x000001ea0c766180 Uncommon trap: reason=speculate_class_check action=maybe_recompile pc=0x000001ea719e48c0 method=java.awt.Container.findComponentAt(IIZ)Ljava/awt/Component; @ 9 c2
Event: 252.401 Thread 0x000001ea0c766180 DEOPT PACKING pc=0x000001ea719e48c0 sp=0x0000002615ffe200
Event: 252.401 Thread 0x000001ea0c766180 DEOPT UNPACKING pc=0x000001ea713f2282 sp=0x0000002615ffe020 mode 2
Event: 252.409 Thread 0x000001ea0c766180 Uncommon trap: trap_request=0xffffff5e fr.pc=0x000001ea719e48c0 relative=0x00000000000007c0
Event: 252.409 Thread 0x000001ea0c766180 Uncommon trap: reason=speculate_class_check action=maybe_recompile pc=0x000001ea719e48c0 method=java.awt.Container.findComponentAt(IIZ)Ljava/awt/Component; @ 9 c2
Event: 252.409 Thread 0x000001ea0c766180 DEOPT PACKING pc=0x000001ea719e48c0 sp=0x0000002615ffe200
Event: 252.409 Thread 0x000001ea0c766180 DEOPT UNPACKING pc=0x000001ea713f2282 sp=0x0000002615ffe020 mode 2
Event: 252.417 Thread 0x000001ea0c766180 Uncommon trap: trap_request=0xffffffde fr.pc=0x000001ea719e31fc relative=0x00000000000000fc
Event: 252.417 Thread 0x000001ea0c766180 Uncommon trap: reason=class_check action=maybe_recompile pc=0x000001ea719e31fc method=jdk.internal.misc.Unsafe.allocateUninitializedArray(Ljava/lang/Class;I)Ljava/lang/Object; @ 51 c2
Event: 252.417 Thread 0x000001ea0c766180 DEOPT PACKING pc=0x000001ea719e31fc sp=0x0000002615ffd520
Event: 252.417 Thread 0x000001ea0c766180 DEOPT UNPACKING pc=0x000001ea713f2282 sp=0x0000002615ffd498 mode 2
Event: 361.375 Thread 0x000001ea15c74c00 Uncommon trap: trap_request=0xffffffdc fr.pc=0x000001ea719ec32c relative=0x000000000000022c
Event: 361.375 Thread 0x000001ea15c74c00 Uncommon trap: reason=class_check action=make_not_entrant pc=0x000001ea719ec32c method=java.util.ArrayList.toArray([Ljava/lang/Object;)[Ljava/lang/Object; @ 21 c2
Event: 361.375 Thread 0x000001ea15c74c00 DEOPT PACKING pc=0x000001ea719ec32c sp=0x00000026180ff220
Event: 361.375 Thread 0x000001ea15c74c00 DEOPT UNPACKING pc=0x000001ea713f2282 sp=0x00000026180ff1e0 mode 2

Classes loaded (20 events):
Event: 158.419 Loading class java/awt/SecondaryLoop done
Event: 158.419 Loading class java/awt/WaitDispatchSupport done
Event: 158.420 Loading class java/awt/WaitDispatchSupport$4
Event: 158.420 Loading class java/awt/WaitDispatchSupport$4 done
Event: 158.420 Loading class java/awt/WaitDispatchSupport$1
Event: 158.420 Loading class java/awt/WaitDispatchSupport$1 done
Event: 158.420 Loading class java/awt/WaitDispatchSupport$2
Event: 158.420 Loading class java/awt/WaitDispatchSupport$2 done
Event: 158.421 Loading class sun/awt/image/BufImgSurfaceManager
Event: 158.421 Loading class sun/awt/image/BufImgSurfaceManager done
Event: 158.422 Loading class sun/awt/image/BufImgSurfaceData
Event: 158.422 Loading class sun/awt/image/BufImgSurfaceData done
Event: 158.422 Loading class sun/awt/image/BufImgSurfaceData$ICMColorData
Event: 158.422 Loading class sun/awt/image/BufImgSurfaceData$ICMColorData done
Event: 160.385 Loading class sun/awt/SunToolkit$1
Event: 160.385 Loading class sun/awt/SunToolkit$1 done
Event: 160.389 Loading class java/awt/Window$1DisposeAction
Event: 160.389 Loading class java/awt/Window$1DisposeAction done
Event: 184.271 Loading class java/io/FileOutputStream$1
Event: 184.271 Loading class java/io/FileOutputStream$1 done

Classes unloaded (0 events):
No events

Classes redefined (0 events):
No events

Internal exceptions (20 events):
Event: 0.372 Thread 0x000001ea0c766180 Exception <a 'java/lang/NoSuchMethodError'{0x0000000603532608}: 'float java.lang.invoke.DelegatingMethodHandle$Holder.reinvoke_L(java.lang.Object, java.lang.Object, java.lang.Object, long)'> (0x0000000603532608) 
thrown [s\open\src\hotspot\share\interpreter\linkResolver.cpp, line 804]
Event: 0.406 Thread 0x000001ea0c75bce0 Exception <a 'java/lang/NoSuchMethodError'{0x0000000603570920}: 'void java.lang.invoke.DirectMethodHandle$Holder.invokeVirtual(java.lang.Object, java.lang.Object)'> (0x0000000603570920) 
thrown [s\open\src\hotspot\share\interpreter\linkResolver.cpp, line 804]
Event: 23.963 Thread 0x000001ea0c766180 Exception <a 'java/lang/NoSuchMethodError'{0x00000006037d1578}: 'java.lang.Object java.lang.invoke.DirectMethodHandle$Holder.invokeVirtual(java.lang.Object, java.lang.Object, java.lang.Object, java.lang.Object)'> (0x00000006037d1578) 
thrown [s\open\src\hotspot\share\interpreter\linkResolver.cpp, line 804]
Event: 23.963 Thread 0x000001ea0c766180 Exception <a 'java/lang/NoSuchMethodError'{0x00000006037e8a98}: 'void java.lang.invoke.DirectMethodHandle$Holder.invokeStatic(java.lang.Object, java.lang.Object, java.lang.Object, java.lang.Object)'> (0x00000006037e8a98) 
thrown [s\open\src\hotspot\share\interpreter\linkResolver.cpp, line 804]
Event: 24.328 Thread 0x000001ea0c766180 Exception <a 'sun/nio/fs/WindowsException'{0x0000000603a70850}> (0x0000000603a70850) 
thrown [s\open\src\hotspot\share\prims\jni.cpp, line 514]
Event: 24.346 Thread 0x000001ea0c766180 Exception <a 'java/lang/NoSuchMethodError'{0x0000000603b47a00}: 'java.lang.Object java.lang.invoke.DirectMethodHandle$Holder.invokeStaticInit(java.lang.Object, int, int, int, int)'> (0x0000000603b47a00) 
thrown [s\open\src\hotspot\share\interpreter\linkResolver.cpp, line 804]
Event: 24.360 Thread 0x000001ea0c766180 Exception <a 'java/lang/NoSuchMethodError'{0x00000007ffc15bf8}: 'java.lang.Object java.lang.invoke.DirectMethodHandle$Holder.invokeStaticInit(java.lang.Object, java.lang.Object, int, int, int, int)'> (0x00000007ffc15bf8) 
thrown [s\open\src\hotspot\share\interpreter\linkResolver.cpp, line 804]
Event: 24.381 Thread 0x000001ea0c766180 Exception <a 'java/lang/NoSuchMethodError'{0x00000007ffcaf430}: 'int java.lang.invoke.DirectMethodHandle$Holder.invokeStaticInit(java.lang.Object, java.lang.Object)'> (0x00000007ffcaf430) 
thrown [s\open\src\hotspot\share\interpreter\linkResolver.cpp, line 804]
Event: 24.381 Thread 0x000001ea0c766180 Exception <a 'java/lang/NoSuchMethodError'{0x00000007ffcc6240}: 'java.lang.Object java.lang.invoke.DirectMethodHandle$Holder.invokeStaticInit(java.lang.Object, int)'> (0x00000007ffcc6240) 
thrown [s\open\src\hotspot\share\interpreter\linkResolver.cpp, line 804]
Event: 24.528 Thread 0x000001ea0c766180 Exception <a 'java/lang/NoSuchMethodError'{0x00000007ffdf6a08}: 'java.lang.Object java.lang.invoke.Invokers$Holder.invoke_MT(java.lang.Object, java.lang.Object, java.lang.Object, java.lang.Object, java.lang.Object, java.lang.Object)'> (0x00000007ffdf6a08) 
thrown [s\open\src\hotspot\share\interpreter\linkResolver.cpp, line 804]
Event: 24.529 Thread 0x000001ea0c766180 Exception <a 'java/lang/NoSuchMethodError'{0x00000007ffdff9c8}: 'java.lang.Object java.lang.invoke.DirectMethodHandle$Holder.invokeStatic(java.lang.Object, java.lang.Object, int)'> (0x00000007ffdff9c8) 
thrown [s\open\src\hotspot\share\interpreter\linkResolver.cpp, line 804]
Event: 24.531 Thread 0x000001ea0c766180 Exception <a 'java/lang/NoSuchMethodError'{0x00000007ffe21508}: 'void java.lang.invoke.DelegatingMethodHandle$Holder.delegate(java.lang.Object, java.lang.Object, int, java.lang.Object)'> (0x00000007ffe21508) 
thrown [s\open\src\hotspot\share\interpreter\linkResolver.cpp, line 804]
Event: 24.656 Thread 0x000001ea0c766180 Exception <a 'java/lang/NoSuchMethodError'{0x00000007fff8fdd8}: 'java.lang.Object java.lang.invoke.DirectMethodHandle$Holder.newInvokeSpecial(java.lang.Object, java.lang.Object, java.lang.Object, int)'> (0x00000007fff8fdd8) 
thrown [s\open\src\hotspot\share\interpreter\linkResolver.cpp, line 804]
Event: 24.656 Thread 0x000001ea0c766180 Exception <a 'java/lang/NoSuchMethodError'{0x00000007fff98060}: 'java.lang.Object java.lang.invoke.Invokers$Holder.linkToTargetMethod(java.lang.Object, java.lang.Object, int, java.lang.Object)'> (0x00000007fff98060) 
thrown [s\open\src\hotspot\share\interpreter\linkResolver.cpp, line 804]
Event: 24.667 Thread 0x000001ea0c766180 Exception <a 'java/lang/NoSuchMethodError'{0x00000007ffc0de58}: 'java.lang.Object java.lang.invoke.DirectMethodHandle$Holder.invokeSpecialIFC(java.lang.Object, java.lang.Object, java.lang.Object, java.lang.Object)'> (0x00000007ffc0de58) 
thrown [s\open\src\hotspot\share\interpreter\linkResolver.cpp, line 804]
Event: 24.675 Thread 0x000001ea0c766180 Exception <a 'java/lang/NoSuchMethodError'{0x00000007ffca0890}: 'int java.lang.invoke.DirectMethodHandle$Holder.invokeInterface(java.lang.Object, java.lang.Object, int)'> (0x00000007ffca0890) 
thrown [s\open\src\hotspot\share\interpreter\linkResolver.cpp, line 804]
Event: 24.675 Thread 0x000001ea0c766180 Exception <a 'java/lang/IncompatibleClassChangeError'{0x00000007ffcccf38}: Found class java.lang.Object, but interface was expected> (0x00000007ffcccf38) 
thrown [s\open\src\hotspot\share\interpreter\linkResolver.cpp, line 871]
Event: 25.472 Thread 0x000001ea0c766180 Implicit null exception at 0x000001ea71910395 to 0x000001ea7191065c
Event: 48.588 Thread 0x000001ea0c766180 Implicit null exception at 0x000001ea7190db33 to 0x000001ea7190e37c
Event: 158.419 Thread 0x000001ea0c766180 Exception <a 'java/lang/NoSuchMethodError'{0x00000007ffe3f870}: 'int java.lang.invoke.DirectMethodHandle$Holder.invokeStatic(java.lang.Object)'> (0x00000007ffe3f870) 
thrown [s\open\src\hotspot\share\interpreter\linkResolver.cpp, line 804]

VM Operations (20 events):
Event: 158.394 Executing non-safepoint VM operation: HandshakeAllThreads (Deoptimize)
Event: 158.394 Executing non-safepoint VM operation: HandshakeAllThreads (Deoptimize) done
Event: 158.422 Executing non-safepoint VM operation: HandshakeAllThreads (Deoptimize)
Event: 158.422 Executing non-safepoint VM operation: HandshakeAllThreads (Deoptimize) done
Event: 166.096 Executing safepoint VM operation: G1CollectForAllocation (G1 Evacuation Pause)
Event: 166.097 Executing safepoint VM operation: G1CollectForAllocation (G1 Evacuation Pause) done
Event: 180.282 Executing non-safepoint VM operation: HandshakeAllThreads (DeflationHandshakeClosure)
Event: 180.282 Executing non-safepoint VM operation: HandshakeAllThreads (DeflationHandshakeClosure) done
Event: 180.282 Executing non-safepoint VM operation: RendezvousGCThreads
Event: 180.282 Executing non-safepoint VM operation: RendezvousGCThreads done
Event: 207.218 Executing safepoint VM operation: G1CollectForAllocation (G1 Evacuation Pause)
Event: 207.219 Executing safepoint VM operation: G1CollectForAllocation (G1 Evacuation Pause) done
Event: 240.365 Executing non-safepoint VM operation: HandshakeAllThreads (DeflationHandshakeClosure)
Event: 240.365 Executing non-safepoint VM operation: HandshakeAllThreads (DeflationHandshakeClosure) done
Event: 240.365 Executing non-safepoint VM operation: RendezvousGCThreads
Event: 240.365 Executing non-safepoint VM operation: RendezvousGCThreads done
Event: 300.455 Executing non-safepoint VM operation: HandshakeAllThreads (DeflationHandshakeClosure)
Event: 300.455 Executing non-safepoint VM operation: HandshakeAllThreads (DeflationHandshakeClosure) done
Event: 300.455 Executing non-safepoint VM operation: RendezvousGCThreads
Event: 300.455 Executing non-safepoint VM operation: RendezvousGCThreads done

Memory protections (0 events):
No events

Nmethod flushes (0 events):
No events

Events (20 events):
Event: 0.101 Thread 0x000001ea5edb1aa0 Thread added: 0x000001ea0c75a920
Event: 0.102 Thread 0x000001ea5edb1aa0 Thread added: 0x000001ea0c75bce0
Event: 0.112 Thread 0x000001ea5edb1aa0 Thread added: 0x000001ea0c766180
Event: 0.112 Thread 0x000001ea5edb1aa0 Thread exited: 0x000001ea5edb1aa0
Event: 0.112 Thread 0x000001ea5edb1aa0 Thread added: 0x000001ea5edb1aa0
Event: 0.411 Thread 0x000001ea0c766180 Thread added: 0x000001ea15c74c00
Event: 0.453 Thread 0x000001ea0c766180 Thread added: 0x000001ea15861c40
Event: 24.355 Thread 0x000001ea7ecf1400 Thread added: 0x000001ea0c118330
Event: 24.414 Thread 0x000001ea7ecf1400 Thread added: 0x000001ea0c51a590
Event: 25.471 Thread 0x000001ea0c51a590 Thread exited: 0x000001ea0c51a590
Event: 25.471 Thread 0x000001ea0c118330 Thread exited: 0x000001ea0c118330
Event: 25.592 Thread 0x000001ea0c766180 Thread added: 0x000001ea15e21ec0
Event: 48.686 Thread 0x000001ea7ed04d60 Thread added: 0x000001ea15f0f0f0
Event: 48.863 Thread 0x000001ea15f0f0f0 Thread exited: 0x000001ea15f0f0f0
Event: 50.900 Thread 0x000001ea7ed04d60 Thread added: 0x000001ea22f58100
Event: 50.900 Thread 0x000001ea7ed04d60 Thread added: 0x000001ea0c4a0b00
Event: 51.077 Thread 0x000001ea0c4a0b00 Thread exited: 0x000001ea0c4a0b00
Event: 51.077 Thread 0x000001ea22f58100 Thread exited: 0x000001ea22f58100
Event: 158.396 Thread 0x000001ea0c766180 Thread added: 0x000001ea15e26510
Event: 163.400 Thread 0x000001ea15e26510 Thread exited: 0x000001ea15e26510


Dynamic libraries:
0x00007ff751e10000 - 0x00007ff751e1e000 	C:\Users\usuario\.jdks\openjdk-26.0.1\bin\java.exe
0x00007ffede280000 - 0x00007ffede4e7000 	C:\WINDOWS\SYSTEM32\ntdll.dll
0x00007ffedd120000 - 0x00007ffedd1e9000 	C:\WINDOWS\System32\KERNEL32.DLL
0x00007ffedb850000 - 0x00007ffedbc47000 	C:\WINDOWS\System32\KERNELBASE.dll
0x00007ffedb700000 - 0x00007ffedb84b000 	C:\WINDOWS\System32\ucrtbase.dll
0x00007ffecddb0000 - 0x00007ffecddc7000 	C:\Users\usuario\.jdks\openjdk-26.0.1\bin\jli.dll
0x00007ffecdef0000 - 0x00007ffecdf0e000 	C:\Users\usuario\.jdks\openjdk-26.0.1\bin\VCRUNTIME140.dll
0x00007ffedc2c0000 - 0x00007ffedc486000 	C:\WINDOWS\System32\USER32.dll
0x00007ffedbd10000 - 0x00007ffedbd37000 	C:\WINDOWS\System32\win32u.dll
0x00007ffec9c50000 - 0x00007ffec9ee2000 	C:\WINDOWS\WinSxS\amd64_microsoft.windows.common-controls_6595b64144ccf1df_6.0.26100.8457_none_3e0b2faee331e92d\COMCTL32.dll
0x00007ffedda10000 - 0x00007ffeddab9000 	C:\WINDOWS\System32\msvcrt.dll
0x00007ffedc580000 - 0x00007ffedc5ab000 	C:\WINDOWS\System32\GDI32.dll
0x00007ffedad60000 - 0x00007ffedae8c000 	C:\WINDOWS\System32\gdi32full.dll
0x00007ffedacb0000 - 0x00007ffedad53000 	C:\WINDOWS\System32\msvcp_win.dll
0x00007ffedc530000 - 0x00007ffedc562000 	C:\WINDOWS\System32\IMM32.DLL
0x00007ffecdda0000 - 0x00007ffecddac000 	C:\Users\usuario\.jdks\openjdk-26.0.1\bin\vcruntime140_1.dll
0x00007ffeac910000 - 0x00007ffeac99d000 	C:\Users\usuario\.jdks\openjdk-26.0.1\bin\msvcp140.dll
0x00007ffde4d10000 - 0x00007ffde5bde000 	C:\Users\usuario\.jdks\openjdk-26.0.1\bin\server\jvm.dll
0x00007ffedd220000 - 0x00007ffedd2d6000 	C:\WINDOWS\System32\ADVAPI32.dll
0x00007ffedc5b0000 - 0x00007ffedc657000 	C:\WINDOWS\System32\sechost.dll
0x00007ffedd2e0000 - 0x00007ffedd3f8000 	C:\WINDOWS\System32\RPCRT4.dll
0x00007ffedd980000 - 0x00007ffedda00000 	C:\WINDOWS\System32\WS2_32.dll
0x00007ffedab10000 - 0x00007ffedab6e000 	C:\WINDOWS\SYSTEM32\POWRPROF.dll
0x00007ffed1ed0000 - 0x00007ffed1f06000 	C:\WINDOWS\SYSTEM32\WINMM.dll
0x00007ffed0e60000 - 0x00007ffed0e6b000 	C:\WINDOWS\SYSTEM32\VERSION.dll
0x00007ffedaaf0000 - 0x00007ffedab04000 	C:\WINDOWS\SYSTEM32\UMPDC.dll
0x00007ffed9a40000 - 0x00007ffed9a5b000 	C:\WINDOWS\SYSTEM32\kernel.appcore.dll
0x00007ffecdd10000 - 0x00007ffecdd1a000 	C:\Users\usuario\.jdks\openjdk-26.0.1\bin\jimage.dll
0x00007ffed0f00000 - 0x00007ffed1142000 	C:\WINDOWS\SYSTEM32\DBGHELP.DLL
0x00007ffedca70000 - 0x00007ffedcdf3000 	C:\WINDOWS\System32\combase.dll
0x00007ffedc160000 - 0x00007ffedc239000 	C:\WINDOWS\System32\OLEAUT32.dll
0x00007ffec7b50000 - 0x00007ffec7b8b000 	C:\WINDOWS\SYSTEM32\dbgcore.DLL
0x00007ffedbdd0000 - 0x00007ffedbe78000 	C:\WINDOWS\System32\bcryptPrimitives.dll
0x00007ffecdf60000 - 0x00007ffecdf70000 	C:\Users\usuario\.jdks\openjdk-26.0.1\bin\instrument.dll
0x00007ffec0c00000 - 0x00007ffec0c1f000 	C:\Users\usuario\.jdks\openjdk-26.0.1\bin\java.dll
0x00007ffedce20000 - 0x00007ffedcfb7000 	C:\WINDOWS\System32\ole32.dll
0x00007ffeddac0000 - 0x00007ffede22e000 	C:\WINDOWS\System32\SHELL32.dll
0x00007ffedae90000 - 0x00007ffedb6fc000 	C:\WINDOWS\System32\windows.storage.dll
0x00007ffedc000000 - 0x00007ffedc0f6000 	C:\WINDOWS\System32\SHCORE.dll
0x00007ffedd890000 - 0x00007ffedd8f6000 	C:\WINDOWS\System32\shlwapi.dll
0x00007ffedabd0000 - 0x00007ffedabf9000 	C:\WINDOWS\SYSTEM32\profapi.dll
0x00007ffeb42a0000 - 0x00007ffeb42b7000 	C:\Users\usuario\.jdks\openjdk-26.0.1\bin\zip.dll
0x00007ffeb4330000 - 0x00007ffeb4342000 	C:\Users\usuario\.jdks\openjdk-26.0.1\bin\net.dll
0x00007ffed9fb0000 - 0x00007ffeda01c000 	C:\WINDOWS\system32\mswsock.dll
0x00007ffeb4310000 - 0x00007ffeb4326000 	C:\Users\usuario\.jdks\openjdk-26.0.1\bin\nio.dll
0x00007ffeac4f0000 - 0x00007ffeac674000 	C:\Users\usuario\.jdks\openjdk-26.0.1\bin\awt.dll
0x00007ffed86e0000 - 0x00007ffed8780000 	C:\WINDOWS\SYSTEM32\apphelp.dll
0x00007ffec6960000 - 0x00007ffec6969000 	C:\Users\usuario\.jdks\openjdk-26.0.1\bin\extnet.dll
0x00007ffed87f0000 - 0x00007ffed889a000 	C:\WINDOWS\system32\uxtheme.dll
0x00007ffedcfc0000 - 0x00007ffedd11c000 	C:\WINDOWS\System32\MSCTF.dll
0x00007ffed8a90000 - 0x00007ffed8abf000 	C:\WINDOWS\system32\DWMAPI.DLL
0x00007ffe588c0000 - 0x00007ffe589cf000 	C:\WINDOWS\system32\opengl32.dll
0x00007ffe58890000 - 0x00007ffe588bd000 	C:\WINDOWS\SYSTEM32\GLU32.dll
0x00007ffed88d0000 - 0x00007ffed8915000 	C:\WINDOWS\SYSTEM32\dxcore.dll
0x00007ffe4c2a0000 - 0x00007ffe4e9bb000 	C:\WINDOWS\System32\DriverStore\FileRepository\u0200690.inf_amd64_68df361886f7d87c\B026020\AMDXN64.DLL
0x00007ffedd400000 - 0x00007ffedd887000 	C:\WINDOWS\System32\SETUPAPI.dll
0x00007ffed8920000 - 0x00007ffed8a5e000 	C:\WINDOWS\SYSTEM32\dxgi.dll
0x00007ffedaba0000 - 0x00007ffedabca000 	C:\WINDOWS\SYSTEM32\BCrypt.dll
0x00007ffed03c0000 - 0x00007ffed03fc000 	C:\WINDOWS\System32\DriverStore\FileRepository\u0200690.inf_amd64_68df361886f7d87c\B026020\amdihk64.dll
0x00007ffeacaa0000 - 0x00007ffeacb2b000 	C:\Users\usuario\.jdks\openjdk-26.0.1\bin\freetype.dll
0x00007ffea5200000 - 0x00007ffea52ef000 	C:\Users\usuario\.jdks\openjdk-26.0.1\bin\fontmanager.dll
0x00007ffedc7d0000 - 0x00007ffedc87e000 	C:\WINDOWS\System32\clbcatq.dll
0x00007ffed6f30000 - 0x00007ffed715d000 	C:\WINDOWS\SYSTEM32\WindowsCodecs.dll
0x00007ffeb0e70000 - 0x00007ffeb0eca000 	C:\WINDOWS\system32\dataexchange.dll
0x00007ffecfd70000 - 0x00007ffecffbe000 	C:\WINDOWS\system32\twinapi.appcore.dll
0x00007ffec1f10000 - 0x00007ffec2056000 	C:\WINDOWS\SYSTEM32\textinputframework.dll
0x00007ffed82f0000 - 0x00007ffed8417000 	C:\WINDOWS\SYSTEM32\CoreMessaging.dll
0x00007ffed5bb0000 - 0x00007ffed5e92000 	C:\WINDOWS\SYSTEM32\CoreUIComponents.dll
0x00007ffed5890000 - 0x00007ffed59fa000 	C:\WINDOWS\SYSTEM32\wintypes.dll
0x00007ffeda2b0000 - 0x00007ffeda2bc000 	C:\WINDOWS\SYSTEM32\CRYPTBASE.DLL
0x00007ffed94e0000 - 0x00007ffed9612000 	C:\WINDOWS\SYSTEM32\DNSAPI.dll
0x00007ffed9450000 - 0x00007ffed9482000 	C:\WINDOWS\SYSTEM32\IPHLPAPI.DLL
0x00007ffedc570000 - 0x00007ffedc57a000 	C:\WINDOWS\System32\NSI.dll
0x00007ffed0e30000 - 0x00007ffed0e3b000 	C:\Windows\System32\rasadhlp.dll
0x00007ffed0b10000 - 0x00007ffed0b96000 	C:\WINDOWS\System32\fwpuclnt.dll
0x00007ffec5f00000 - 0x00007ffec5f0a000 	C:\Users\usuario\.jdks\openjdk-26.0.1\bin\management.dll
0x00007ffebdb10000 - 0x00007ffebdb1c000 	C:\Users\usuario\.jdks\openjdk-26.0.1\bin\management_ext.dll
0x00007ffedc660000 - 0x00007ffedc668000 	C:\WINDOWS\System32\PSAPI.DLL
0x00007ffeda290000 - 0x00007ffeda2ab000 	C:\WINDOWS\SYSTEM32\CRYPTSP.dll
0x00007ffed99a0000 - 0x00007ffed99d9000 	C:\WINDOWS\system32\rsaenh.dll
0x00007ffeda060000 - 0x00007ffeda093000 	C:\WINDOWS\SYSTEM32\USERENV.dll
0x00007ffecdd00000 - 0x00007ffecdd0e000 	C:\Users\usuario\.jdks\openjdk-26.0.1\bin\sunmscapi.dll
0x00007ffedbe80000 - 0x00007ffedbff8000 	C:\WINDOWS\System32\CRYPT32.dll
0x00007ffeda4b0000 - 0x00007ffeda4e0000 	C:\WINDOWS\SYSTEM32\ncrypt.dll
0x00007ffeda460000 - 0x00007ffeda49f000 	C:\WINDOWS\SYSTEM32\NTASN1.dll

JVMTI agents:
C:\Program Files\JetBrains\IntelliJ IDEA 2026.1\lib\idea_rt.jar path:C:\Users\usuario\.jdks\openjdk-26.0.1\bin\instrument.dll, loaded, initialized, instrumentlib options:56416

dbghelp: loaded successfully - version: 4.0.5 - missing functions: none
symbol engine: initialized successfully - sym options: 0x614 - pdb path: .;C:\Users\usuario\.jdks\openjdk-26.0.1\bin;C:\WINDOWS\SYSTEM32;C:\WINDOWS\WinSxS\amd64_microsoft.windows.common-controls_6595b64144ccf1df_6.0.26100.8457_none_3e0b2faee331e92d;C:\Users\usuario\.jdks\openjdk-26.0.1\bin\server;C:\WINDOWS\System32\DriverStore\FileRepository\u0200690.inf_amd64_68df361886f7d87c\B026020

VM Arguments:
jvm_args: -javaagent:C:\Program Files\JetBrains\IntelliJ IDEA 2026.1\lib\idea_rt.jar=56416 -Dfile.encoding=UTF-8 -Dsun.stdout.encoding=UTF-8 -Dsun.stderr.encoding=UTF-8 
java_command: db.Principal
java_class_path (initial): C:\Users\usuario\IdeaProjects\POO_parcial2\lib\postgresql-42.7.11 (1).jar;C:\Users\usuario\IdeaProjects\POO_parcial2;C:\Users\usuario\IdeaProjects\POO_parcial2\production\Futbol
Launcher Type: SUN_STANDARD

[Global flags]
     bool AOTAdapterCaching                        = false                                  {diagnostic} {ergonomic}
     bool AOTInvokeDynamicLinking                  = false                                  {diagnostic} {ergonomic}
     bool AOTRecordTraining                        = false                                  {diagnostic} {ergonomic}
     bool AOTReplayTraining                        = false                                  {diagnostic} {ergonomic}
     bool AOTStubCaching                           = false                                  {diagnostic} {ergonomic}
     intx CICompilerCount                          = 4                                         {product} {ergonomic}
     uint ConcGCThreads                            = 3                                         {product} {ergonomic}
     uint G1ConcRefinementThreads                  = 10                                        {product} {ergonomic}
     uint G1EagerReclaimRemSetThreshold            = 32                                   {experimental} {ergonomic}
   size_t G1HeapRegionSize                         = 4194304                                   {product} {ergonomic}
     uint G1RemSetArrayOfCardsEntries              = 32                                   {experimental} {ergonomic}
     uint G1RemSetHowlMaxNumBuckets                = 8                                    {experimental} {ergonomic}
     uint G1RemSetHowlNumBuckets                   = 8                                    {experimental} {ergonomic}
   size_t InitialHeapSize                          = 8388608                                   {product} {ergonomic}
     bool IntelJccErratumMitigation                = false                             {ARCH diagnostic} {ergonomic}
   size_t MarkStackSize                            = 4194304                                   {product} {ergonomic}
   size_t MarkStackSizeMax                         = 536870912                                 {product} {ergonomic}
   size_t MaxHeapSize                              = 8539602944                                {product} {ergonomic}
   size_t MaxNewSize                               = 5121245184                                {product} {ergonomic}
 uint64_t MaxRAM                                   = 34144825344                               {product} {ergonomic}
   size_t MinHeapDeltaBytes                        = 4194304                                   {product} {ergonomic}
   size_t MinHeapSize                              = 8388608                                   {product} {ergonomic}
   size_t NonNMethodCodeHeapSize                   = 5898240                                {pd product} {ergonomic}
   size_t NonProfiledCodeHeapSize                  = 122945536                              {pd product} {ergonomic}
   size_t ProfiledCodeHeapSize                     = 122945536                              {pd product} {ergonomic}
   size_t ReservedCodeCacheSize                    = 251789312                              {pd product} {ergonomic}
     bool SegmentedCodeCache                       = true                                      {product} {ergonomic}
   size_t SoftMaxHeapSize                          = 8539602944                             {manageable} {ergonomic}
     bool UseCompressedOops                        = true                           {product lp64_product} {ergonomic}
     bool UseCondCardMark                          = true                                      {product} {ergonomic}
     bool UseFastUnorderedTimeStamps               = true                                 {experimental} {ergonomic}
     bool UseG1GC                                  = true                                      {product} {ergonomic}
     bool UseLargePagesIndividualAllocation        = false                                  {pd product} {ergonomic}
      int X86ICacheSync                            = 3                                 {ARCH diagnostic} {ergonomic}

Logging:
Log output configuration:
 #0: stdout all=warning uptime,level,tags foldmultilines=false
 #1: stderr all=off uptime,level,tags foldmultilines=false

Release file:
IMPLEMENTOR="Oracle Corporation" 
JAVA_RUNTIME_VERSION="26.0.1+8-34" 
JAVA_VERSION="26.0.1" 
JAVA_VERSION_DATE="2026-04-21" 
LIBC="default" 
MODULES="java.base java.compiler java.datatransfer java.xml java.prefs java.desktop java.instrument java.logging java.management java.security.sasl java.naming java.rmi java.management.rmi java.net.http java.scripting java.security.jgss java.transaction.xa java.sql java.sql.rowset java.xml.crypto java.se java.smartcardio jdk.accessibility jdk.internal.jvmstat jdk.attach jdk.charsets jdk.internal.opt jdk.zipfs jdk.compiler jdk.crypto.cryptoki jdk.crypto.ec jdk.crypto.mscapi jdk.dynalink jdk.internal.ed jdk.editpad jdk.internal.vm.ci jdk.graal.compiler jdk.graal.compiler.management jdk.hotspot.agent jdk.httpserver jdk.incubator.vector jdk.internal.le jdk.internal.md jdk.jartool jdk.javadoc jdk.jcmd jdk.management jdk.management.agent jdk.jconsole jdk.jdeps jdk.jdwp.agent jdk.jdi jdk.jfr jdk.jlink jdk.jpackage jdk.jshell jdk.jstatd jdk.localedata jdk.management.jfr jdk.naming.dns jdk.naming.rmi jdk.net jdk.nio.mapmode jdk.sctp jdk.security.auth jdk.security.jgss jdk.unsupported jdk.unsupported.desktop jdk.xml.dom" 
OS_ARCH="x86_64" 
OS_NAME="Windows" 
SOURCE=".:git:fcc00fc4aee7" 

Environment Variables:
PATH=C:\Program Files\Common Files\Oracle\Java\javapath;C:\WINDOWS\system32;C:\WINDOWS;C:\WINDOWS\System32\Wbem;C:\WINDOWS\System32\WindowsPowerShell\v1.0\;C:\WINDOWS\System32\OpenSSH\;C:\Program Files\dotnet\;C:\Program Files\Git\cmd;C:\Users\usuario\AppData\Local\Microsoft\WindowsApps;C:\Users\usuario\AppData\Local\JetBrains\Toolbox\scripts;
USERNAME=usuario
OS=Windows_NT
PROCESSOR_IDENTIFIER=AMD64 Family 25 Model 80 Stepping 0, AuthenticAMD
TMP=C:\Users\usuario\AppData\Local\Temp
TEMP=C:\Users\usuario\AppData\Local\Temp




Compilation memory statistics disabled.

Periodic native trim disabled

---------------  S Y S T E M  ---------------

OS:
 Windows 11 , 64 bit Build 26100 (10.0.26100.8328)
OS uptime: 0 days 3:28 hours

CPU: total 12 (initial active 12) (6 cores per cpu, 2 threads per core) family 25 model 80 stepping 0 microcode 0xa500014, cx8, cmov, fxsr, ht, mmx, 3dnowpref, sse, sse2, sse3, ssse3, sse4a, sse4.1, sse4.2, popcnt, lzcnt, tsc, tscinvbit, avx, avx2, aes, erms, clmul, bmi1, bmi2, adx, sha, fma, vzeroupper, clflush, clflushopt, clwb, rdtscp, rdpid, fsrm, f16c, pku, cet_ss
Processor Information for the first 12 processors :
  Max Mhz: 3901, Current Mhz: 3901, Mhz Limit: 3901

Memory: 4k page, system-wide physical 32563M (18769M free)
TotalPageFile size 34611M (AvailPageFile size 18410M)
current process WorkingSet (physical memory assigned to process): 153M, peak: 218M
current process commit charge ("private bytes"): 215M, peak: 301M

vm_info: OpenJDK 64-Bit Server VM (26.0.1+8-34) for windows-amd64 JRE (26.0.1+8-34), built on 2026-03-10T17:24:10Z with MS VC++ 17.13 (VS2022)

END.
